CustomerId,BalanceTier,SalaryRank,MismatchFlag,IsPremium,AtRiskPremium
15634602,Zero Balance,2,High Salary / Low Balance (Wallet-Share Risk),False,False
15647311,Low Balance,2,Aligned,False,False
15619304,High Balance,2,Aligned,False,False
15701354,Zero Balance,1,Aligned,False,False
15737888,Medium Balance,1,Aligned,False,False
15574012,Low Balance,3,High Salary / Low Balance (Wallet-Share Risk),False,False
15592531,Zero Balance,0,Aligned,False,False
15656148,Low Balance,2,Aligned,False,False
15792365,High Balance,1,High Balance / Low Salary (Unusual Profile),False,False
15592389,Medium Balance,1,Aligned,False,False
15767821,Low Balance,1,Aligned,False,False
15737173,Zero Balance,1,Aligned,False,False
15632264,Zero Balance,0,Aligned,False,False
15691483,Zero Balance,3,High Salary / Low Balance (Wallet-Share Risk),False,False
15600882,Zero Balance,1,Aligned,False,False
15643966,High Balance,1,High Balance / Low Salary (Unusual Profile),False,False
15737452,Medium Balance,0,High Balance / Low Salary (Unusual Profile),False,False
15788218,Zero Balance,0,Aligned,False,False
15661507,Zero Balance,3,High Salary / Low Balance (Wallet-Share Risk),False,False
15568982,Zero Balance,1,Aligned,False,False
15577657,Zero Balance,3,High Salary / Low Balance (Wallet-Share Risk),False,False
15597945,Zero Balance,2,High Salary / Low Balance (Wallet-Share Risk),False,False
15699309,Zero Balance,2,High Salary / Low Balance (Wallet-Share Risk),False,False
15725737,Zero Balance,0,Aligned,False,False
15625047,Zero Balance,3,High Salary / Low Balance (Wallet-Share Risk),False,False
15738191,Zero Balance,2,High Salary / Low Balance (Wallet-Share Risk),False,False
15736816,Medium Balance,3,Aligned,False,False
15700772,Zero Balance,0,Aligned,False,False
15728693,High Balance,1,High Balance / Low Salary (Unusual Profile),False,False
15656300,Low Balance,1,Aligned,False,False
15589475,Zero Balance,2,High Salary / Low Balance (Wallet-Share Risk),False,False
15706552,Low Balance,3,High Salary / Low Balance (Wallet-Share Risk),False,False
15750181,Low Balance,1,Aligned,False,False
15659428,Zero Balance,0,Aligned,False,False
15732963,Zero Balance,2,High Salary / Low Balance (Wallet-Share Risk),False,False
15794171,Medium Balance,0,High Balance / Low Salary (Unusual Profile),False,False
15788448,High Balance,2,Aligned,False,False
15729599,Low Balance,1,Aligned,False,False
15717426,Zero Balance,0,Aligned,False,False
15585768,Low Balance,3,High Salary / Low Balance (Wallet-Share Risk),False,False
15619360,Zero Balance,1,Aligned,False,False
15738148,Medium Balance,3,Aligned,False,False
15687946,Low Balance,1,Aligned,False,False
15755196,Medium Balance,3,Aligned,False,False
15684171,High Balance,3,Aligned,True,False
15754849,Low Balance,2,Aligned,False,False
15602280,Low Balance,2,Aligned,False,False
15771573,Medium Balance,2,Aligned,False,False
15766205,Low Balance,1,Aligned,False,False
15771873,Low Balance,3,High Salary / Low Balance (Wallet-Share Risk),False,False
15616550,Low Balance,3,High Salary / Low Balance (Wallet-Share Risk),False,False
15768193,High Balance,1,High Balance / Low Salary (Unusual Profile),False,False
15683553,Zero Balance,2,High Salary / Low Balance (Wallet-Share Risk),False,False
15702298,Medium Balance,3,Aligned,False,False
15569590,Low Balance,0,Aligned,False,False
15760861,Medium Balance,2,Aligned,False,False
15630053,Medium Balance,1,Aligned,False,False
15647091,Low Balance,0,Aligned,False,False
15623944,Zero Balance,0,Aligned,False,False
15804771,Low Balance,0,Aligned,False,False
15651280,Medium Balance,1,Aligned,False,False
15773469,High Balance,2,Aligned,False,False
15702014,Low Balance,3,High Salary / Low Balance (Wallet-Share Risk),False,False
15751208,Low Balance,1,Aligned,False,False
15592461,Low Balance,1,Aligned,False,False
15789484,High Balance,0,High Balance / Low Salary (Unusual Profile),False,False
15696061,Low Balance,2,Aligned,False,False
15641582,Medium Balance,3,Aligned,False,False
15638424,High Balance,2,Aligned,False,False
15755648,Low Balance,0,Aligned,False,False
15703793,Medium Balance,0,High Balance / Low Salary (Unusual Profile),False,False
15620344,Zero Balance,0,Aligned,False,False
15812518,High Balance,0,High Balance / Low Salary (Unusual Profile),False,False
15779052,High Balance,1,High Balance / Low Salary (Unusual Profile),False,False
15770811,Zero Balance,2,High Salary / Low Balance (Wallet-Share Risk),False,False
15780961,High Balance,0,High Balance / Low Salary (Unusual Profile),False,False
15614049,Zero Balance,2,High Salary / Low Balance (Wallet-Share Risk),False,False
15662085,Zero Balance,2,High Salary / Low Balance (Wallet-Share Risk),False,False
15575185,Low Balance,3,High Salary / Low Balance (Wallet-Share Risk),False,False
15803136,Medium Balance,1,Aligned,False,False
15706021,Low Balance,3,High Salary / Low Balance (Wallet-Share Risk),False,False
15663706,Zero Balance,2,High Salary / Low Balance (Wallet-Share Risk),False,False
15641732,Zero Balance,0,Aligned,False,False
15701164,Low Balance,3,High Salary / Low Balance (Wallet-Share Risk),False,False
15738751,Zero Balance,0,Aligned,False,False
15805254,Zero Balance,2,High Salary / Low Balance (Wallet-Share Risk),False,False
15762418,Medium Balance,2,Aligned,False,False
15625759,Zero Balance,3,High Salary / Low Balance (Wallet-Share Risk),False,False
15622897,Zero Balance,1,Aligned,False,False
15767954,Low Balance,3,High Salary / Low Balance (Wallet-Share Risk),False,False
15757535,Zero Balance,3,High Salary / Low Balance (Wallet-Share Risk),False,False
15731511,Low Balance,2,Aligned,False,False
15809248,Zero Balance,2,High Salary / Low Balance (Wallet-Share Risk),False,False
15640635,Zero Balance,3,High Salary / Low Balance (Wallet-Share Risk),False,False
15676966,Zero Balance,1,Aligned,False,False
15699461,High Balance,2,Aligned,False,False
15738721,Low Balance,1,Aligned,False,False
15693683,Low Balance,3,High Salary / Low Balance (Wallet-Share Risk),False,False
15604348,Zero Balance,1,Aligned,False,False
15633059,Zero Balance,0,Aligned,False,False
15808582,Zero Balance,3,High Salary / Low Balance (Wallet-Share Risk),False,False
15743192,Zero Balance,3,High Salary / Low Balance (Wallet-Share Risk),False,False
15580146,Low Balance,0,Aligned,False,False
15776605,Zero Balance,1,Aligned,False,False
15804919,Zero Balance,3,High Salary / Low Balance (Wallet-Share Risk),False,False
15613854,Low Balance,0,Aligned,False,False
15599195,Low Balance,0,Aligned,False,False
15812878,Low Balance,0,Aligned,False,False
15602312,High Balance,1,High Balance / Low Salary (Unusual Profile),False,False
15744689,Low Balance,1,Aligned,False,False
15803526,Low Balance,1,Aligned,False,False
15665790,Low Balance,0,Aligned,False,False
15715951,Low Balance,1,Aligned,False,False
15591100,Low Balance,0,Aligned,False,False
15609618,High Balance,2,Aligned,False,False
15675522,Medium Balance,1,Aligned,False,False
15705512,High Balance,2,Aligned,False,False
15698028,Zero Balance,0,Aligned,False,False
15661670,Low Balance,3,High Salary / Low Balance (Wallet-Share Risk),False,False
15600781,High Balance,2,Aligned,False,False
15682472,Medium Balance,0,High Balance / Low Salary (Unusual Profile),False,False
15580203,Medium Balance,1,Aligned,False,False
15690673,Zero Balance,2,High Salary / Low Balance (Wallet-Share Risk),False,False
15760085,Medium Balance,3,Aligned,False,False
15779659,Zero Balance,3,High Salary / Low Balance (Wallet-Share Risk),False,False
15627360,High Balance,2,Aligned,False,False
15671137,Zero Balance,0,Aligned,False,False
15782688,High Balance,0,High Balance / Low Salary (Unusual Profile),False,False
15575492,Zero Balance,3,High Salary / Low Balance (Wallet-Share Risk),False,False
15591607,Low Balance,3,High Salary / Low Balance (Wallet-Share Risk),False,False
15740404,Zero Balance,2,High Salary / Low Balance (Wallet-Share Risk),False,False
15718369,Medium Balance,2,Aligned,False,False
15677871,Medium Balance,0,High Balance / Low Salary (Unusual Profile),False,False
15642004,Zero Balance,0,Aligned,False,False
15712543,Medium Balance,2,Aligned,False,False
15584518,High Balance,0,High Balance / Low Salary (Unusual Profile),False,False
15802381,Low Balance,3,High Salary / Low Balance (Wallet-Share Risk),False,False
15610156,Medium Balance,1,Aligned,False,False
15594408,High Balance,1,High Balance / Low Salary (Unusual Profile),False,False
15640905,Medium Balance,0,High Balance / Low Salary (Unusual Profile),False,False
15698932,Medium Balance,3,Aligned,False,False
15724944,Zero Balance,3,High Salary / Low Balance (Wallet-Share Risk),False,False
15628145,Medium Balance,3,Aligned,False,False
15713483,Zero Balance,3,High Salary / Low Balance (Wallet-Share Risk),False,False
15612350,Low Balance,2,Aligned,False,False
15800703,Low Balance,1,Aligned,False,False
15705707,Medium Balance,2,Aligned,False,False
15754105,Low Balance,0,Aligned,False,False
15703264,Medium Balance,1,Aligned,False,False
15794413,Zero Balance,0,Aligned,False,False
15650237,Zero Balance,1,Aligned,False,False
15759618,Zero Balance,3,High Salary / Low Balance (Wallet-Share Risk),False,False
15811589,Zero Balance,3,High Salary / Low Balance (Wallet-Share Risk),False,False
15689044,Medium Balance,1,Aligned,False,False
15709368,Zero Balance,2,High Salary / Low Balance (Wallet-Share Risk),False,False
15679145,Zero Balance,0,Aligned,False,False
15655007,Zero Balance,1,Aligned,False,False
15623595,Zero Balance,1,Aligned,False,False
15589975,Low Balance,2,Aligned,False,False
15804017,Medium Balance,2,Aligned,False,False
15692132,Low Balance,1,Aligned,False,False
15641122,Zero Balance,1,Aligned,False,False
15630910,Low Balance,0,Aligned,False,False
15680772,Zero Balance,2,High Salary / Low Balance (Wallet-Share Risk),False,False
15658929,Medium Balance,1,Aligned,False,False
15585388,Medium Balance,2,Aligned,False,False
15724623,Low Balance,3,High Salary / Low Balance (Wallet-Share Risk),False,False
15588537,Low Balance,3,High Salary / Low Balance (Wallet-Share Risk),False,False
15574692,Zero Balance,0,Aligned,False,False
15611325,Low Balance,1,Aligned,False,False
15587562,Medium Balance,3,Aligned,False,False
15613172,Low Balance,3,High Salary / Low Balance (Wallet-Share Risk),False,False
15651022,Medium Balance,0,High Balance / Low Salary (Unusual Profile),False,False
15586310,High Balance,2,Aligned,False,False
15625524,Zero Balance,2,High Salary / Low Balance (Wallet-Share Risk),False,False
15755209,Medium Balance,0,High Balance / Low Salary (Unusual Profile),False,False
15645248,Zero Balance,2,High Salary / Low Balance (Wallet-Share Risk),False,False
15790355,High Balance,3,Aligned,True,True
15762615,Low Balance,1,Aligned,False,False
15625426,High Balance,0,High Balance / Low Salary (Unusual Profile),False,False
15716334,Medium Balance,0,High Balance / Low Salary (Unusual Profile),False,False
15789669,Zero Balance,0,Aligned,False,False
15621075,High Balance,3,Aligned,True,True
15810845,Zero Balance,1,Aligned,False,False
15719377,Zero Balance,0,Aligned,False,False
15654506,Zero Balance,1,Aligned,False,False
15771977,Low Balance,3,High Salary / Low Balance (Wallet-Share Risk),False,False
15708710,Zero Balance,2,High Salary / Low Balance (Wallet-Share Risk),False,False
15726676,Zero Balance,3,High Salary / Low Balance (Wallet-Share Risk),False,False
15587421,Low Balance,2,Aligned,False,False
15726931,Low Balance,1,Aligned,False,False
15771086,Low Balance,0,Aligned,False,False
15756850,Zero Balance,2,High Salary / Low Balance (Wallet-Share Risk),False,False
15702741,Low Balance,1,Aligned,False,False
15679200,Low Balance,2,Aligned,False,False
15594815,High Balance,0,High Balance / Low Salary (Unusual Profile),False,False
15635905,Zero Balance,0,Aligned,False,False
15777892,Low Balance,3,High Salary / Low Balance (Wallet-Share Risk),False,False
15656176,Zero Balance,0,Aligned,False,False
15811127,Low Balance,0,Aligned,False,False
15604482,High Balance,0,High Balance / Low Salary (Unusual Profile),False,False
15622911,Low Balance,2,Aligned,False,False
15600974,Zero Balance,2,High Salary / Low Balance (Wallet-Share Risk),False,False
15727868,Medium Balance,0,High Balance / Low Salary (Unusual Profile),False,False
15627801,High Balance,1,High Balance / Low Salary (Unusual Profile),False,False
15773039,Zero Balance,3,High Salary / Low Balance (Wallet-Share Risk),False,False
15755262,Low Balance,3,High Salary / Low Balance (Wallet-Share Risk),False,False
15679531,Medium Balance,3,Aligned,False,False
15684181,Zero Balance,2,High Salary / Low Balance (Wallet-Share Risk),False,False
15612087,Low Balance,3,High Salary / Low Balance (Wallet-Share Risk),False,False
15752047,High Balance,3,Aligned,True,True
15624592,Zero Balance,3,High Salary / Low Balance (Wallet-Share Risk),False,False
15573152,Zero Balance,1,Aligned,False,False
15594917,Low Balance,0,Aligned,False,False
15785542,Low Balance,1,Aligned,False,False
15723488,Low Balance,3,High Salary / Low Balance (Wallet-Share Risk),False,False
15680920,Low Balance,2,Aligned,False,False
15786308,Zero Balance,3,High Salary / Low Balance (Wallet-Share Risk),False,False
15659366,Low Balance,0,Aligned,False,False
15774854,Zero Balance,0,Aligned,False,False
15725311,Low Balance,1,Aligned,False,False
15787155,Zero Balance,2,High Salary / Low Balance (Wallet-Share Risk),False,False
15727829,Zero Balance,3,High Salary / Low Balance (Wallet-Share Risk),False,False
15733247,Zero Balance,0,Aligned,False,False
15568748,Low Balance,2,Aligned,False,False
15699029,High Balance,3,Aligned,True,True
15774393,Zero Balance,0,Aligned,False,False
15676895,Low Balance,1,Aligned,False,False
15637753,Low Balance,1,Aligned,False,False
15605461,Medium Balance,1,Aligned,False,False
15808473,Zero Balance,2,High Salary / Low Balance (Wallet-Share Risk),False,False
15627000,Zero Balance,1,Aligned,False,False
15787174,Zero Balance,3,High Salary / Low Balance (Wallet-Share Risk),False,False
15723886,Low Balance,3,High Salary / Low Balance (Wallet-Share Risk),False,False
15704769,Low Balance,1,Aligned,False,False
15772896,Low Balance,0,Aligned,False,False
15711540,Zero Balance,2,High Salary / Low Balance (Wallet-Share Risk),False,False
15764866,Low Balance,1,Aligned,False,False
15794056,Zero Balance,1,Aligned,False,False
15795149,Low Balance,3,High Salary / Low Balance (Wallet-Share Risk),False,False
15812009,Zero Balance,2,High Salary / Low Balance (Wallet-Share Risk),False,False
15651001,Low Balance,2,Aligned,False,False
15813844,Low Balance,1,Aligned,False,False
15596175,Low Balance,0,Aligned,False,False
15576269,Zero Balance,1,Aligned,False,False
15797219,Medium Balance,2,Aligned,False,False
15685500,High Balance,1,High Balance / Low Salary (Unusual Profile),False,False
15599792,Zero Balance,3,High Salary / Low Balance (Wallet-Share Risk),False,False
15657566,Low Balance,3,High Salary / Low Balance (Wallet-Share Risk),False,False
15772423,Medium Balance,2,Aligned,False,False
15628112,Low Balance,1,Aligned,False,False
15753754,Zero Balance,1,Aligned,False,False
15793726,Zero Balance,3,High Salary / Low Balance (Wallet-Share Risk),False,False
15694717,Low Balance,1,Aligned,False,False
15665834,Zero Balance,3,High Salary / Low Balance (Wallet-Share Risk),False,False
15765297,Zero Balance,0,Aligned,False,False
15636684,Zero Balance,3,High Salary / Low Balance (Wallet-Share Risk),False,False
15592979,Low Balance,3,High Salary / Low Balance (Wallet-Share Risk),False,False
15750803,Medium Balance,0,High Balance / Low Salary (Unusual Profile),False,False
15607178,Low Balance,2,Aligned,False,False
15713853,Low Balance,1,Aligned,False,False
15673481,Low Balance,1,Aligned,False,False
15686776,High Balance,0,High Balance / Low Salary (Unusual Profile),False,False
15673693,Low Balance,2,Aligned,False,False
15700696,Low Balance,0,Aligned,False,False
15813163,Low Balance,2,Aligned,False,False
15653857,Zero Balance,2,High Salary / Low Balance (Wallet-Share Risk),False,False
15777076,Zero Balance,0,Aligned,False,False
15717398,Zero Balance,1,Aligned,False,False
15799217,Low Balance,3,High Salary / Low Balance (Wallet-Share Risk),False,False
15787071,Zero Balance,3,High Salary / Low Balance (Wallet-Share Risk),False,False
15619955,Low Balance,0,Aligned,False,False
15796505,High Balance,3,Aligned,True,False
15725166,Zero Balance,0,Aligned,False,False
15800116,High Balance,1,High Balance / Low Salary (Unusual Profile),False,False
15758685,Zero Balance,2,High Salary / Low Balance (Wallet-Share Risk),False,False
15694456,Zero Balance,0,Aligned,False,False
15767339,Zero Balance,3,High Salary / Low Balance (Wallet-Share Risk),False,False
15683562,Low Balance,3,High Salary / Low Balance (Wallet-Share Risk),False,False
15782210,Zero Balance,3,High Salary / Low Balance (Wallet-Share Risk),False,False
15668893,Zero Balance,0,Aligned,False,False
15669169,Zero Balance,1,Aligned,False,False
15643024,Medium Balance,0,High Balance / Low Salary (Unusual Profile),False,False
15699389,Low Balance,0,Aligned,False,False
15708608,High Balance,3,Aligned,True,False
15626144,Low Balance,0,Aligned,False,False
15573112,Low Balance,3,High Salary / Low Balance (Wallet-Share Risk),False,False
15790678,Low Balance,2,Aligned,False,False
15727556,High Balance,3,Aligned,True,False
15697307,Zero Balance,1,Aligned,False,False
15652266,Low Balance,2,Aligned,False,False
15607098,Low Balance,3,High Salary / Low Balance (Wallet-Share Risk),False,False
15655774,Zero Balance,1,Aligned,False,False
15590241,Low Balance,3,High Salary / Low Balance (Wallet-Share Risk),False,False
15785819,Zero Balance,2,High Salary / Low Balance (Wallet-Share Risk),False,False
15723654,Medium Balance,1,Aligned,False,False
15774510,Medium Balance,2,Aligned,False,False
15684173,Zero Balance,3,High Salary / Low Balance (Wallet-Share Risk),False,False
15650068,High Balance,3,Aligned,True,False
15811490,Zero Balance,2,High Salary / Low Balance (Wallet-Share Risk),False,False
15803976,Zero Balance,3,High Salary / Low Balance (Wallet-Share Risk),False,False
15682541,Medium Balance,0,High Balance / Low Salary (Unusual Profile),False,False
15695699,Zero Balance,0,Aligned,False,False
15624188,Zero Balance,3,High Salary / Low Balance (Wallet-Share Risk),False,False
15812191,Low Balance,1,Aligned,False,False
15636673,Low Balance,0,Aligned,False,False
15594898,Zero Balance,3,High Salary / Low Balance (Wallet-Share Risk),False,False
15660211,High Balance,0,High Balance / Low Salary (Unusual Profile),False,False
15773972,Medium Balance,2,Aligned,False,False
15746726,Low Balance,0,Aligned,False,False
15712287,Zero Balance,3,High Salary / Low Balance (Wallet-Share Risk),False,False
15702919,Low Balance,2,Aligned,False,False
15674398,Zero Balance,3,High Salary / Low Balance (Wallet-Share Risk),False,False
15797960,Medium Balance,3,Aligned,False,False
15631868,High Balance,1,High Balance / Low Salary (Unusual Profile),False,False
15581539,Zero Balance,1,Aligned,False,False
15662736,High Balance,2,Aligned,False,False
15666252,Zero Balance,0,Aligned,False,False
15677512,Zero Balance,1,Aligned,False,False
15626114,Low Balance,0,Aligned,False,False
15810834,High Balance,1,High Balance / Low Salary (Unusual Profile),False,False
15678910,High Balance,0,High Balance / Low Salary (Unusual Profile),False,False
15694408,Medium Balance,3,Aligned,False,False
15585215,Zero Balance,0,Aligned,False,False
15682757,Zero Balance,2,High Salary / Low Balance (Wallet-Share Risk),False,False
15736601,High Balance,2,Aligned,False,False
15601848,Zero Balance,2,High Salary / Low Balance (Wallet-Share Risk),False,False
15736008,Low Balance,2,Aligned,False,False
15669064,High Balance,3,Aligned,True,False
15624528,Low Balance,1,Aligned,False,False
15598493,Zero Balance,1,Aligned,False,False
15601274,High Balance,0,High Balance / Low Salary (Unusual Profile),False,False
15702669,Low Balance,2,Aligned,False,False
15728669,Low Balance,3,High Salary / Low Balance (Wallet-Share Risk),False,False
15742668,Low Balance,0,Aligned,False,False
15697441,High Balance,2,Aligned,False,False
15740476,High Balance,3,Aligned,True,False
15648064,Zero Balance,0,Aligned,False,False
15636624,High Balance,0,High Balance / Low Salary (Unusual Profile),False,False
15807923,Low Balance,0,Aligned,False,False
15745844,Medium Balance,1,Aligned,False,False
15786170,Low Balance,3,High Salary / Low Balance (Wallet-Share Risk),False,False
15681081,Zero Balance,0,Aligned,False,False
15684484,Zero Balance,2,High Salary / Low Balance (Wallet-Share Risk),False,False
15785869,Zero Balance,0,Aligned,False,False
15763859,Zero Balance,1,Aligned,False,False
15658935,Low Balance,2,Aligned,False,False
15747358,High Balance,0,High Balance / Low Salary (Unusual Profile),False,False
15735203,Low Balance,2,Aligned,False,False
15576256,Zero Balance,2,High Salary / Low Balance (Wallet-Share Risk),False,False
15659420,Low Balance,2,Aligned,False,False
15593365,Low Balance,0,Aligned,False,False
15777352,High Balance,1,High Balance / Low Salary (Unusual Profile),False,False
15812007,Zero Balance,1,Aligned,False,False
15625461,High Balance,2,Aligned,False,False
15739438,Zero Balance,3,High Salary / Low Balance (Wallet-Share Risk),False,False
15611759,Medium Balance,2,Aligned,False,False
15661629,Medium Balance,3,Aligned,False,False
15633950,Low Balance,2,Aligned,False,False
15592386,Zero Balance,0,Aligned,False,False
15803716,Zero Balance,3,High Salary / Low Balance (Wallet-Share Risk),False,False
15696674,High Balance,0,High Balance / Low Salary (Unusual Profile),False,False
15706365,Low Balance,3,High Salary / Low Balance (Wallet-Share Risk),False,False
15745088,Low Balance,0,Aligned,False,False
15676715,Zero Balance,3,High Salary / Low Balance (Wallet-Share Risk),False,False
15613085,Zero Balance,3,High Salary / Low Balance (Wallet-Share Risk),False,False
15633537,Low Balance,3,High Salary / Low Balance (Wallet-Share Risk),False,False
15594720,Low Balance,3,High Salary / Low Balance (Wallet-Share Risk),False,False
15684042,Low Balance,1,Aligned,False,False
15583303,High Balance,0,High Balance / Low Salary (Unusual Profile),False,False
15611579,High Balance,0,High Balance / Low Salary (Unusual Profile),False,False
15774696,Low Balance,2,Aligned,False,False
15694506,Low Balance,3,High Salary / Low Balance (Wallet-Share Risk),False,False
15688074,Medium Balance,3,Aligned,False,False
15759537,Low Balance,3,High Salary / Low Balance (Wallet-Share Risk),False,False
15758449,Zero Balance,0,Aligned,False,False
15583456,Low Balance,2,Aligned,False,False
15667871,High Balance,2,Aligned,False,False
15677371,Low Balance,0,Aligned,False,False
15629677,Zero Balance,3,High Salary / Low Balance (Wallet-Share Risk),False,False
15713578,Zero Balance,2,High Salary / Low Balance (Wallet-Share Risk),False,False
15591509,Low Balance,2,Aligned,False,False
15568240,Low Balance,2,Aligned,False,False
15622993,Medium Balance,2,Aligned,False,False
15689294,Low Balance,1,Aligned,False,False
15720910,Zero Balance,0,Aligned,False,False
15721181,Zero Balance,0,Aligned,False,False
15776433,Zero Balance,3,High Salary / Low Balance (Wallet-Share Risk),False,False
15748936,Zero Balance,3,High Salary / Low Balance (Wallet-Share Risk),False,False
15717225,High Balance,0,High Balance / Low Salary (Unusual Profile),False,False
15685226,High Balance,1,High Balance / Low Salary (Unusual Profile),False,False
15785611,High Balance,1,High Balance / Low Salary (Unusual Profile),False,False
15573456,Medium Balance,1,Aligned,False,False
15684548,Zero Balance,0,Aligned,False,False
15620505,Low Balance,1,Aligned,False,False
15807432,Medium Balance,3,Aligned,False,False
15584766,Low Balance,0,Aligned,False,False
15612187,High Balance,1,High Balance / Low Salary (Unusual Profile),False,False
15762218,Zero Balance,2,High Salary / Low Balance (Wallet-Share Risk),False,False
15646372,Medium Balance,3,Aligned,False,False
15690452,Low Balance,2,Aligned,False,False
15747795,Medium Balance,3,Aligned,False,False
15781589,Zero Balance,3,High Salary / Low Balance (Wallet-Share Risk),False,False
15732674,Low Balance,1,Aligned,False,False
15642291,Zero Balance,2,High Salary / Low Balance (Wallet-Share Risk),False,False
15692761,Zero Balance,0,Aligned,False,False
15578045,High Balance,3,Aligned,True,True
15745354,Zero Balance,2,High Salary / Low Balance (Wallet-Share Risk),False,False
15701376,High Balance,3,Aligned,True,False
15691625,Medium Balance,2,Aligned,False,False
15566594,Zero Balance,2,High Salary / Low Balance (Wallet-Share Risk),False,False
15760431,Zero Balance,1,Aligned,False,False
15686302,Medium Balance,2,Aligned,False,False
15801559,High Balance,3,Aligned,True,False
15810432,Zero Balance,3,High Salary / Low Balance (Wallet-Share Risk),False,False
15809616,Zero Balance,3,High Salary / Low Balance (Wallet-Share Risk),False,False
15720559,Low Balance,0,Aligned,False,False
15695632,Low Balance,1,Aligned,False,False
15659843,Zero Balance,2,High Salary / Low Balance (Wallet-Share Risk),False,False
15615624,Zero Balance,3,High Salary / Low Balance (Wallet-Share Risk),False,False
15810418,Low Balance,1,Aligned,False,False
15716186,Zero Balance,1,Aligned,False,False
15674551,Low Balance,0,Aligned,False,False
15622834,Zero Balance,2,High Salary / Low Balance (Wallet-Share Risk),False,False
15566111,Zero Balance,0,Aligned,False,False
15784597,High Balance,1,High Balance / Low Salary (Unusual Profile),False,False
15652883,Medium Balance,2,Aligned,False,False
15806964,Low Balance,0,Aligned,False,False
15576313,Low Balance,1,Aligned,False,False
15806467,Low Balance,2,Aligned,False,False
15597602,Medium Balance,1,Aligned,False,False
15743040,Medium Balance,3,Aligned,False,False
15705521,Low Balance,0,Aligned,False,False
15595039,Low Balance,2,Aligned,False,False
15799384,Zero Balance,1,Aligned,False,False
15581197,Low Balance,1,Aligned,False,False
15693737,Low Balance,2,Aligned,False,False
15624623,Low Balance,2,Aligned,False,False
15783501,High Balance,1,High Balance / Low Salary (Unusual Profile),False,False
15690134,Low Balance,3,High Salary / Low Balance (Wallet-Share Risk),False,False
15782735,Zero Balance,1,Aligned,False,False
15611088,Zero Balance,1,Aligned,False,False
15672145,Medium Balance,1,Aligned,False,False
15732628,Medium Balance,2,Aligned,False,False
15787470,Low Balance,2,Aligned,False,False
15803406,Low Balance,3,High Salary / Low Balance (Wallet-Share Risk),False,False
15730460,Zero Balance,2,High Salary / Low Balance (Wallet-Share Risk),False,False
15644572,Medium Balance,2,Aligned,False,False
15694860,Low Balance,2,Aligned,False,False
15658169,Medium Balance,2,Aligned,False,False
15794396,High Balance,0,High Balance / Low Salary (Unusual Profile),False,False
15785798,Zero Balance,2,High Salary / Low Balance (Wallet-Share Risk),False,False
15710825,Low Balance,0,Aligned,False,False
15668444,Medium Balance,1,Aligned,False,False
15726631,Medium Balance,1,Aligned,False,False
15733797,Zero Balance,3,High Salary / Low Balance (Wallet-Share Risk),False,False
15747960,Zero Balance,0,Aligned,False,False
15634632,Zero Balance,1,Aligned,False,False
15707362,Low Balance,3,High Salary / Low Balance (Wallet-Share Risk),False,False
15662976,Zero Balance,3,High Salary / Low Balance (Wallet-Share Risk),False,False
15732778,Low Balance,3,High Salary / Low Balance (Wallet-Share Risk),False,False
15718443,Zero Balance,0,Aligned,False,False
15670039,Low Balance,2,Aligned,False,False
15773792,Medium Balance,0,High Balance / Low Salary (Unusual Profile),False,False
15613786,Zero Balance,3,High Salary / Low Balance (Wallet-Share Risk),False,False
15726032,Low Balance,1,Aligned,False,False
15663252,Zero Balance,0,Aligned,False,False
15593782,Medium Balance,1,Aligned,False,False
15633283,Zero Balance,1,Aligned,False,False
15749167,Zero Balance,3,High Salary / Low Balance (Wallet-Share Risk),False,False
15759298,Medium Balance,3,Aligned,False,False
15683625,High Balance,0,High Balance / Low Salary (Unusual Profile),False,False
15635367,Low Balance,0,Aligned,False,False
15681705,Zero Balance,1,Aligned,False,False
15603156,Zero Balance,2,High Salary / Low Balance (Wallet-Share Risk),False,False
15591986,High Balance,0,High Balance / Low Salary (Unusual Profile),False,False
15798888,Low Balance,3,High Salary / Low Balance (Wallet-Share Risk),False,False
15809722,Low Balance,2,Aligned,False,False
15677538,Zero Balance,2,High Salary / Low Balance (Wallet-Share Risk),False,False
15797736,Low Balance,0,Aligned,False,False
15695585,High Balance,3,Aligned,True,False
15744398,Zero Balance,3,High Salary / Low Balance (Wallet-Share Risk),False,False
15750658,Zero Balance,2,High Salary / Low Balance (Wallet-Share Risk),False,False
15578186,Low Balance,2,Aligned,False,False
15676519,Zero Balance,3,High Salary / Low Balance (Wallet-Share Risk),False,False
15637954,High Balance,1,High Balance / Low Salary (Unusual Profile),False,False
15758639,Zero Balance,1,Aligned,False,False
15613772,Medium Balance,0,High Balance / Low Salary (Unusual Profile),False,False
15731744,Zero Balance,2,High Salary / Low Balance (Wallet-Share Risk),False,False
15807709,High Balance,1,High Balance / Low Salary (Unusual Profile),False,False
15714689,Low Balance,3,High Salary / Low Balance (Wallet-Share Risk),False,False
15699005,High Balance,0,High Balance / Low Salary (Unusual Profile),False,False
15624170,Low Balance,2,Aligned,False,False
15725679,Zero Balance,3,High Salary / Low Balance (Wallet-Share Risk),False,False
15585865,High Balance,2,Aligned,False,False
15804256,Low Balance,1,Aligned,False,False
15662403,High Balance,2,Aligned,False,False
15733616,Low Balance,2,Aligned,False,False
15591995,Medium Balance,2,Aligned,False,False
15677020,Zero Balance,2,High Salary / Low Balance (Wallet-Share Risk),False,False
15727688,Zero Balance,1,Aligned,False,False
15715941,Zero Balance,1,Aligned,False,False
15714485,Low Balance,1,Aligned,False,False
15730059,Low Balance,2,Aligned,False,False
15715527,Zero Balance,3,High Salary / Low Balance (Wallet-Share Risk),False,False
15576623,Zero Balance,0,Aligned,False,False
15805565,Low Balance,0,Aligned,False,False
15677307,Medium Balance,3,Aligned,False,False
15773890,Zero Balance,2,High Salary / Low Balance (Wallet-Share Risk),False,False
15598883,Zero Balance,2,High Salary / Low Balance (Wallet-Share Risk),False,False
15568506,Low Balance,3,High Salary / Low Balance (Wallet-Share Risk),False,False
15761043,Low Balance,1,Aligned,False,False
15782236,Zero Balance,1,Aligned,False,False
15593601,Medium Balance,0,High Balance / Low Salary (Unusual Profile),False,False
15682048,Medium Balance,1,Aligned,False,False
15746902,Zero Balance,1,Aligned,False,False
15752081,Zero Balance,1,Aligned,False,False
15781307,Medium Balance,2,Aligned,False,False
15775912,Low Balance,3,High Salary / Low Balance (Wallet-Share Risk),False,False
15745417,Low Balance,2,Aligned,False,False
15671256,High Balance,3,Aligned,True,True
15653547,Medium Balance,2,Aligned,False,False
15595766,Low Balance,2,Aligned,False,False
15742358,Low Balance,2,Aligned,False,False
15763274,Medium Balance,1,Aligned,False,False
15786063,Zero Balance,2,High Salary / Low Balance (Wallet-Share Risk),False,False
15600258,Zero Balance,3,High Salary / Low Balance (Wallet-Share Risk),False,False
15573318,Zero Balance,3,High Salary / Low Balance (Wallet-Share Risk),False,False
15653849,High Balance,0,High Balance / Low Salary (Unusual Profile),False,False
15694272,Low Balance,1,Aligned,False,False
15736112,Low Balance,0,Aligned,False,False
15749851,Medium Balance,1,Aligned,False,False
15663478,Low Balance,1,Aligned,False,False
15592300,Low Balance,1,Aligned,False,False
15567832,Low Balance,1,Aligned,False,False
15776780,Zero Balance,1,Aligned,False,False
15592846,Medium Balance,1,Aligned,False,False
15739803,Zero Balance,2,High Salary / Low Balance (Wallet-Share Risk),False,False
15794142,Low Balance,0,Aligned,False,False
15762729,Low Balance,1,Aligned,False,False
15667896,High Balance,2,Aligned,False,False
15626578,Zero Balance,3,High Salary / Low Balance (Wallet-Share Risk),False,False
15776223,Low Balance,2,Aligned,False,False
15705953,High Balance,2,Aligned,False,False
15802593,Zero Balance,1,Aligned,False,False
15615457,Low Balance,2,Aligned,False,False
15708916,Zero Balance,0,Aligned,False,False
15720187,High Balance,0,High Balance / Low Salary (Unusual Profile),False,False
15595440,Medium Balance,1,Aligned,False,False
15600651,Zero Balance,0,Aligned,False,False
15750141,Low Balance,0,Aligned,False,False
15657284,Low Balance,0,Aligned,False,False
15763063,Medium Balance,2,Aligned,False,False
15709324,Zero Balance,1,Aligned,False,False
15711309,Medium Balance,3,Aligned,False,False
15775318,High Balance,3,Aligned,True,False
15705515,Medium Balance,3,Aligned,False,False
15634844,Low Balance,3,High Salary / Low Balance (Wallet-Share Risk),False,False
15717046,Zero Balance,0,Aligned,False,False
15571816,Zero Balance,0,Aligned,False,False
15670080,Low Balance,2,Aligned,False,False
15800440,High Balance,1,High Balance / Low Salary (Unusual Profile),False,False
15665678,High Balance,1,High Balance / Low Salary (Unusual Profile),False,False
15665956,Zero Balance,1,Aligned,False,False
15788126,Medium Balance,0,High Balance / Low Salary (Unusual Profile),False,False
15811773,Zero Balance,2,High Salary / Low Balance (Wallet-Share Risk),False,False
15651674,Zero Balance,3,High Salary / Low Balance (Wallet-Share Risk),False,False
15689614,Medium Balance,0,High Balance / Low Salary (Unusual Profile),False,False
15795564,Medium Balance,1,Aligned,False,False
15706647,Zero Balance,3,High Salary / Low Balance (Wallet-Share Risk),False,False
15728505,Low Balance,1,Aligned,False,False
15730076,Zero Balance,1,Aligned,False,False
15622003,Low Balance,3,High Salary / Low Balance (Wallet-Share Risk),False,False
15607312,Zero Balance,3,High Salary / Low Balance (Wallet-Share Risk),False,False
15644753,Low Balance,0,Aligned,False,False
15653620,Zero Balance,0,Aligned,False,False
15761986,Medium Balance,1,Aligned,False,False
15633922,Medium Balance,2,Aligned,False,False
15734674,Zero Balance,1,Aligned,False,False
15658032,Zero Balance,1,Aligned,False,False
15692671,Zero Balance,3,High Salary / Low Balance (Wallet-Share Risk),False,False
15737741,Low Balance,2,Aligned,False,False
15576352,Zero Balance,0,Aligned,False,False
15753719,Low Balance,1,Aligned,False,False
15803689,Low Balance,1,Aligned,False,False
15718057,Low Balance,3,High Salary / Low Balance (Wallet-Share Risk),False,False
15722010,High Balance,0,High Balance / Low Salary (Unusual Profile),False,False
15680998,Zero Balance,2,High Salary / Low Balance (Wallet-Share Risk),False,False
15614782,Zero Balance,3,High Salary / Low Balance (Wallet-Share Risk),False,False
15591047,High Balance,2,Aligned,False,False
15788291,High Balance,1,High Balance / Low Salary (Unusual Profile),False,False
15604044,Medium Balance,0,High Balance / Low Salary (Unusual Profile),False,False
15679587,Low Balance,0,Aligned,False,False
15775153,Low Balance,2,Aligned,False,False
15603925,High Balance,0,High Balance / Low Salary (Unusual Profile),False,False
15680970,Low Balance,3,High Salary / Low Balance (Wallet-Share Risk),False,False
15697183,Zero Balance,2,High Salary / Low Balance (Wallet-Share Risk),False,False
15567446,Low Balance,0,Aligned,False,False
15637476,High Balance,0,High Balance / Low Salary (Unusual Profile),False,False
15714939,High Balance,0,High Balance / Low Salary (Unusual Profile),False,False
15683503,Zero Balance,2,High Salary / Low Balance (Wallet-Share Risk),False,False
15645569,Medium Balance,3,Aligned,False,False
15782569,Zero Balance,1,Aligned,False,False
15592387,Zero Balance,1,Aligned,False,False
15609286,High Balance,1,High Balance / Low Salary (Unusual Profile),False,False
15814035,Zero Balance,1,Aligned,False,False
15661249,Zero Balance,2,High Salary / Low Balance (Wallet-Share Risk),False,False
15629117,Zero Balance,0,Aligned,False,False
15607170,Zero Balance,1,Aligned,False,False
15586585,Low Balance,1,Aligned,False,False
15686611,Medium Balance,3,Aligned,False,False
15603203,Zero Balance,0,Aligned,False,False
15619857,Medium Balance,0,High Balance / Low Salary (Unusual Profile),False,False
15805062,Low Balance,1,Aligned,False,False
15660271,High Balance,3,Aligned,True,False
15745295,Zero Balance,2,High Salary / Low Balance (Wallet-Share Risk),False,False
15719352,High Balance,1,High Balance / Low Salary (Unusual Profile),False,False
15766575,High Balance,3,Aligned,True,True
15594594,Medium Balance,1,Aligned,False,False
15646161,Zero Balance,3,High Salary / Low Balance (Wallet-Share Risk),False,False
15682585,Low Balance,1,Aligned,False,False
15603134,High Balance,3,Aligned,True,False
15636444,High Balance,1,High Balance / Low Salary (Unusual Profile),False,False
15773456,High Balance,1,High Balance / Low Salary (Unusual Profile),False,False
15745307,Medium Balance,0,High Balance / Low Salary (Unusual Profile),False,False
15604119,Low Balance,2,Aligned,False,False
15626900,High Balance,1,High Balance / Low Salary (Unusual Profile),False,False
15605447,Low Balance,0,Aligned,False,False
15589030,Zero Balance,2,High Salary / Low Balance (Wallet-Share Risk),False,False
15692463,High Balance,0,High Balance / Low Salary (Unusual Profile),False,False
15712403,Zero Balance,1,Aligned,False,False
15811762,Low Balance,1,Aligned,False,False
15718673,Low Balance,1,Aligned,False,False
15724282,High Balance,0,High Balance / Low Salary (Unusual Profile),False,False
15738181,Low Balance,0,Aligned,False,False
15633648,Zero Balance,1,Aligned,False,False
15603323,Zero Balance,2,High Salary / Low Balance (Wallet-Share Risk),False,False
15583725,Medium Balance,3,Aligned,False,False
15588350,High Balance,0,High Balance / Low Salary (Unusual Profile),False,False
15798398,Medium Balance,3,Aligned,False,False
15784844,Low Balance,3,High Salary / Low Balance (Wallet-Share Risk),False,False
15580684,Low Balance,0,Aligned,False,False
15809663,Medium Balance,2,Aligned,False,False
15640078,Medium Balance,3,Aligned,False,False
15698786,Medium Balance,0,High Balance / Low Salary (Unusual Profile),False,False
15569807,Low Balance,0,Aligned,False,False
15730830,Zero Balance,2,High Salary / Low Balance (Wallet-Share Risk),False,False
15805112,Low Balance,0,Aligned,False,False
15633064,Zero Balance,1,Aligned,False,False
15703119,Zero Balance,2,High Salary / Low Balance (Wallet-Share Risk),False,False
15730447,Zero Balance,3,High Salary / Low Balance (Wallet-Share Risk),False,False
15813850,Zero Balance,0,Aligned,False,False
15711889,High Balance,2,Aligned,False,False
15664610,Medium Balance,0,High Balance / Low Salary (Unusual Profile),False,False
15751710,High Balance,0,High Balance / Low Salary (Unusual Profile),False,False
15692926,Medium Balance,2,Aligned,False,False
15813741,High Balance,0,High Balance / Low Salary (Unusual Profile),False,False
15698474,Medium Balance,3,Aligned,False,False
15568595,Low Balance,2,Aligned,False,False
15603065,Zero Balance,0,Aligned,False,False
15592937,Low Balance,0,Aligned,False,False
15699637,Low Balance,2,Aligned,False,False
15667215,Zero Balance,1,Aligned,False,False
15788659,Zero Balance,2,High Salary / Low Balance (Wallet-Share Risk),False,False
15763218,Zero Balance,2,High Salary / Low Balance (Wallet-Share Risk),False,False
15645772,Zero Balance,1,Aligned,False,False
15725511,Medium Balance,3,Aligned,False,False
15575024,Zero Balance,2,High Salary / Low Balance (Wallet-Share Risk),False,False
15640825,Medium Balance,1,Aligned,False,False
15662397,High Balance,0,High Balance / Low Salary (Unusual Profile),False,False
15576368,Medium Balance,0,High Balance / Low Salary (Unusual Profile),False,False
15674991,Zero Balance,1,Aligned,False,False
15721024,Zero Balance,0,Aligned,False,False
15745621,Low Balance,0,Aligned,False,False
15642394,Zero Balance,3,High Salary / Low Balance (Wallet-Share Risk),False,False
15754605,Zero Balance,0,Aligned,False,False
15607040,Low Balance,1,Aligned,False,False
15715142,Low Balance,2,Aligned,False,False
15810978,Zero Balance,0,Aligned,False,False
15668886,Zero Balance,0,Aligned,False,False
15780804,Low Balance,1,Aligned,False,False
15613880,Medium Balance,2,Aligned,False,False
15775238,Medium Balance,3,Aligned,False,False
15786905,High Balance,1,High Balance / Low Salary (Unusual Profile),False,False
15747867,Medium Balance,1,Aligned,False,False
15600337,High Balance,0,High Balance / Low Salary (Unusual Profile),False,False
15801277,Low Balance,3,High Salary / Low Balance (Wallet-Share Risk),False,False
15579334,Medium Balance,2,Aligned,False,False
15802741,Medium Balance,0,High Balance / Low Salary (Unusual Profile),False,False
15720649,Low Balance,0,Aligned,False,False
15589493,Medium Balance,1,Aligned,False,False
15688251,Low Balance,1,Aligned,False,False
15665238,High Balance,0,High Balance / Low Salary (Unusual Profile),False,False
15740900,Zero Balance,3,High Salary / Low Balance (Wallet-Share Risk),False,False
15681068,Low Balance,2,Aligned,False,False
15748625,Zero Balance,0,Aligned,False,False
15727299,Low Balance,1,Aligned,False,False
15620204,Low Balance,2,Aligned,False,False
15669516,Zero Balance,0,Aligned,False,False
15736534,High Balance,2,Aligned,False,False
15803457,Zero Balance,1,Aligned,False,False
15659098,Low Balance,0,Aligned,False,False
15603436,Medium Balance,2,Aligned,False,False
15566292,Zero Balance,1,Aligned,False,False
15808621,Low Balance,2,Aligned,False,False
15580148,High Balance,0,High Balance / Low Salary (Unusual Profile),False,False
15776231,Low Balance,0,Aligned,False,False
15773809,Zero Balance,0,Aligned,False,False
15649423,Zero Balance,0,Aligned,False,False
15734886,Medium Balance,2,Aligned,False,False
15722548,High Balance,2,Aligned,False,False
15650288,Low Balance,2,Aligned,False,False
15629448,Medium Balance,1,Aligned,False,False
15716164,High Balance,3,Aligned,True,True
15807609,Low Balance,0,Aligned,False,False
15578977,Zero Balance,2,High Salary / Low Balance (Wallet-Share Risk),False,False
15677369,Low Balance,3,High Salary / Low Balance (Wallet-Share Risk),False,False
15804072,Zero Balance,0,Aligned,False,False
15696859,Zero Balance,3,High Salary / Low Balance (Wallet-Share Risk),False,False
15653780,Zero Balance,0,Aligned,False,False
15721658,High Balance,3,Aligned,True,False
15578761,Medium Balance,3,Aligned,False,False
15736879,Zero Balance,1,Aligned,False,False
15571973,High Balance,3,Aligned,True,True
15626742,Low Balance,2,Aligned,False,False
15672692,High Balance,1,High Balance / Low Salary (Unusual Profile),False,False
15673570,Zero Balance,1,Aligned,False,False
15767432,Zero Balance,0,Aligned,False,False
15654238,Medium Balance,1,Aligned,False,False
15612525,Zero Balance,2,High Salary / Low Balance (Wallet-Share Risk),False,False
15812750,High Balance,0,High Balance / Low Salary (Unusual Profile),False,False
15790757,Zero Balance,3,High Salary / Low Balance (Wallet-Share Risk),False,False
15723873,Medium Balance,1,Aligned,False,False
15744607,Medium Balance,1,Aligned,False,False
15612966,Medium Balance,3,Aligned,False,False
15784209,Zero Balance,1,Aligned,False,False
15794278,High Balance,1,High Balance / Low Salary (Unusual Profile),False,False
15766741,Low Balance,3,High Salary / Low Balance (Wallet-Share Risk),False,False
15661036,Zero Balance,3,High Salary / Low Balance (Wallet-Share Risk),False,False
15705639,Low Balance,0,Aligned,False,False
15637414,Medium Balance,0,High Balance / Low Salary (Unusual Profile),False,False
15716835,High Balance,2,Aligned,False,False
15696231,Low Balance,3,High Salary / Low Balance (Wallet-Share Risk),False,False
15641675,Low Balance,3,High Salary / Low Balance (Wallet-Share Risk),False,False
15670755,Zero Balance,2,High Salary / Low Balance (Wallet-Share Risk),False,False
15640059,Zero Balance,1,Aligned,False,False
15787619,High Balance,2,Aligned,False,False
15587535,High Balance,1,High Balance / Low Salary (Unusual Profile),False,False
15813034,Low Balance,1,Aligned,False,False
15698839,Medium Balance,2,Aligned,False,False
15790314,Zero Balance,2,High Salary / Low Balance (Wallet-Share Risk),False,False
15634245,Low Balance,1,Aligned,False,False
15677305,Low Balance,0,Aligned,False,False
15661526,Low Balance,0,Aligned,False,False
15685997,High Balance,0,High Balance / Low Salary (Unusual Profile),False,False
15660101,High Balance,2,Aligned,False,False
15637979,Medium Balance,1,Aligned,False,False
15815364,Zero Balance,2,High Salary / Low Balance (Wallet-Share Risk),False,False
15647099,High Balance,1,High Balance / Low Salary (Unusual Profile),False,False
15625944,Low Balance,1,Aligned,False,False
15583212,Medium Balance,3,Aligned,False,False
15582741,Medium Balance,1,Aligned,False,False
15637876,Low Balance,0,Aligned,False,False
15622750,Low Balance,0,Aligned,False,False
15672056,High Balance,3,Aligned,True,False
15812351,Medium Balance,2,Aligned,False,False
15810864,Zero Balance,3,High Salary / Low Balance (Wallet-Share Risk),False,False
15677921,Low Balance,3,High Salary / Low Balance (Wallet-Share Risk),False,False
15724296,Low Balance,2,Aligned,False,False
15685329,Low Balance,0,Aligned,False,False
15584091,Medium Balance,0,High Balance / Low Salary (Unusual Profile),False,False
15640442,Medium Balance,0,High Balance / Low Salary (Unusual Profile),False,False
15639314,Zero Balance,0,Aligned,False,False
15685320,Medium Balance,2,Aligned,False,False
15789158,Low Balance,3,High Salary / Low Balance (Wallet-Share Risk),False,False
15752137,Medium Balance,2,Aligned,False,False
15712551,Low Balance,2,Aligned,False,False
15628936,Low Balance,0,Aligned,False,False
15797227,Zero Balance,1,Aligned,False,False
15769974,Low Balance,2,Aligned,False,False
15737051,Zero Balance,3,High Salary / Low Balance (Wallet-Share Risk),False,False
15585595,Low Balance,1,Aligned,False,False
15654060,Zero Balance,1,Aligned,False,False
15745196,Zero Balance,1,Aligned,False,False
15571221,Low Balance,3,High Salary / Low Balance (Wallet-Share Risk),False,False
15660155,Low Balance,1,Aligned,False,False
15605284,Zero Balance,2,High Salary / Low Balance (Wallet-Share Risk),False,False
15694366,High Balance,0,High Balance / Low Salary (Unusual Profile),False,False
15600739,Zero Balance,2,High Salary / Low Balance (Wallet-Share Risk),False,False
15653253,High Balance,3,Aligned,True,False
15763431,Low Balance,1,Aligned,False,False
15643696,Zero Balance,2,High Salary / Low Balance (Wallet-Share Risk),False,False
15707473,Low Balance,2,Aligned,False,False
15769504,Medium Balance,2,Aligned,False,False
15776807,Zero Balance,3,High Salary / Low Balance (Wallet-Share Risk),False,False
15686870,Low Balance,1,Aligned,False,False
15668747,Low Balance,2,Aligned,False,False
15766908,Low Balance,1,Aligned,False,False
15570134,High Balance,0,High Balance / Low Salary (Unusual Profile),False,False
15567367,Medium Balance,2,Aligned,False,False
15747542,Zero Balance,3,High Salary / Low Balance (Wallet-Share Risk),False,False
15762238,Low Balance,0,Aligned,False,False
15681554,Medium Balance,0,High Balance / Low Salary (Unusual Profile),False,False
15712825,Zero Balance,2,High Salary / Low Balance (Wallet-Share Risk),False,False
15640280,Medium Balance,3,Aligned,False,False
15756026,Zero Balance,0,Aligned,False,False
15613319,Zero Balance,3,High Salary / Low Balance (Wallet-Share Risk),False,False
15798906,Zero Balance,3,High Salary / Low Balance (Wallet-Share Risk),False,False
15708917,High Balance,2,Aligned,False,False
15778463,Low Balance,2,Aligned,False,False
15699430,Zero Balance,3,High Salary / Low Balance (Wallet-Share Risk),False,False
15649992,Medium Balance,3,Aligned,False,False
15578980,Zero Balance,1,Aligned,False,False
15775306,Medium Balance,1,Aligned,False,False
15641655,Zero Balance,0,Aligned,False,False
15619708,High Balance,2,Aligned,False,False
15734565,Zero Balance,3,High Salary / Low Balance (Wallet-Share Risk),False,False
15806438,Medium Balance,2,Aligned,False,False
15591969,Low Balance,3,High Salary / Low Balance (Wallet-Share Risk),False,False
15747807,Medium Balance,3,Aligned,False,False
15596939,Medium Balance,1,Aligned,False,False
15716155,High Balance,2,Aligned,False,False
15765311,Zero Balance,1,Aligned,False,False
15757811,Medium Balance,2,Aligned,False,False
15603830,Zero Balance,2,High Salary / Low Balance (Wallet-Share Risk),False,False
15660602,High Balance,0,High Balance / Low Salary (Unusual Profile),False,False
15660535,Zero Balance,3,High Salary / Low Balance (Wallet-Share Risk),False,False
15666633,Zero Balance,0,Aligned,False,False
15596914,Low Balance,2,Aligned,False,False
15639788,Zero Balance,0,Aligned,False,False
15695846,Zero Balance,2,High Salary / Low Balance (Wallet-Share Risk),False,False
15726234,Zero Balance,3,High Salary / Low Balance (Wallet-Share Risk),False,False
15797964,High Balance,2,Aligned,False,False
15625881,Low Balance,3,High Salary / Low Balance (Wallet-Share Risk),False,False
15780628,Zero Balance,0,Aligned,False,False
15575883,Medium Balance,0,High Balance / Low Salary (Unusual Profile),False,False
15585036,Zero Balance,2,High Salary / Low Balance (Wallet-Share Risk),False,False
15589488,Low Balance,1,Aligned,False,False
15585888,Zero Balance,0,Aligned,False,False
15727915,Low Balance,2,Aligned,False,False
15707567,High Balance,1,High Balance / Low Salary (Unusual Profile),False,False
15737792,High Balance,3,Aligned,True,True
15599433,Low Balance,3,High Salary / Low Balance (Wallet-Share Risk),False,False
15672012,Zero Balance,0,Aligned,False,False
15806983,Medium Balance,1,Aligned,False,False
15592222,Low Balance,2,Aligned,False,False
15608968,Low Balance,0,Aligned,False,False
15586959,Zero Balance,2,High Salary / Low Balance (Wallet-Share Risk),False,False
15646558,Medium Balance,3,Aligned,False,False
15725811,Low Balance,1,Aligned,False,False
15572265,High Balance,0,High Balance / Low Salary (Unusual Profile),False,False
15794048,Low Balance,2,Aligned,False,False
15677610,High Balance,0,High Balance / Low Salary (Unusual Profile),False,False
15745012,Zero Balance,0,Aligned,False,False
15601589,Zero Balance,1,Aligned,False,False
15686436,Zero Balance,3,High Salary / Low Balance (Wallet-Share Risk),False,False
15693864,Medium Balance,1,Aligned,False,False
15760550,High Balance,3,Aligned,True,False
15686137,High Balance,2,Aligned,False,False
15809087,Zero Balance,3,High Salary / Low Balance (Wallet-Share Risk),False,False
15807663,High Balance,1,High Balance / Low Salary (Unusual Profile),False,False
15809100,High Balance,3,Aligned,True,True
15794916,Low Balance,2,Aligned,False,False
15614215,Zero Balance,1,Aligned,False,False
15805449,Zero Balance,3,High Salary / Low Balance (Wallet-Share Risk),False,False
15686983,Low Balance,2,Aligned,False,False
15808017,Low Balance,0,Aligned,False,False
15756804,High Balance,2,Aligned,False,False
15646810,Low Balance,2,Aligned,False,False
15710424,Zero Balance,3,High Salary / Low Balance (Wallet-Share Risk),False,False
15799422,Zero Balance,0,Aligned,False,False
15692750,Medium Balance,0,High Balance / Low Salary (Unusual Profile),False,False
15794549,High Balance,0,High Balance / Low Salary (Unusual Profile),False,False
15803764,Zero Balance,0,Aligned,False,False
15674840,Low Balance,0,Aligned,False,False
15653762,Low Balance,3,High Salary / Low Balance (Wallet-Share Risk),False,False
15581229,High Balance,2,Aligned,False,False
15800228,Zero Balance,0,Aligned,False,False
15656333,Medium Balance,1,Aligned,False,False
15697497,Low Balance,1,Aligned,False,False
15585362,Zero Balance,0,Aligned,False,False
15571928,Zero Balance,2,High Salary / Low Balance (Wallet-Share Risk),False,False
15785519,Low Balance,3,High Salary / Low Balance (Wallet-Share Risk),False,False
15743007,Low Balance,1,Aligned,False,False
15777211,Low Balance,2,Aligned,False,False
15721935,Zero Balance,3,High Salary / Low Balance (Wallet-Share Risk),False,False
15591711,Medium Balance,0,High Balance / Low Salary (Unusual Profile),False,False
15625021,Zero Balance,0,Aligned,False,False
15702968,Low Balance,2,Aligned,False,False
15600462,High Balance,0,High Balance / Low Salary (Unusual Profile),False,False
15768104,High Balance,1,High Balance / Low Salary (Unusual Profile),False,False
15780140,Low Balance,0,Aligned,False,False
15585255,Zero Balance,1,Aligned,False,False
15772781,Zero Balance,1,Aligned,False,False
15669987,Medium Balance,1,Aligned,False,False
15697000,Low Balance,3,High Salary / Low Balance (Wallet-Share Risk),False,False
15733119,Zero Balance,1,Aligned,False,False
15782390,Zero Balance,3,High Salary / Low Balance (Wallet-Share Risk),False,False
15654700,Low Balance,2,Aligned,False,False
15632210,High Balance,0,High Balance / Low Salary (Unusual Profile),False,False
15642041,Low Balance,1,Aligned,False,False
15709737,High Balance,1,High Balance / Low Salary (Unusual Profile),False,False
15792388,Low Balance,2,Aligned,False,False
15786014,High Balance,3,Aligned,True,True
15794580,Zero Balance,3,High Salary / Low Balance (Wallet-Share Risk),False,False
15675964,Zero Balance,1,Aligned,False,False
15814275,High Balance,0,High Balance / Low Salary (Unusual Profile),False,False
15724848,Low Balance,2,Aligned,False,False
15754713,Medium Balance,2,Aligned,False,False
15693814,Zero Balance,0,Aligned,False,False
15599660,Low Balance,1,Aligned,False,False
15746490,Low Balance,2,Aligned,False,False
15566091,Zero Balance,1,Aligned,False,False
15655961,Medium Balance,1,Aligned,False,False
15710404,Medium Balance,3,Aligned,False,False
15775625,Zero Balance,1,Aligned,False,False
15792328,Zero Balance,1,Aligned,False,False
15719856,Low Balance,1,Aligned,False,False
15593773,Zero Balance,1,Aligned,False,False
15733114,Zero Balance,0,Aligned,False,False
15797748,Zero Balance,0,Aligned,False,False
15743411,Zero Balance,0,Aligned,False,False
15753337,Zero Balance,3,High Salary / Low Balance (Wallet-Share Risk),False,False
15601026,Medium Balance,0,High Balance / Low Salary (Unusual Profile),False,False
15658485,Low Balance,1,Aligned,False,False
15636731,Low Balance,0,Aligned,False,False
15628303,Zero Balance,0,Aligned,False,False
15633461,Medium Balance,3,Aligned,False,False
15677135,Medium Balance,1,Aligned,False,False
15590876,Low Balance,2,Aligned,False,False
15790782,Medium Balance,0,High Balance / Low Salary (Unusual Profile),False,False
15700476,Low Balance,0,Aligned,False,False
15634141,High Balance,0,High Balance / Low Salary (Unusual Profile),False,False
15737795,Zero Balance,2,High Salary / Low Balance (Wallet-Share Risk),False,False
15790299,Zero Balance,0,Aligned,False,False
15675316,Zero Balance,2,High Salary / Low Balance (Wallet-Share Risk),False,False
15613630,Low Balance,1,Aligned,False,False
15662100,Medium Balance,3,Aligned,False,False
15668032,Zero Balance,1,Aligned,False,False
15599289,Low Balance,3,High Salary / Low Balance (Wallet-Share Risk),False,False
15754084,Low Balance,2,Aligned,False,False
15676521,Zero Balance,3,High Salary / Low Balance (Wallet-Share Risk),False,False
15804586,Zero Balance,3,High Salary / Low Balance (Wallet-Share Risk),False,False
15781465,Medium Balance,2,Aligned,False,False
15729362,Low Balance,2,Aligned,False,False
15709295,Low Balance,2,Aligned,False,False
15745324,Zero Balance,3,High Salary / Low Balance (Wallet-Share Risk),False,False
15741336,Low Balance,0,Aligned,False,False
15783659,High Balance,2,Aligned,False,False
15620981,Low Balance,0,Aligned,False,False
15630328,Medium Balance,0,High Balance / Low Salary (Unusual Profile),False,False
15785899,High Balance,0,High Balance / Low Salary (Unusual Profile),False,False
15606149,Low Balance,3,High Salary / Low Balance (Wallet-Share Risk),False,False
15671139,Low Balance,2,Aligned,False,False
15660429,High Balance,3,Aligned,True,False
15571002,Medium Balance,1,Aligned,False,False
15631681,Zero Balance,1,Aligned,False,False
15731522,Zero Balance,1,Aligned,False,False
15619529,Medium Balance,0,High Balance / Low Salary (Unusual Profile),False,False
15628034,Medium Balance,0,High Balance / Low Salary (Unusual Profile),False,False
15686164,Low Balance,2,Aligned,False,False
15582797,Medium Balance,2,Aligned,False,False
15753831,Low Balance,0,Aligned,False,False
15731815,Low Balance,2,Aligned,False,False
15580956,Low Balance,2,Aligned,False,False
15602084,Medium Balance,1,Aligned,False,False
15589805,High Balance,3,Aligned,True,False
15720893,Zero Balance,0,Aligned,False,False
15641009,Low Balance,1,Aligned,False,False
15605926,Low Balance,2,Aligned,False,False
15805955,Medium Balance,0,High Balance / Low Salary (Unusual Profile),False,False
15801488,Zero Balance,2,High Salary / Low Balance (Wallet-Share Risk),False,False
15605918,Low Balance,3,High Salary / Low Balance (Wallet-Share Risk),False,False
15779711,Low Balance,3,High Salary / Low Balance (Wallet-Share Risk),False,False
15705620,Medium Balance,2,Aligned,False,False
15685357,Low Balance,0,Aligned,False,False
15570060,Medium Balance,1,Aligned,False,False
15582616,Zero Balance,1,Aligned,False,False
15799515,Medium Balance,1,Aligned,False,False
15642937,Zero Balance,2,High Salary / Low Balance (Wallet-Share Risk),False,False
15624729,High Balance,3,Aligned,True,True
15566156,Low Balance,3,High Salary / Low Balance (Wallet-Share Risk),False,False
15792360,Zero Balance,0,Aligned,False,False
15807008,Medium Balance,1,Aligned,False,False
15704770,Medium Balance,0,High Balance / Low Salary (Unusual Profile),False,False
15756475,Low Balance,1,Aligned,False,False
15655339,High Balance,1,High Balance / Low Salary (Unusual Profile),False,False
15613749,High Balance,2,Aligned,False,False
15664521,High Balance,2,Aligned,False,False
15681206,High Balance,2,Aligned,False,False
15745527,Low Balance,1,Aligned,False,False
15806926,Low Balance,2,Aligned,False,False
15724563,Low Balance,2,Aligned,False,False
15782899,Low Balance,2,Aligned,False,False
15623521,Medium Balance,2,Aligned,False,False
15810218,Zero Balance,1,Aligned,False,False
15645621,Zero Balance,1,Aligned,False,False
15608114,Medium Balance,0,High Balance / Low Salary (Unusual Profile),False,False
15659557,High Balance,0,High Balance / Low Salary (Unusual Profile),False,False
15787772,Low Balance,1,Aligned,False,False
15691111,Medium Balance,0,High Balance / Low Salary (Unusual Profile),False,False
15592089,Zero Balance,2,High Salary / Low Balance (Wallet-Share Risk),False,False
15633897,Low Balance,3,High Salary / Low Balance (Wallet-Share Risk),False,False
15701301,High Balance,1,High Balance / Low Salary (Unusual Profile),False,False
15723685,Low Balance,0,Aligned,False,False
15701602,Low Balance,1,Aligned,False,False
15739189,Zero Balance,0,Aligned,False,False
15573086,Low Balance,0,Aligned,False,False
15569050,Zero Balance,2,High Salary / Low Balance (Wallet-Share Risk),False,False
15750765,Zero Balance,3,High Salary / Low Balance (Wallet-Share Risk),False,False
15799811,Zero Balance,2,High Salary / Low Balance (Wallet-Share Risk),False,False
15698442,Medium Balance,2,Aligned,False,False
15655274,Zero Balance,0,Aligned,False,False
15603594,Zero Balance,1,Aligned,False,False
15585961,Zero Balance,3,High Salary / Low Balance (Wallet-Share Risk),False,False
15686936,Low Balance,3,High Salary / Low Balance (Wallet-Share Risk),False,False
15770424,Low Balance,0,Aligned,False,False
15587451,High Balance,1,High Balance / Low Salary (Unusual Profile),False,False
15602010,Low Balance,1,Aligned,False,False
15600583,Zero Balance,0,Aligned,False,False
15654673,High Balance,3,Aligned,True,True
15717164,Low Balance,3,High Salary / Low Balance (Wallet-Share Risk),False,False
15765014,High Balance,1,High Balance / Low Salary (Unusual Profile),False,False
15682639,Zero Balance,1,Aligned,False,False
15729279,Low Balance,1,Aligned,False,False
15759805,Zero Balance,1,Aligned,False,False
15767864,Zero Balance,3,High Salary / Low Balance (Wallet-Share Risk),False,False
15769948,Medium Balance,1,Aligned,False,False
15686345,Zero Balance,1,Aligned,False,False
15688071,Zero Balance,3,High Salary / Low Balance (Wallet-Share Risk),False,False
15681174,Low Balance,2,Aligned,False,False
15667521,Zero Balance,0,Aligned,False,False
15750243,Zero Balance,1,Aligned,False,False
15695475,Medium Balance,3,Aligned,False,False
15689176,Zero Balance,3,High Salary / Low Balance (Wallet-Share Risk),False,False
15652955,Zero Balance,0,Aligned,False,False
15668958,Low Balance,1,Aligned,False,False
15631054,Zero Balance,3,High Salary / Low Balance (Wallet-Share Risk),False,False
15581479,Low Balance,2,Aligned,False,False
15577478,Zero Balance,1,Aligned,False,False
15780870,High Balance,0,High Balance / Low Salary (Unusual Profile),False,False
15692317,Zero Balance,3,High Salary / Low Balance (Wallet-Share Risk),False,False
15593969,Medium Balance,2,Aligned,False,False
15570417,Zero Balance,0,Aligned,False,False
15779059,Low Balance,2,Aligned,False,False
15785980,Medium Balance,1,Aligned,False,False
15644200,Zero Balance,0,Aligned,False,False
15793949,Zero Balance,2,High Salary / Low Balance (Wallet-Share Risk),False,False
15645103,Low Balance,2,Aligned,False,False
15705860,Low Balance,1,Aligned,False,False
15623828,Zero Balance,3,High Salary / Low Balance (Wallet-Share Risk),False,False
15715003,Low Balance,0,Aligned,False,False
15623471,Low Balance,3,High Salary / Low Balance (Wallet-Share Risk),False,False
15798348,Low Balance,0,Aligned,False,False
15743016,High Balance,0,High Balance / Low Salary (Unusual Profile),False,False
15769499,Zero Balance,3,High Salary / Low Balance (Wallet-Share Risk),False,False
15798521,Zero Balance,0,Aligned,False,False
15706534,Medium Balance,3,Aligned,False,False
15706186,Low Balance,0,Aligned,False,False
15812197,Low Balance,2,Aligned,False,False
15650933,High Balance,3,Aligned,True,True
15692991,Zero Balance,2,High Salary / Low Balance (Wallet-Share Risk),False,False
15631189,Low Balance,1,Aligned,False,False
15762198,Low Balance,3,High Salary / Low Balance (Wallet-Share Risk),False,False
15699598,Zero Balance,2,High Salary / Low Balance (Wallet-Share Risk),False,False
15692744,High Balance,0,High Balance / Low Salary (Unusual Profile),False,False
15688963,Zero Balance,0,Aligned,False,False
15599131,High Balance,2,Aligned,False,False
15680303,Zero Balance,0,Aligned,False,False
15628674,Low Balance,0,Aligned,False,False
15648075,High Balance,3,Aligned,True,True
15586970,Low Balance,0,Aligned,False,False
15625698,Zero Balance,3,High Salary / Low Balance (Wallet-Share Risk),False,False
15790497,Zero Balance,2,High Salary / Low Balance (Wallet-Share Risk),False,False
15682618,Low Balance,0,Aligned,False,False
15762937,High Balance,3,Aligned,True,False
15750929,Zero Balance,1,Aligned,False,False
15729832,High Balance,0,High Balance / Low Salary (Unusual Profile),False,False
15633650,High Balance,0,High Balance / Low Salary (Unusual Profile),False,False
15748856,Low Balance,2,Aligned,False,False
15589195,Medium Balance,0,High Balance / Low Salary (Unusual Profile),False,False
15699911,Zero Balance,2,High Salary / Low Balance (Wallet-Share Risk),False,False
15663438,Low Balance,3,High Salary / Low Balance (Wallet-Share Risk),False,False
15692583,Zero Balance,1,Aligned,False,False
15591257,Zero Balance,1,Aligned,False,False
15646513,Zero Balance,3,High Salary / Low Balance (Wallet-Share Risk),False,False
15708063,Low Balance,1,Aligned,False,False
15696098,Zero Balance,0,Aligned,False,False
15645517,Zero Balance,0,Aligned,False,False
15649744,Medium Balance,0,High Balance / Low Salary (Unusual Profile),False,False
15604304,Low Balance,2,Aligned,False,False
15784092,Medium Balance,2,Aligned,False,False
15585198,Low Balance,3,High Salary / Low Balance (Wallet-Share Risk),False,False
15624347,Zero Balance,2,High Salary / Low Balance (Wallet-Share Risk),False,False
15621687,Zero Balance,0,Aligned,False,False
15689081,Zero Balance,1,Aligned,False,False
15813168,Low Balance,1,Aligned,False,False
15604295,Zero Balance,3,High Salary / Low Balance (Wallet-Share Risk),False,False
15724127,High Balance,1,High Balance / Low Salary (Unusual Profile),False,False
15673055,Zero Balance,0,Aligned,False,False
15768201,High Balance,3,Aligned,True,False
15782219,Zero Balance,0,Aligned,False,False
15746410,Zero Balance,3,High Salary / Low Balance (Wallet-Share Risk),False,False
15780144,Medium Balance,1,Aligned,False,False
15590476,Zero Balance,3,High Salary / Low Balance (Wallet-Share Risk),False,False
15624293,Low Balance,1,Aligned,False,False
15618182,Zero Balance,2,High Salary / Low Balance (Wallet-Share Risk),False,False
15660316,Medium Balance,3,Aligned,False,False
15678886,Low Balance,0,Aligned,False,False
15616330,Zero Balance,3,High Salary / Low Balance (Wallet-Share Risk),False,False
15592229,High Balance,0,High Balance / Low Salary (Unusual Profile),False,False
15798424,Medium Balance,0,High Balance / Low Salary (Unusual Profile),False,False
15714750,Low Balance,1,Aligned,False,False
15648800,Medium Balance,2,Aligned,False,False
15626147,High Balance,3,Aligned,True,True
15626608,Low Balance,1,Aligned,False,False
15723250,Zero Balance,2,High Salary / Low Balance (Wallet-Share Risk),False,False
15592583,Low Balance,3,High Salary / Low Balance (Wallet-Share Risk),False,False
15759381,Low Balance,2,Aligned,False,False
15585241,Low Balance,0,Aligned,False,False
15589358,Low Balance,3,High Salary / Low Balance (Wallet-Share Risk),False,False
15672704,Zero Balance,3,High Salary / Low Balance (Wallet-Share Risk),False,False
15789955,Low Balance,1,Aligned,False,False
15596800,High Balance,3,Aligned,True,False
15627305,Zero Balance,2,High Salary / Low Balance (Wallet-Share Risk),False,False
15645316,High Balance,2,Aligned,False,False
15593973,Medium Balance,3,Aligned,False,False
15647301,High Balance,1,High Balance / Low Salary (Unusual Profile),False,False
15750258,High Balance,1,High Balance / Low Salary (Unusual Profile),False,False
15685309,Zero Balance,0,Aligned,False,False
15628205,Low Balance,3,High Salary / Low Balance (Wallet-Share Risk),False,False
15733974,Medium Balance,2,Aligned,False,False
15762110,Zero Balance,3,High Salary / Low Balance (Wallet-Share Risk),False,False
15706899,Zero Balance,1,Aligned,False,False
15732660,Zero Balance,1,Aligned,False,False
15656121,High Balance,3,Aligned,True,True
15614220,Zero Balance,2,High Salary / Low Balance (Wallet-Share Risk),False,False
15645269,Zero Balance,0,Aligned,False,False
15698510,High Balance,3,Aligned,True,True
15569247,Low Balance,0,Aligned,False,False
15566251,Low Balance,1,Aligned,False,False
15716134,High Balance,2,Aligned,False,False
15763625,Zero Balance,3,High Salary / Low Balance (Wallet-Share Risk),False,False
15605965,Zero Balance,0,Aligned,False,False
15694821,High Balance,3,Aligned,True,False
15601688,Zero Balance,3,High Salary / Low Balance (Wallet-Share Risk),False,False
15575581,Medium Balance,1,Aligned,False,False
15671209,Low Balance,2,Aligned,False,False
15616529,Zero Balance,0,Aligned,False,False
15773906,Zero Balance,2,High Salary / Low Balance (Wallet-Share Risk),False,False
15722993,Medium Balance,0,High Balance / Low Salary (Unusual Profile),False,False
15752463,Medium Balance,3,Aligned,False,False
15589754,High Balance,2,Aligned,False,False
15669899,Medium Balance,2,Aligned,False,False
15766887,Medium Balance,1,Aligned,False,False
15768006,High Balance,0,High Balance / Low Salary (Unusual Profile),False,False
15741295,Zero Balance,0,Aligned,False,False
15811327,Low Balance,2,Aligned,False,False
15690007,Medium Balance,1,Aligned,False,False
15690664,Zero Balance,2,High Salary / Low Balance (Wallet-Share Risk),False,False
15719348,Zero Balance,1,Aligned,False,False
15781802,Low Balance,2,Aligned,False,False
15752731,Zero Balance,1,Aligned,False,False
15600997,Low Balance,1,Aligned,False,False
15750776,High Balance,1,High Balance / Low Salary (Unusual Profile),False,False
15723907,High Balance,3,Aligned,True,True
15633419,High Balance,1,High Balance / Low Salary (Unusual Profile),False,False
15702430,Zero Balance,0,Aligned,False,False
15710456,Zero Balance,1,Aligned,False,False
15650351,Low Balance,3,High Salary / Low Balance (Wallet-Share Risk),False,False
15590820,Low Balance,3,High Salary / Low Balance (Wallet-Share Risk),False,False
15640454,Medium Balance,0,High Balance / Low Salary (Unusual Profile),False,False
15697789,Medium Balance,1,Aligned,False,False
15808182,Low Balance,0,Aligned,False,False
15588670,High Balance,3,Aligned,True,True
15721292,Zero Balance,2,High Salary / Low Balance (Wallet-Share Risk),False,False
15604217,Zero Balance,0,Aligned,False,False
15651369,Zero Balance,1,Aligned,False,False
15782454,Zero Balance,3,High Salary / Low Balance (Wallet-Share Risk),False,False
15814032,Low Balance,3,High Salary / Low Balance (Wallet-Share Risk),False,False
15570326,Zero Balance,1,Aligned,False,False
15624428,Low Balance,3,High Salary / Low Balance (Wallet-Share Risk),False,False
15755638,High Balance,2,Aligned,False,False
15600992,Zero Balance,3,High Salary / Low Balance (Wallet-Share Risk),False,False
15755649,Medium Balance,1,Aligned,False,False
15795228,Medium Balance,1,Aligned,False,False
15589257,Low Balance,3,High Salary / Low Balance (Wallet-Share Risk),False,False
15719302,Medium Balance,1,Aligned,False,False
15639882,Medium Balance,0,High Balance / Low Salary (Unusual Profile),False,False
15791279,High Balance,3,Aligned,True,False
15636935,Zero Balance,2,High Salary / Low Balance (Wallet-Share Risk),False,False
15686909,High Balance,1,High Balance / Low Salary (Unusual Profile),False,False
15589572,Medium Balance,3,Aligned,False,False
15779947,High Balance,2,Aligned,False,False
15573769,Zero Balance,3,High Salary / Low Balance (Wallet-Share Risk),False,False
15578866,Zero Balance,1,Aligned,False,False
15739131,Low Balance,0,Aligned,False,False
15813444,Zero Balance,3,High Salary / Low Balance (Wallet-Share Risk),False,False
15678058,Low Balance,3,High Salary / Low Balance (Wallet-Share Risk),False,False
15769169,Zero Balance,0,Aligned,False,False
15804602,Low Balance,3,High Salary / Low Balance (Wallet-Share Risk),False,False
15651052,Medium Balance,2,Aligned,False,False
15724334,Zero Balance,3,High Salary / Low Balance (Wallet-Share Risk),False,False
15569451,Low Balance,2,Aligned,False,False
15650098,Zero Balance,0,Aligned,False,False
15724307,Medium Balance,1,Aligned,False,False
15599268,Zero Balance,0,Aligned,False,False
15594864,Low Balance,0,Aligned,False,False
15616451,Medium Balance,3,Aligned,False,False
15715667,Zero Balance,3,High Salary / Low Balance (Wallet-Share Risk),False,False
15658969,Zero Balance,0,Aligned,False,False
15738174,Zero Balance,1,Aligned,False,False
15813590,Zero Balance,3,High Salary / Low Balance (Wallet-Share Risk),False,False
15624229,Zero Balance,0,Aligned,False,False
15674148,Zero Balance,1,Aligned,False,False
15625080,Zero Balance,3,High Salary / Low Balance (Wallet-Share Risk),False,False
15682528,Zero Balance,0,Aligned,False,False
15696900,High Balance,1,High Balance / Low Salary (Unusual Profile),False,False
15730038,Zero Balance,3,High Salary / Low Balance (Wallet-Share Risk),False,False
15812272,Medium Balance,0,High Balance / Low Salary (Unusual Profile),False,False
15654654,Low Balance,3,High Salary / Low Balance (Wallet-Share Risk),False,False
15697625,High Balance,1,High Balance / Low Salary (Unusual Profile),False,False
15616280,Low Balance,1,Aligned,False,False
15654229,Zero Balance,0,Aligned,False,False
15628298,Medium Balance,3,Aligned,False,False
15733387,Low Balance,1,Aligned,False,False
15775572,Low Balance,1,Aligned,False,False
15613844,High Balance,3,Aligned,True,True
15578515,Zero Balance,3,High Salary / Low Balance (Wallet-Share Risk),False,False
15607598,Zero Balance,1,Aligned,False,False
15742480,Low Balance,1,Aligned,False,False
15749482,Low Balance,0,Aligned,False,False
15607537,Low Balance,2,Aligned,False,False
15575410,Low Balance,2,Aligned,False,False
15684865,High Balance,2,Aligned,False,False
15600700,Low Balance,2,Aligned,False,False
15774155,Low Balance,3,High Salary / Low Balance (Wallet-Share Risk),False,False
15634267,Zero Balance,3,High Salary / Low Balance (Wallet-Share Risk),False,False
15619626,Medium Balance,3,Aligned,False,False
15660422,Zero Balance,1,Aligned,False,False
15617934,Medium Balance,1,Aligned,False,False
15760774,High Balance,3,Aligned,True,False
15813132,Low Balance,3,High Salary / Low Balance (Wallet-Share Risk),False,False
15593331,High Balance,0,High Balance / Low Salary (Unusual Profile),False,False
15616709,Medium Balance,0,High Balance / Low Salary (Unusual Profile),False,False
15658052,Low Balance,0,Aligned,False,False
15721189,Zero Balance,1,Aligned,False,False
15711288,Zero Balance,0,Aligned,False,False
15770030,Zero Balance,3,High Salary / Low Balance (Wallet-Share Risk),False,False
15803681,Zero Balance,3,High Salary / Low Balance (Wallet-Share Risk),False,False
15702789,High Balance,3,Aligned,True,False
15814930,Medium Balance,2,Aligned,False,False
15658306,Low Balance,1,Aligned,False,False
15699523,Medium Balance,2,Aligned,False,False
15610383,Low Balance,0,Aligned,False,False
15615032,Zero Balance,1,Aligned,False,False
15781989,Medium Balance,3,Aligned,False,False
15647402,Zero Balance,0,Aligned,False,False
15740494,Zero Balance,3,High Salary / Low Balance (Wallet-Share Risk),False,False
15701265,Low Balance,1,Aligned,False,False
15743532,High Balance,1,High Balance / Low Salary (Unusual Profile),False,False
15794870,Low Balance,1,Aligned,False,False
15747591,High Balance,2,Aligned,False,False
15726557,High Balance,0,High Balance / Low Salary (Unusual Profile),False,False
15732199,Low Balance,0,Aligned,False,False
15662291,Low Balance,2,Aligned,False,False
15749050,Zero Balance,1,Aligned,False,False
15781586,Medium Balance,1,Aligned,False,False
15617078,High Balance,2,Aligned,False,False
15723339,Medium Balance,3,Aligned,False,False
15671322,Low Balance,0,Aligned,False,False
15793854,Low Balance,0,Aligned,False,False
15756539,High Balance,2,Aligned,False,False
15612064,Zero Balance,3,High Salary / Low Balance (Wallet-Share Risk),False,False
15625916,High Balance,1,High Balance / Low Salary (Unusual Profile),False,False
15683195,High Balance,1,High Balance / Low Salary (Unusual Profile),False,False
15690182,Low Balance,1,Aligned,False,False
15721719,Low Balance,1,Aligned,False,False
15641690,Zero Balance,3,High Salary / Low Balance (Wallet-Share Risk),False,False
15634896,Zero Balance,0,Aligned,False,False
15671590,Zero Balance,1,Aligned,False,False
15779182,High Balance,2,Aligned,False,False
15778287,Zero Balance,2,High Salary / Low Balance (Wallet-Share Risk),False,False
15609510,High Balance,3,Aligned,True,False
15742229,Medium Balance,1,Aligned,False,False
15658532,High Balance,0,High Balance / Low Salary (Unusual Profile),False,False
15590993,High Balance,2,Aligned,False,False
15565701,High Balance,1,High Balance / Low Salary (Unusual Profile),False,False
15597239,Medium Balance,3,Aligned,False,False
15688880,Low Balance,0,Aligned,False,False
15813917,High Balance,1,High Balance / Low Salary (Unusual Profile),False,False
15679611,Medium Balance,0,High Balance / Low Salary (Unusual Profile),False,False
15636589,Zero Balance,1,Aligned,False,False
15687752,Low Balance,0,Aligned,False,False
15584363,Medium Balance,3,Aligned,False,False
15737748,High Balance,3,Aligned,True,True
15803365,Low Balance,1,Aligned,False,False
15793247,Zero Balance,1,Aligned,False,False
15572360,Low Balance,1,Aligned,False,False
15795166,High Balance,1,High Balance / Low Salary (Unusual Profile),False,False
15724620,Medium Balance,3,Aligned,False,False
15800856,Low Balance,0,Aligned,False,False
15671097,Zero Balance,1,Aligned,False,False
15683930,Medium Balance,1,Aligned,False,False
15749004,Low Balance,2,Aligned,False,False
15800434,Low Balance,2,Aligned,False,False
15709117,Low Balance,0,Aligned,False,False
15638806,Zero Balance,0,Aligned,False,False
15662294,Low Balance,3,High Salary / Low Balance (Wallet-Share Risk),False,False
15690079,Medium Balance,0,High Balance / Low Salary (Unusual Profile),False,False
15759317,Low Balance,2,Aligned,False,False
15750497,High Balance,3,Aligned,True,False
15596181,Low Balance,1,Aligned,False,False
15576602,Zero Balance,1,Aligned,False,False
15644833,Zero Balance,3,High Salary / Low Balance (Wallet-Share Risk),False,False
15734634,Low Balance,0,Aligned,False,False
15808689,Zero Balance,0,Aligned,False,False
15720702,Zero Balance,2,High Salary / Low Balance (Wallet-Share Risk),False,False
15665077,Zero Balance,2,High Salary / Low Balance (Wallet-Share Risk),False,False
15763612,Medium Balance,0,High Balance / Low Salary (Unusual Profile),False,False
15596493,Zero Balance,3,High Salary / Low Balance (Wallet-Share Risk),False,False
15704483,Zero Balance,2,High Salary / Low Balance (Wallet-Share Risk),False,False
15598846,Low Balance,0,Aligned,False,False
15629244,High Balance,1,High Balance / Low Salary (Unusual Profile),False,False
15765537,High Balance,3,Aligned,True,False
15729975,High Balance,0,High Balance / Low Salary (Unusual Profile),False,False
15682773,Medium Balance,1,Aligned,False,False
15688007,High Balance,0,High Balance / Low Salary (Unusual Profile),False,False
15574331,Low Balance,0,Aligned,False,False
15645572,Zero Balance,0,Aligned,False,False
15742854,Zero Balance,1,Aligned,False,False
15575417,High Balance,0,High Balance / Low Salary (Unusual Profile),False,False
15796721,High Balance,2,Aligned,False,False
15734942,Low Balance,0,Aligned,False,False
15664772,Low Balance,3,High Salary / Low Balance (Wallet-Share Risk),False,False
15576683,Zero Balance,2,High Salary / Low Balance (Wallet-Share Risk),False,False
15682563,Medium Balance,1,Aligned,False,False
15650889,Medium Balance,3,Aligned,False,False
15612108,High Balance,1,High Balance / Low Salary (Unusual Profile),False,False
15761132,Medium Balance,1,Aligned,False,False
15645511,Low Balance,2,Aligned,False,False
15609824,High Balance,3,Aligned,True,True
15640268,Zero Balance,2,High Salary / Low Balance (Wallet-Share Risk),False,False
15645778,Low Balance,3,High Salary / Low Balance (Wallet-Share Risk),False,False
15691104,Low Balance,1,Aligned,False,False
15714567,Zero Balance,3,High Salary / Low Balance (Wallet-Share Risk),False,False
15777826,Low Balance,3,High Salary / Low Balance (Wallet-Share Risk),False,False
15668445,Zero Balance,1,Aligned,False,False
15576162,Low Balance,0,Aligned,False,False
15778135,Zero Balance,1,Aligned,False,False
15613141,Medium Balance,2,Aligned,False,False
15635435,Medium Balance,0,High Balance / Low Salary (Unusual Profile),False,False
15596552,Medium Balance,1,Aligned,False,False
15623644,Zero Balance,0,Aligned,False,False
15683403,Zero Balance,1,Aligned,False,False
15615029,Zero Balance,1,Aligned,False,False
15769005,High Balance,0,High Balance / Low Salary (Unusual Profile),False,False
15746326,Zero Balance,3,High Salary / Low Balance (Wallet-Share Risk),False,False
15722364,High Balance,1,High Balance / Low Salary (Unusual Profile),False,False
15704954,Medium Balance,2,Aligned,False,False
15694409,Low Balance,1,Aligned,False,False
15754068,Zero Balance,2,High Salary / Low Balance (Wallet-Share Risk),False,False
15683841,Low Balance,3,High Salary / Low Balance (Wallet-Share Risk),False,False
15789095,Zero Balance,1,Aligned,False,False
15719958,Medium Balance,2,Aligned,False,False
15689514,High Balance,2,Aligned,False,False
15621353,Zero Balance,0,Aligned,False,False
15627232,Low Balance,1,Aligned,False,False
15745843,Zero Balance,2,High Salary / Low Balance (Wallet-Share Risk),False,False
15722902,Medium Balance,0,High Balance / Low Salary (Unusual Profile),False,False
15791767,Zero Balance,3,High Salary / Low Balance (Wallet-Share Risk),False,False
15792722,Low Balance,2,Aligned,False,False
15723006,Zero Balance,3,High Salary / Low Balance (Wallet-Share Risk),False,False
15771942,Medium Balance,2,Aligned,False,False
15774738,Low Balance,3,High Salary / Low Balance (Wallet-Share Risk),False,False
15574004,Low Balance,0,Aligned,False,False
15587233,Low Balance,3,High Salary / Low Balance (Wallet-Share Risk),False,False
15808228,Low Balance,3,High Salary / Low Balance (Wallet-Share Risk),False,False
15682834,Low Balance,3,High Salary / Low Balance (Wallet-Share Risk),False,False
15571752,Low Balance,0,Aligned,False,False
15743067,Medium Balance,2,Aligned,False,False
15714466,Zero Balance,0,Aligned,False,False
15617982,Zero Balance,0,Aligned,False,False
15696637,High Balance,0,High Balance / Low Salary (Unusual Profile),False,False
15690647,Low Balance,0,Aligned,False,False
15672756,Low Balance,0,Aligned,False,False
15704586,Zero Balance,1,Aligned,False,False
15674526,Low Balance,2,Aligned,False,False
15775295,Low Balance,1,Aligned,False,False
15684196,High Balance,2,Aligned,False,False
15727281,Zero Balance,1,Aligned,False,False
15787835,Medium Balance,0,High Balance / Low Salary (Unusual Profile),False,False
15730540,Low Balance,2,Aligned,False,False
15646276,High Balance,3,Aligned,True,True
15582180,Medium Balance,3,Aligned,False,False
15697095,Zero Balance,2,High Salary / Low Balance (Wallet-Share Risk),False,False
15748797,Zero Balance,1,Aligned,False,False
15754796,Medium Balance,0,High Balance / Low Salary (Unusual Profile),False,False
15628947,Zero Balance,1,Aligned,False,False
15775546,Zero Balance,2,High Salary / Low Balance (Wallet-Share Risk),False,False
15670481,Medium Balance,2,Aligned,False,False
15619029,Zero Balance,0,Aligned,False,False
15613282,Medium Balance,1,Aligned,False,False
15721487,Zero Balance,1,Aligned,False,False
15797276,Low Balance,1,Aligned,False,False
15612494,Medium Balance,2,Aligned,False,False
15629617,Medium Balance,1,Aligned,False,False
15600821,Low Balance,3,High Salary / Low Balance (Wallet-Share Risk),False,False
15579062,Zero Balance,0,Aligned,False,False
15814268,Low Balance,2,Aligned,False,False
15710164,Zero Balance,2,High Salary / Low Balance (Wallet-Share Risk),False,False
15693904,Low Balance,3,High Salary / Low Balance (Wallet-Share Risk),False,False
15588986,Low Balance,0,Aligned,False,False
15797733,Medium Balance,0,High Balance / Low Salary (Unusual Profile),False,False
15620507,High Balance,2,Aligned,False,False
15685150,High Balance,2,Aligned,False,False
15667651,Zero Balance,2,High Salary / Low Balance (Wallet-Share Risk),False,False
15774166,Low Balance,2,Aligned,False,False
15649280,Medium Balance,0,High Balance / Low Salary (Unusual Profile),False,False
15705657,Low Balance,2,Aligned,False,False
15753969,Low Balance,0,Aligned,False,False
15742378,Low Balance,1,Aligned,False,False
15794874,Medium Balance,3,Aligned,False,False
15589221,High Balance,0,High Balance / Low Salary (Unusual Profile),False,False
15596671,Low Balance,2,Aligned,False,False
15583668,Low Balance,3,High Salary / Low Balance (Wallet-Share Risk),False,False
15710206,High Balance,0,High Balance / Low Salary (Unusual Profile),False,False
15799966,Low Balance,3,High Salary / Low Balance (Wallet-Share Risk),False,False
15794560,Zero Balance,2,High Salary / Low Balance (Wallet-Share Risk),False,False
15626485,Low Balance,0,Aligned,False,False
15703143,Low Balance,2,Aligned,False,False
15809772,Zero Balance,0,Aligned,False,False
15687959,Zero Balance,1,Aligned,False,False
15585282,Medium Balance,2,Aligned,False,False
15714993,Medium Balance,2,Aligned,False,False
15596021,Zero Balance,2,High Salary / Low Balance (Wallet-Share Risk),False,False
15646615,Low Balance,1,Aligned,False,False
15742632,Zero Balance,1,Aligned,False,False
15574068,Low Balance,1,Aligned,False,False
15806967,Zero Balance,1,Aligned,False,False
15796334,High Balance,0,High Balance / Low Salary (Unusual Profile),False,False
15688713,Zero Balance,2,High Salary / Low Balance (Wallet-Share Risk),False,False
15796179,Zero Balance,1,Aligned,False,False
15598751,Zero Balance,2,High Salary / Low Balance (Wallet-Share Risk),False,False
15703019,Zero Balance,2,High Salary / Low Balance (Wallet-Share Risk),False,False
15646302,Low Balance,2,Aligned,False,False
15680855,High Balance,2,Aligned,False,False
15697311,Low Balance,0,Aligned,False,False
15585367,Medium Balance,3,Aligned,False,False
15726556,Medium Balance,2,Aligned,False,False
15676242,Medium Balance,1,Aligned,False,False
15684198,Zero Balance,0,Aligned,False,False
15774882,Low Balance,0,Aligned,False,False
15714227,Zero Balance,2,High Salary / Low Balance (Wallet-Share Risk),False,False
15608653,Low Balance,0,Aligned,False,False
15784280,Low Balance,1,Aligned,False,False
15789546,Zero Balance,2,High Salary / Low Balance (Wallet-Share Risk),False,False
15590320,Zero Balance,1,Aligned,False,False
15678385,Low Balance,0,Aligned,False,False
15571778,Low Balance,1,Aligned,False,False
15657085,Low Balance,2,Aligned,False,False
15640627,Zero Balance,3,High Salary / Low Balance (Wallet-Share Risk),False,False
15566211,Low Balance,0,Aligned,False,False
15669293,Low Balance,0,Aligned,False,False
15595067,Zero Balance,3,High Salary / Low Balance (Wallet-Share Risk),False,False
15753566,Low Balance,3,High Salary / Low Balance (Wallet-Share Risk),False,False
15650391,High Balance,0,High Balance / Low Salary (Unusual Profile),False,False
15681843,High Balance,3,Aligned,True,True
15814846,Zero Balance,3,High Salary / Low Balance (Wallet-Share Risk),False,False
15670374,Medium Balance,3,Aligned,False,False
15762332,Low Balance,1,Aligned,False,False
15700223,High Balance,0,High Balance / Low Salary (Unusual Profile),False,False
15729956,Low Balance,0,Aligned,False,False
15594862,Zero Balance,2,High Salary / Low Balance (Wallet-Share Risk),False,False
15598782,High Balance,1,High Balance / Low Salary (Unusual Profile),False,False
15745080,Zero Balance,0,Aligned,False,False
15703399,Low Balance,3,High Salary / Low Balance (Wallet-Share Risk),False,False
15732175,Zero Balance,0,Aligned,False,False
15630725,Low Balance,3,High Salary / Low Balance (Wallet-Share Risk),False,False
15640260,Medium Balance,1,Aligned,False,False
15716822,Low Balance,0,Aligned,False,False
15583748,Zero Balance,3,High Salary / Low Balance (Wallet-Share Risk),False,False
15605968,Low Balance,0,Aligned,False,False
15790683,Low Balance,1,Aligned,False,False
15607713,Zero Balance,3,High Salary / Low Balance (Wallet-Share Risk),False,False
15700212,Zero Balance,2,High Salary / Low Balance (Wallet-Share Risk),False,False
15626710,Zero Balance,1,Aligned,False,False
15716491,Low Balance,2,Aligned,False,False
15625824,Medium Balance,0,High Balance / Low Salary (Unusual Profile),False,False
15617705,High Balance,3,Aligned,True,False
15761976,Zero Balance,2,High Salary / Low Balance (Wallet-Share Risk),False,False
15634891,Low Balance,3,High Salary / Low Balance (Wallet-Share Risk),False,False
15744517,Zero Balance,3,High Salary / Low Balance (Wallet-Share Risk),False,False
15686963,Zero Balance,3,High Salary / Low Balance (Wallet-Share Risk),False,False
15808189,Zero Balance,2,High Salary / Low Balance (Wallet-Share Risk),False,False
15580845,Low Balance,2,Aligned,False,False
15799156,Zero Balance,1,Aligned,False,False
15694296,Low Balance,0,Aligned,False,False
15677049,Low Balance,3,High Salary / Low Balance (Wallet-Share Risk),False,False
15583595,Zero Balance,2,High Salary / Low Balance (Wallet-Share Risk),False,False
15590146,Low Balance,1,Aligned,False,False
15801548,High Balance,0,High Balance / Low Salary (Unusual Profile),False,False
15660833,Low Balance,2,Aligned,False,False
15762277,High Balance,1,High Balance / Low Salary (Unusual Profile),False,False
15791302,Zero Balance,2,High Salary / Low Balance (Wallet-Share Risk),False,False
15798975,Medium Balance,0,High Balance / Low Salary (Unusual Profile),False,False
15599956,Zero Balance,0,Aligned,False,False
15577274,Medium Balance,0,High Balance / Low Salary (Unusual Profile),False,False
15701200,Zero Balance,0,Aligned,False,False
15638149,Low Balance,3,High Salary / Low Balance (Wallet-Share Risk),False,False
15786199,Medium Balance,2,Aligned,False,False
15701765,Zero Balance,0,Aligned,False,False
15586974,Zero Balance,1,Aligned,False,False
15729040,Zero Balance,0,Aligned,False,False
15788676,Low Balance,0,Aligned,False,False
15602497,Medium Balance,0,High Balance / Low Salary (Unusual Profile),False,False
15701333,Low Balance,3,High Salary / Low Balance (Wallet-Share Risk),False,False
15812071,Low Balance,2,Aligned,False,False
15634375,Zero Balance,1,Aligned,False,False
15738267,Medium Balance,2,Aligned,False,False
15786800,Medium Balance,1,Aligned,False,False
15591130,Zero Balance,1,Aligned,False,False
15720662,Low Balance,0,Aligned,False,False
15751531,Zero Balance,3,High Salary / Low Balance (Wallet-Share Risk),False,False
15653595,Zero Balance,3,High Salary / Low Balance (Wallet-Share Risk),False,False
15568360,High Balance,3,Aligned,True,False
15781210,Zero Balance,0,Aligned,False,False
15668058,Medium Balance,1,Aligned,False,False
15597131,High Balance,0,High Balance / Low Salary (Unusual Profile),False,False
15697283,Zero Balance,2,High Salary / Low Balance (Wallet-Share Risk),False,False
15640953,Low Balance,2,Aligned,False,False
15715031,Zero Balance,1,Aligned,False,False
15589660,High Balance,1,High Balance / Low Salary (Unusual Profile),False,False
15769818,High Balance,1,High Balance / Low Salary (Unusual Profile),False,False
15782736,High Balance,3,Aligned,True,False
15614818,High Balance,2,Aligned,False,False
15794014,Zero Balance,0,Aligned,False,False
15732448,Zero Balance,0,Aligned,False,False
15723411,Low Balance,0,Aligned,False,False
15797686,Low Balance,3,High Salary / Low Balance (Wallet-Share Risk),False,False
15605950,Medium Balance,3,Aligned,False,False
15812497,Low Balance,1,Aligned,False,False
15690678,Medium Balance,3,Aligned,False,False
15747677,High Balance,0,High Balance / Low Salary (Unusual Profile),False,False
15618926,Zero Balance,0,Aligned,False,False
15673908,High Balance,2,Aligned,False,False
15727944,Low Balance,2,Aligned,False,False
15807294,Low Balance,1,Aligned,False,False
15618581,Zero Balance,2,High Salary / Low Balance (Wallet-Share Risk),False,False
15584364,Low Balance,3,High Salary / Low Balance (Wallet-Share Risk),False,False
15599552,Zero Balance,1,Aligned,False,False
15749177,Zero Balance,2,High Salary / Low Balance (Wallet-Share Risk),False,False
15718779,Zero Balance,1,Aligned,False,False
15568106,Low Balance,0,Aligned,False,False
15779481,High Balance,2,Aligned,False,False
15709994,High Balance,2,Aligned,False,False
15772777,Zero Balance,1,Aligned,False,False
15706815,Low Balance,3,High Salary / Low Balance (Wallet-Share Risk),False,False
15618018,Low Balance,3,High Salary / Low Balance (Wallet-Share Risk),False,False
15671032,Low Balance,1,Aligned,False,False
15634281,Low Balance,1,Aligned,False,False
15766374,Low Balance,3,High Salary / Low Balance (Wallet-Share Risk),False,False
15600991,Low Balance,0,Aligned,False,False
15777576,Medium Balance,0,High Balance / Low Salary (Unusual Profile),False,False
15742613,High Balance,3,Aligned,True,True
15649523,Zero Balance,0,Aligned,False,False
15651063,Medium Balance,3,Aligned,False,False
15683124,Low Balance,3,High Salary / Low Balance (Wallet-Share Risk),False,False
15618314,Low Balance,1,Aligned,False,False
15670823,Low Balance,0,Aligned,False,False
15607133,Low Balance,2,Aligned,False,False
15615012,High Balance,3,Aligned,True,True
15725141,Low Balance,0,Aligned,False,False
15623560,Low Balance,1,Aligned,False,False
15693018,Low Balance,1,Aligned,False,False
15636756,Zero Balance,3,High Salary / Low Balance (Wallet-Share Risk),False,False
15647474,Low Balance,1,Aligned,False,False
15576714,Zero Balance,3,High Salary / Low Balance (Wallet-Share Risk),False,False
15585047,High Balance,3,Aligned,True,True
15743976,Low Balance,3,High Salary / Low Balance (Wallet-Share Risk),False,False
15793881,Low Balance,0,Aligned,False,False
15576517,Medium Balance,1,Aligned,False,False
15631072,Low Balance,1,Aligned,False,False
15730394,Zero Balance,3,High Salary / Low Balance (Wallet-Share Risk),False,False
15631460,Zero Balance,2,High Salary / Low Balance (Wallet-Share Risk),False,False
15692002,Low Balance,3,High Salary / Low Balance (Wallet-Share Risk),False,False
15595282,Zero Balance,3,High Salary / Low Balance (Wallet-Share Risk),False,False
15789548,Zero Balance,2,High Salary / Low Balance (Wallet-Share Risk),False,False
15758035,High Balance,2,Aligned,False,False
15617518,Low Balance,3,High Salary / Low Balance (Wallet-Share Risk),False,False
15651802,Low Balance,1,Aligned,False,False
15631813,Zero Balance,1,Aligned,False,False
15729668,Low Balance,3,High Salary / Low Balance (Wallet-Share Risk),False,False
15741728,Medium Balance,2,Aligned,False,False
15576676,Medium Balance,0,High Balance / Low Salary (Unusual Profile),False,False
15711378,Zero Balance,3,High Salary / Low Balance (Wallet-Share Risk),False,False
15765520,High Balance,3,Aligned,True,True
15656726,Low Balance,0,Aligned,False,False
15647842,Medium Balance,1,Aligned,False,False
15719309,Low Balance,0,Aligned,False,False
15748718,Low Balance,3,High Salary / Low Balance (Wallet-Share Risk),False,False
15594404,High Balance,2,Aligned,False,False
15751158,Low Balance,1,Aligned,False,False
15593470,High Balance,0,High Balance / Low Salary (Unusual Profile),False,False
15695129,High Balance,0,High Balance / Low Salary (Unusual Profile),False,False
15640865,Low Balance,1,Aligned,False,False
15714080,Low Balance,3,High Salary / Low Balance (Wallet-Share Risk),False,False
15648721,Zero Balance,0,Aligned,False,False
15801466,Medium Balance,1,Aligned,False,False
15750248,Medium Balance,1,Aligned,False,False
15758726,Zero Balance,2,High Salary / Low Balance (Wallet-Share Risk),False,False
15781553,Low Balance,2,Aligned,False,False
15649121,Zero Balance,2,High Salary / Low Balance (Wallet-Share Risk),False,False
15674811,Low Balance,2,Aligned,False,False
15646037,Zero Balance,1,Aligned,False,False
15722578,Low Balance,3,High Salary / Low Balance (Wallet-Share Risk),False,False
15665695,Zero Balance,0,Aligned,False,False
15801062,Zero Balance,2,High Salary / Low Balance (Wallet-Share Risk),False,False
15662955,High Balance,1,High Balance / Low Salary (Unusual Profile),False,False
15770309,High Balance,2,Aligned,False,False
15657386,High Balance,1,High Balance / Low Salary (Unusual Profile),False,False
15777797,Low Balance,0,Aligned,False,False
15783955,High Balance,0,High Balance / Low Salary (Unusual Profile),False,False
15804516,Zero Balance,1,Aligned,False,False
15681758,Zero Balance,1,Aligned,False,False
15630321,Zero Balance,1,Aligned,False,False
15588248,Zero Balance,0,Aligned,False,False
15591932,Low Balance,2,Aligned,False,False
15810347,Zero Balance,3,High Salary / Low Balance (Wallet-Share Risk),False,False
15595303,Medium Balance,1,Aligned,False,False
15634950,Low Balance,2,Aligned,False,False
15685372,High Balance,3,Aligned,True,False
15745827,Medium Balance,2,Aligned,False,False
15755868,Zero Balance,0,Aligned,False,False
15735222,Zero Balance,1,Aligned,False,False
15604804,Medium Balance,2,Aligned,False,False
15718944,Zero Balance,3,High Salary / Low Balance (Wallet-Share Risk),False,False
15678626,Zero Balance,3,High Salary / Low Balance (Wallet-Share Risk),False,False
15571550,Zero Balance,1,Aligned,False,False
15723053,High Balance,0,High Balance / Low Salary (Unusual Profile),False,False
15661528,Low Balance,1,Aligned,False,False
15754177,Low Balance,0,Aligned,False,False
15683544,Zero Balance,1,Aligned,False,False
15708048,Medium Balance,2,Aligned,False,False
15701109,Zero Balance,3,High Salary / Low Balance (Wallet-Share Risk),False,False
15600110,Low Balance,0,Aligned,False,False
15651533,Medium Balance,3,Aligned,False,False
15777904,Zero Balance,1,Aligned,False,False
15655574,High Balance,2,Aligned,False,False
15569423,Zero Balance,0,Aligned,False,False
15718106,Zero Balance,3,High Salary / Low Balance (Wallet-Share Risk),False,False
15585067,Low Balance,3,High Salary / Low Balance (Wallet-Share Risk),False,False
15675501,High Balance,0,High Balance / Low Salary (Unusual Profile),False,False
15633233,Low Balance,2,Aligned,False,False
15667134,Zero Balance,2,High Salary / Low Balance (Wallet-Share Risk),False,False
15659105,Low Balance,1,Aligned,False,False
15575409,Low Balance,2,Aligned,False,False
15752342,Medium Balance,2,Aligned,False,False
15654851,Low Balance,1,Aligned,False,False
15741429,Low Balance,2,Aligned,False,False
15682356,Low Balance,0,Aligned,False,False
15806447,Low Balance,2,Aligned,False,False
15800229,Medium Balance,3,Aligned,False,False
15663441,High Balance,3,Aligned,True,True
15791991,Zero Balance,2,High Salary / Low Balance (Wallet-Share Risk),False,False
15775082,Medium Balance,2,Aligned,False,False
15579706,Zero Balance,1,Aligned,False,False
15718247,Zero Balance,3,High Salary / Low Balance (Wallet-Share Risk),False,False
15755722,Zero Balance,1,Aligned,False,False
15582259,Zero Balance,0,Aligned,False,False
15716994,Low Balance,1,Aligned,False,False
15586880,Medium Balance,0,High Balance / Low Salary (Unusual Profile),False,False
15713854,Zero Balance,2,High Salary / Low Balance (Wallet-Share Risk),False,False
15780835,Medium Balance,3,Aligned,False,False
15675896,Low Balance,1,Aligned,False,False
15658459,Zero Balance,3,High Salary / Low Balance (Wallet-Share Risk),False,False
15658057,Zero Balance,1,Aligned,False,False
15801767,Zero Balance,2,High Salary / Low Balance (Wallet-Share Risk),False,False
15569178,Low Balance,1,Aligned,False,False
15731478,Low Balance,1,Aligned,False,False
15811236,Medium Balance,1,Aligned,False,False
15746749,Zero Balance,1,Aligned,False,False
15662758,Low Balance,1,Aligned,False,False
15709387,Zero Balance,3,High Salary / Low Balance (Wallet-Share Risk),False,False
15572093,High Balance,2,Aligned,False,False
15713826,Low Balance,2,Aligned,False,False
15570205,Zero Balance,2,High Salary / Low Balance (Wallet-Share Risk),False,False
15589348,Medium Balance,0,High Balance / Low Salary (Unusual Profile),False,False
15804610,Zero Balance,3,High Salary / Low Balance (Wallet-Share Risk),False,False
15700854,Zero Balance,1,Aligned,False,False
15758836,Low Balance,1,Aligned,False,False
15772933,Zero Balance,2,High Salary / Low Balance (Wallet-Share Risk),False,False
15809006,Low Balance,1,Aligned,False,False
15689612,Zero Balance,2,High Salary / Low Balance (Wallet-Share Risk),False,False
15744614,Low Balance,1,Aligned,False,False
15704250,Zero Balance,2,High Salary / Low Balance (Wallet-Share Risk),False,False
15700255,Low Balance,2,Aligned,False,False
15669410,Low Balance,0,Aligned,False,False
15807595,High Balance,1,High Balance / Low Salary (Unusual Profile),False,False
15664523,Medium Balance,0,High Balance / Low Salary (Unusual Profile),False,False
15642833,Zero Balance,2,High Salary / Low Balance (Wallet-Share Risk),False,False
15605279,Zero Balance,3,High Salary / Low Balance (Wallet-Share Risk),False,False
15713644,Zero Balance,3,High Salary / Low Balance (Wallet-Share Risk),False,False
15750466,Low Balance,3,High Salary / Low Balance (Wallet-Share Risk),False,False
15739054,Low Balance,2,Aligned,False,False
15612771,High Balance,0,High Balance / Low Salary (Unusual Profile),False,False
15788483,Zero Balance,2,High Salary / Low Balance (Wallet-Share Risk),False,False
15732832,Zero Balance,0,Aligned,False,False
15772892,Zero Balance,2,High Salary / Low Balance (Wallet-Share Risk),False,False
15713843,Zero Balance,0,Aligned,False,False
15567993,Medium Balance,1,Aligned,False,False
15617603,Medium Balance,2,Aligned,False,False
15744983,High Balance,1,High Balance / Low Salary (Unusual Profile),False,False
15630419,High Balance,1,High Balance / Low Salary (Unusual Profile),False,False
15738828,High Balance,3,Aligned,True,True
15778025,Low Balance,3,High Salary / Low Balance (Wallet-Share Risk),False,False
15799479,Zero Balance,2,High Salary / Low Balance (Wallet-Share Risk),False,False
15684269,Low Balance,0,Aligned,False,False
15762745,Zero Balance,2,High Salary / Low Balance (Wallet-Share Risk),False,False
15746970,Zero Balance,0,Aligned,False,False
15725024,Low Balance,0,Aligned,False,False
15592116,Zero Balance,0,Aligned,False,False
15624391,Low Balance,3,High Salary / Low Balance (Wallet-Share Risk),False,False
15567422,Zero Balance,3,High Salary / Low Balance (Wallet-Share Risk),False,False
15612627,High Balance,1,High Balance / Low Salary (Unusual Profile),False,False
15574879,Medium Balance,0,High Balance / Low Salary (Unusual Profile),False,False
15745107,Low Balance,1,Aligned,False,False
15734491,Zero Balance,0,Aligned,False,False
15675320,Low Balance,2,Aligned,False,False
15643824,Medium Balance,1,Aligned,False,False
15643438,Zero Balance,0,Aligned,False,False
15721730,Zero Balance,1,Aligned,False,False
15680727,Medium Balance,2,Aligned,False,False
15752508,Low Balance,1,Aligned,False,False
15808846,High Balance,3,Aligned,True,False
15727251,Low Balance,1,Aligned,False,False
15663489,Medium Balance,3,Aligned,False,False
15683677,Zero Balance,0,Aligned,False,False
15596414,Low Balance,0,Aligned,False,False
15730639,Medium Balance,1,Aligned,False,False
15672132,Medium Balance,0,High Balance / Low Salary (Unusual Profile),False,False
15742638,Zero Balance,0,Aligned,False,False
15578603,Low Balance,2,Aligned,False,False
15726088,Zero Balance,0,Aligned,False,False
15682533,Low Balance,3,High Salary / Low Balance (Wallet-Share Risk),False,False
15772995,Low Balance,1,Aligned,False,False
15765694,Zero Balance,2,High Salary / Low Balance (Wallet-Share Risk),False,False
15659486,Low Balance,0,Aligned,False,False
15568963,High Balance,3,Aligned,True,True
15703820,Medium Balance,2,Aligned,False,False
15569410,Low Balance,3,High Salary / Low Balance (Wallet-Share Risk),False,False
15632256,Medium Balance,1,Aligned,False,False
15724466,Low Balance,3,High Salary / Low Balance (Wallet-Share Risk),False,False
15777639,Low Balance,0,Aligned,False,False
15802501,Low Balance,2,Aligned,False,False
15778410,Zero Balance,3,High Salary / Low Balance (Wallet-Share Risk),False,False
15670702,High Balance,2,Aligned,False,False
15704763,High Balance,2,Aligned,False,False
15645544,Medium Balance,0,High Balance / Low Salary (Unusual Profile),False,False
15757646,Zero Balance,3,High Salary / Low Balance (Wallet-Share Risk),False,False
15701121,Low Balance,2,Aligned,False,False
15796313,High Balance,2,Aligned,False,False
15815660,High Balance,1,High Balance / Low Salary (Unusual Profile),False,False
15602844,Low Balance,3,High Salary / Low Balance (Wallet-Share Risk),False,False
15636238,Zero Balance,2,High Salary / Low Balance (Wallet-Share Risk),False,False
15770101,Low Balance,0,Aligned,False,False
15645543,Zero Balance,0,Aligned,False,False
15596397,Zero Balance,2,High Salary / Low Balance (Wallet-Share Risk),False,False
15770525,High Balance,0,High Balance / Low Salary (Unusual Profile),False,False
15684267,Low Balance,2,Aligned,False,False
15689980,Low Balance,2,Aligned,False,False
15633260,High Balance,1,High Balance / Low Salary (Unusual Profile),False,False
15756471,Low Balance,3,High Salary / Low Balance (Wallet-Share Risk),False,False
15721303,Medium Balance,0,High Balance / Low Salary (Unusual Profile),False,False
15802256,Low Balance,2,Aligned,False,False
15725664,Low Balance,3,High Salary / Low Balance (Wallet-Share Risk),False,False
15674851,Zero Balance,2,High Salary / Low Balance (Wallet-Share Risk),False,False
15701946,Medium Balance,1,Aligned,False,False
15748947,Low Balance,1,Aligned,False,False
15673342,Zero Balance,2,High Salary / Low Balance (Wallet-Share Risk),False,False
15601008,Zero Balance,2,High Salary / Low Balance (Wallet-Share Risk),False,False
15771636,Zero Balance,2,High Salary / Low Balance (Wallet-Share Risk),False,False
15642002,Low Balance,1,Aligned,False,False
15693381,Medium Balance,3,Aligned,False,False
15607691,High Balance,1,High Balance / Low Salary (Unusual Profile),False,False
15589380,Low Balance,1,Aligned,False,False
15603846,Zero Balance,1,Aligned,False,False
15753549,High Balance,0,High Balance / Low Salary (Unusual Profile),False,False
15725355,Zero Balance,2,High Salary / Low Balance (Wallet-Share Risk),False,False
15773017,Zero Balance,3,High Salary / Low Balance (Wallet-Share Risk),False,False
15625641,Low Balance,0,Aligned,False,False
15776467,Low Balance,1,Aligned,False,False
15746451,Low Balance,3,High Salary / Low Balance (Wallet-Share Risk),False,False
15777922,High Balance,2,Aligned,False,False
15606841,Zero Balance,3,High Salary / Low Balance (Wallet-Share Risk),False,False
15757648,Low Balance,3,High Salary / Low Balance (Wallet-Share Risk),False,False
15677173,Medium Balance,1,Aligned,False,False
15764170,Low Balance,0,Aligned,False,False
15610446,Low Balance,0,Aligned,False,False
15612776,Zero Balance,2,High Salary / Low Balance (Wallet-Share Risk),False,False
15794122,Zero Balance,1,Aligned,False,False
15774931,Low Balance,1,Aligned,False,False
15779247,Low Balance,3,High Salary / Low Balance (Wallet-Share Risk),False,False
15707078,High Balance,2,Aligned,False,False
15605263,High Balance,0,High Balance / Low Salary (Unusual Profile),False,False
15607381,High Balance,1,High Balance / Low Salary (Unusual Profile),False,False
15683471,Zero Balance,1,Aligned,False,False
15605037,Zero Balance,3,High Salary / Low Balance (Wallet-Share Risk),False,False
15576085,Zero Balance,2,High Salary / Low Balance (Wallet-Share Risk),False,False
15770435,Low Balance,1,Aligned,False,False
15592994,Zero Balance,3,High Salary / Low Balance (Wallet-Share Risk),False,False
15624068,Zero Balance,2,High Salary / Low Balance (Wallet-Share Risk),False,False
15595221,Medium Balance,2,Aligned,False,False
15637131,Zero Balance,0,Aligned,False,False
15613471,Low Balance,0,Aligned,False,False
15583499,Low Balance,0,Aligned,False,False
15752816,Low Balance,1,Aligned,False,False
15804075,Low Balance,1,Aligned,False,False
15800517,High Balance,1,High Balance / Low Salary (Unusual Profile),False,False
15712319,High Balance,2,Aligned,False,False
15797389,Medium Balance,0,High Balance / Low Salary (Unusual Profile),False,False
15621432,Zero Balance,3,High Salary / Low Balance (Wallet-Share Risk),False,False
15779390,Low Balance,3,High Salary / Low Balance (Wallet-Share Risk),False,False
15711219,Low Balance,3,High Salary / Low Balance (Wallet-Share Risk),False,False
15770498,Low Balance,1,Aligned,False,False
15678727,Low Balance,0,Aligned,False,False
15573893,High Balance,0,High Balance / Low Salary (Unusual Profile),False,False
15740104,High Balance,2,Aligned,False,False
15792649,Zero Balance,1,Aligned,False,False
15605275,Low Balance,3,High Salary / Low Balance (Wallet-Share Risk),False,False
15572467,Zero Balance,2,High Salary / Low Balance (Wallet-Share Risk),False,False
15738219,Zero Balance,1,Aligned,False,False
15600710,Zero Balance,0,Aligned,False,False
15804394,Medium Balance,0,High Balance / Low Salary (Unusual Profile),False,False
15694188,Low Balance,0,Aligned,False,False
15583718,High Balance,0,High Balance / Low Salary (Unusual Profile),False,False
15802478,Zero Balance,3,High Salary / Low Balance (Wallet-Share Risk),False,False
15619343,High Balance,2,Aligned,False,False
15758813,Low Balance,2,Aligned,False,False
15761374,Low Balance,3,High Salary / Low Balance (Wallet-Share Risk),False,False
15569209,Low Balance,3,High Salary / Low Balance (Wallet-Share Risk),False,False
15788539,Low Balance,0,Aligned,False,False
15747222,Zero Balance,2,High Salary / Low Balance (Wallet-Share Risk),False,False
15769346,Medium Balance,0,High Balance / Low Salary (Unusual Profile),False,False
15699634,Zero Balance,2,High Salary / Low Balance (Wallet-Share Risk),False,False
15589076,Zero Balance,3,High Salary / Low Balance (Wallet-Share Risk),False,False
15812338,Zero Balance,2,High Salary / Low Balance (Wallet-Share Risk),False,False
15758845,Low Balance,1,Aligned,False,False
15685844,High Balance,3,Aligned,True,False
15583090,Zero Balance,0,Aligned,False,False
15587581,Medium Balance,3,Aligned,False,False
15633640,High Balance,1,High Balance / Low Salary (Unusual Profile),False,False
15573741,Low Balance,2,Aligned,False,False
15633574,High Balance,2,Aligned,False,False
15711455,Low Balance,1,Aligned,False,False
15570601,Medium Balance,0,High Balance / Low Salary (Unusual Profile),False,False
15690925,Low Balance,1,Aligned,False,False
15709338,Low Balance,3,High Salary / Low Balance (Wallet-Share Risk),False,False
15780746,Zero Balance,3,High Salary / Low Balance (Wallet-Share Risk),False,False
15681956,Zero Balance,1,Aligned,False,False
15778190,Low Balance,3,High Salary / Low Balance (Wallet-Share Risk),False,False
15786852,High Balance,3,Aligned,True,False
15726494,High Balance,1,High Balance / Low Salary (Unusual Profile),False,False
15641183,Low Balance,1,Aligned,False,False
15805312,Medium Balance,2,Aligned,False,False
15636572,Zero Balance,2,High Salary / Low Balance (Wallet-Share Risk),False,False
15632575,Zero Balance,2,High Salary / Low Balance (Wallet-Share Risk),False,False
15740164,Low Balance,1,Aligned,False,False
15574947,Low Balance,0,Aligned,False,False
15597909,Medium Balance,3,Aligned,False,False
15782574,Zero Balance,1,Aligned,False,False
15734999,Low Balance,0,Aligned,False,False
15706593,Zero Balance,0,Aligned,False,False
15766686,Low Balance,0,Aligned,False,False
15590268,Low Balance,2,Aligned,False,False
15763055,Low Balance,2,Aligned,False,False
15664754,Medium Balance,0,High Balance / Low Salary (Unusual Profile),False,False
15643630,Low Balance,3,High Salary / Low Balance (Wallet-Share Risk),False,False
15641043,Zero Balance,1,Aligned,False,False
15768095,Zero Balance,2,High Salary / Low Balance (Wallet-Share Risk),False,False
15811314,High Balance,2,Aligned,False,False
15669922,Zero Balance,0,Aligned,False,False
15707114,Zero Balance,0,Aligned,False,False
15670602,Low Balance,3,High Salary / Low Balance (Wallet-Share Risk),False,False
15713479,Zero Balance,0,Aligned,False,False
15663830,Zero Balance,0,Aligned,False,False
15566958,High Balance,0,High Balance / Low Salary (Unusual Profile),False,False
15680918,Low Balance,2,Aligned,False,False
15663921,Zero Balance,3,High Salary / Low Balance (Wallet-Share Risk),False,False
15716324,High Balance,2,Aligned,False,False
15796969,Zero Balance,1,Aligned,False,False
15574783,Zero Balance,3,High Salary / Low Balance (Wallet-Share Risk),False,False
15773487,Low Balance,3,High Salary / Low Balance (Wallet-Share Risk),False,False
15802486,Zero Balance,2,High Salary / Low Balance (Wallet-Share Risk),False,False
15783398,Low Balance,2,Aligned,False,False
15649418,High Balance,2,Aligned,False,False
15604588,Zero Balance,3,High Salary / Low Balance (Wallet-Share Risk),False,False
15735428,Zero Balance,1,Aligned,False,False
15629078,Medium Balance,3,Aligned,False,False
15806880,Zero Balance,2,High Salary / Low Balance (Wallet-Share Risk),False,False
15754999,Zero Balance,2,High Salary / Low Balance (Wallet-Share Risk),False,False
15781034,Zero Balance,1,Aligned,False,False
15622017,Zero Balance,1,Aligned,False,False
15705885,Zero Balance,0,Aligned,False,False
15677382,Low Balance,3,High Salary / Low Balance (Wallet-Share Risk),False,False
15566843,Medium Balance,2,Aligned,False,False
15608387,Zero Balance,2,High Salary / Low Balance (Wallet-Share Risk),False,False
15810786,Zero Balance,0,Aligned,False,False
15626983,Zero Balance,0,Aligned,False,False
15773605,Zero Balance,0,Aligned,False,False
15811261,Low Balance,2,Aligned,False,False
15590606,Zero Balance,0,Aligned,False,False
15576644,Low Balance,2,Aligned,False,False
15750264,Low Balance,1,Aligned,False,False
15741554,Low Balance,3,High Salary / Low Balance (Wallet-Share Risk),False,False
15769051,Zero Balance,3,High Salary / Low Balance (Wallet-Share Risk),False,False
15812198,Low Balance,0,Aligned,False,False
15699772,Medium Balance,1,Aligned,False,False
15744105,Low Balance,0,Aligned,False,False
15739858,Zero Balance,2,High Salary / Low Balance (Wallet-Share Risk),False,False
15723720,Zero Balance,0,Aligned,False,False
15638355,Medium Balance,3,Aligned,False,False
15805637,Low Balance,2,Aligned,False,False
15629575,High Balance,3,Aligned,True,True
15586243,Medium Balance,1,Aligned,False,False
15757931,Zero Balance,3,High Salary / Low Balance (Wallet-Share Risk),False,False
15716023,Zero Balance,3,High Salary / Low Balance (Wallet-Share Risk),False,False
15647782,High Balance,3,Aligned,True,True
15716609,Medium Balance,0,High Balance / Low Salary (Unusual Profile),False,False
15623791,Low Balance,2,Aligned,False,False
15627262,Low Balance,2,Aligned,False,False
15652693,Medium Balance,3,Aligned,False,False
15586993,Zero Balance,0,Aligned,False,False
15815560,Low Balance,0,Aligned,False,False
15584930,Low Balance,0,Aligned,False,False
15799031,Zero Balance,0,Aligned,False,False
15810457,High Balance,3,Aligned,True,True
15697879,High Balance,0,High Balance / Low Salary (Unusual Profile),False,False
15594902,Low Balance,3,High Salary / Low Balance (Wallet-Share Risk),False,False
15799710,Low Balance,1,Aligned,False,False
15659651,Low Balance,2,Aligned,False,False
15645956,Low Balance,1,Aligned,False,False
15651713,High Balance,3,Aligned,True,True
15737265,High Balance,3,Aligned,True,True
15687310,Zero Balance,2,High Salary / Low Balance (Wallet-Share Risk),False,False
15607347,Medium Balance,2,Aligned,False,False
15698321,Low Balance,2,Aligned,False,False
15657812,Zero Balance,3,High Salary / Low Balance (Wallet-Share Risk),False,False
15569187,Zero Balance,2,High Salary / Low Balance (Wallet-Share Risk),False,False
15681562,Low Balance,2,Aligned,False,False
15615456,Medium Balance,1,Aligned,False,False
15589793,High Balance,3,Aligned,True,True
15781884,Low Balance,0,Aligned,False,False
15675190,Zero Balance,2,High Salary / Low Balance (Wallet-Share Risk),False,False
15600734,High Balance,3,Aligned,True,False
15779176,Low Balance,2,Aligned,False,False
15605286,Low Balance,2,Aligned,False,False
15674922,High Balance,3,Aligned,True,False
15737506,Zero Balance,3,High Salary / Low Balance (Wallet-Share Risk),False,False
15780514,Medium Balance,1,Aligned,False,False
15623647,Medium Balance,1,Aligned,False,False
15668472,High Balance,1,High Balance / Low Salary (Unusual Profile),False,False
15692416,High Balance,2,Aligned,False,False
15771139,High Balance,1,High Balance / Low Salary (Unusual Profile),False,False
15738318,Low Balance,1,Aligned,False,False
15772243,Zero Balance,2,High Salary / Low Balance (Wallet-Share Risk),False,False
15638463,Medium Balance,3,Aligned,False,False
15598088,Zero Balance,3,High Salary / Low Balance (Wallet-Share Risk),False,False
15693468,High Balance,0,High Balance / Low Salary (Unusual Profile),False,False
15671930,Zero Balance,2,High Salary / Low Balance (Wallet-Share Risk),False,False
15762268,High Balance,0,High Balance / Low Salary (Unusual Profile),False,False
15780954,Low Balance,0,Aligned,False,False
15700174,Low Balance,1,Aligned,False,False
15635728,Zero Balance,3,High Salary / Low Balance (Wallet-Share Risk),False,False
15679283,Medium Balance,3,Aligned,False,False
15591386,Zero Balance,1,Aligned,False,False
15694192,Zero Balance,3,High Salary / Low Balance (Wallet-Share Risk),False,False
15585901,Zero Balance,3,High Salary / Low Balance (Wallet-Share Risk),False,False
15792329,Low Balance,3,High Salary / Low Balance (Wallet-Share Risk),False,False
15635597,Zero Balance,3,High Salary / Low Balance (Wallet-Share Risk),False,False
15775880,Zero Balance,0,Aligned,False,False
15630913,Low Balance,2,Aligned,False,False
15756680,High Balance,2,Aligned,False,False
15587913,Zero Balance,2,High Salary / Low Balance (Wallet-Share Risk),False,False
15737605,Medium Balance,3,Aligned,False,False
15627876,Low Balance,1,Aligned,False,False
15772601,Low Balance,3,High Salary / Low Balance (Wallet-Share Risk),False,False
15758606,Zero Balance,1,Aligned,False,False
15657107,Low Balance,3,High Salary / Low Balance (Wallet-Share Risk),False,False
15622454,Low Balance,1,Aligned,False,False
15775803,Zero Balance,3,High Salary / Low Balance (Wallet-Share Risk),False,False
15570859,High Balance,1,High Balance / Low Salary (Unusual Profile),False,False
15748381,High Balance,1,High Balance / Low Salary (Unusual Profile),False,False
15787189,Medium Balance,3,Aligned,False,False
15666055,Zero Balance,1,Aligned,False,False
15617648,Low Balance,2,Aligned,False,False
15755678,Zero Balance,0,Aligned,False,False
15624781,High Balance,3,Aligned,True,False
15779497,Medium Balance,0,High Balance / Low Salary (Unusual Profile),False,False
15567399,High Balance,3,Aligned,True,False
15613656,Low Balance,1,Aligned,False,False
15734311,Zero Balance,1,Aligned,False,False
15657214,Zero Balance,1,Aligned,False,False
15799350,Low Balance,2,Aligned,False,False
15729970,Medium Balance,1,Aligned,False,False
15725835,Medium Balance,1,Aligned,False,False
15745543,Zero Balance,0,Aligned,False,False
15727384,High Balance,0,High Balance / Low Salary (Unusual Profile),False,False
15666916,Low Balance,3,High Salary / Low Balance (Wallet-Share Risk),False,False
15732917,Low Balance,2,Aligned,False,False
15612050,High Balance,3,Aligned,True,False
15726267,Low Balance,1,Aligned,False,False
15780124,Low Balance,1,Aligned,False,False
15742238,Medium Balance,2,Aligned,False,False
15679024,Low Balance,1,Aligned,False,False
15715297,Low Balance,1,Aligned,False,False
15633612,High Balance,2,Aligned,False,False
15602929,Zero Balance,0,Aligned,False,False
15696703,High Balance,2,Aligned,False,False
15756668,Low Balance,2,Aligned,False,False
15565779,Low Balance,3,High Salary / Low Balance (Wallet-Share Risk),False,False
15795519,Medium Balance,3,Aligned,False,False
15761477,Medium Balance,1,Aligned,False,False
15731890,Medium Balance,3,Aligned,False,False
15633043,Zero Balance,0,Aligned,False,False
15752953,Zero Balance,0,Aligned,False,False
15603088,Zero Balance,0,Aligned,False,False
15606613,Zero Balance,1,Aligned,False,False
15635939,Zero Balance,2,High Salary / Low Balance (Wallet-Share Risk),False,False
15666043,High Balance,3,Aligned,True,False
15746190,Zero Balance,2,High Salary / Low Balance (Wallet-Share Risk),False,False
15591357,Medium Balance,2,Aligned,False,False
15658716,Low Balance,3,High Salary / Low Balance (Wallet-Share Risk),False,False
15679909,Zero Balance,2,High Salary / Low Balance (Wallet-Share Risk),False,False
15634262,High Balance,0,High Balance / Low Salary (Unusual Profile),False,False
15799825,Zero Balance,0,Aligned,False,False
15756875,High Balance,0,High Balance / Low Salary (Unusual Profile),False,False
15678146,High Balance,2,Aligned,False,False
15710743,Zero Balance,2,High Salary / Low Balance (Wallet-Share Risk),False,False
15595831,High Balance,3,Aligned,True,False
15626684,High Balance,3,Aligned,True,False
15709846,Low Balance,1,Aligned,False,False
15635459,Low Balance,0,Aligned,False,False
15642544,Zero Balance,0,Aligned,False,False
15566494,Zero Balance,1,Aligned,False,False
15655238,Zero Balance,0,Aligned,False,False
15733429,Medium Balance,0,High Balance / Low Salary (Unusual Profile),False,False
15814536,Low Balance,0,Aligned,False,False
15771702,High Balance,2,Aligned,False,False
15723008,Low Balance,0,Aligned,False,False
15797160,Zero Balance,3,High Salary / Low Balance (Wallet-Share Risk),False,False
15792222,Low Balance,3,High Salary / Low Balance (Wallet-Share Risk),False,False
15644765,Medium Balance,2,Aligned,False,False
15610686,High Balance,3,Aligned,True,True
15730868,Zero Balance,0,Aligned,False,False
15705991,Low Balance,0,Aligned,False,False
15577078,Zero Balance,3,High Salary / Low Balance (Wallet-Share Risk),False,False
15679550,Zero Balance,3,High Salary / Low Balance (Wallet-Share Risk),False,False
15787655,Zero Balance,3,High Salary / Low Balance (Wallet-Share Risk),False,False
15668081,Zero Balance,1,Aligned,False,False
15747980,High Balance,3,Aligned,True,True
15710295,Low Balance,3,High Salary / Low Balance (Wallet-Share Risk),False,False
15724443,Medium Balance,1,Aligned,False,False
15571305,Low Balance,3,High Salary / Low Balance (Wallet-Share Risk),False,False
15569503,Zero Balance,3,High Salary / Low Balance (Wallet-Share Risk),False,False
15581840,Zero Balance,2,High Salary / Low Balance (Wallet-Share Risk),False,False
15772262,Low Balance,2,Aligned,False,False
15767794,Medium Balance,1,Aligned,False,False
15629338,Low Balance,2,Aligned,False,False
15790379,Low Balance,2,Aligned,False,False
15750684,Zero Balance,0,Aligned,False,False
15697214,Zero Balance,3,High Salary / Low Balance (Wallet-Share Risk),False,False
15711015,Zero Balance,3,High Salary / Low Balance (Wallet-Share Risk),False,False
15573309,Zero Balance,1,Aligned,False,False
15805303,High Balance,3,Aligned,True,True
15741385,Low Balance,3,High Salary / Low Balance (Wallet-Share Risk),False,False
15780254,Zero Balance,3,High Salary / Low Balance (Wallet-Share Risk),False,False
15744843,High Balance,3,Aligned,True,True
15815626,Low Balance,2,Aligned,False,False
15784736,Medium Balance,0,High Balance / Low Salary (Unusual Profile),False,False
15813412,Low Balance,1,Aligned,False,False
15809143,Medium Balance,2,Aligned,False,False
15617617,Zero Balance,3,High Salary / Low Balance (Wallet-Share Risk),False,False
15779738,Zero Balance,3,High Salary / Low Balance (Wallet-Share Risk),False,False
15668669,Low Balance,2,Aligned,False,False
15687477,High Balance,0,High Balance / Low Salary (Unusual Profile),False,False
15578908,Zero Balance,2,High Salary / Low Balance (Wallet-Share Risk),False,False
15687658,Low Balance,0,Aligned,False,False
15615020,High Balance,1,High Balance / Low Salary (Unusual Profile),False,False
15608886,Zero Balance,1,Aligned,False,False
15602551,Zero Balance,1,Aligned,False,False
15672945,Medium Balance,1,Aligned,False,False
15757408,High Balance,1,High Balance / Low Salary (Unusual Profile),False,False
15806132,High Balance,1,High Balance / Low Salary (Unusual Profile),False,False
15813022,Zero Balance,1,Aligned,False,False
15673578,Medium Balance,0,High Balance / Low Salary (Unusual Profile),False,False
15757916,Zero Balance,1,Aligned,False,False
15689168,High Balance,1,High Balance / Low Salary (Unusual Profile),False,False
15769216,Zero Balance,0,Aligned,False,False
15593295,Low Balance,2,Aligned,False,False
15804814,Zero Balance,2,High Salary / Low Balance (Wallet-Share Risk),False,False
15778934,Zero Balance,1,Aligned,False,False
15802351,Low Balance,0,Aligned,False,False
15630241,Low Balance,3,High Salary / Low Balance (Wallet-Share Risk),False,False
15719561,Zero Balance,1,Aligned,False,False
15615096,Zero Balance,0,Aligned,False,False
15659931,Medium Balance,1,Aligned,False,False
15714586,Low Balance,0,Aligned,False,False
15634949,High Balance,1,High Balance / Low Salary (Unusual Profile),False,False
15589224,Zero Balance,2,High Salary / Low Balance (Wallet-Share Risk),False,False
15795990,Medium Balance,0,High Balance / Low Salary (Unusual Profile),False,False
15603216,Zero Balance,2,High Salary / Low Balance (Wallet-Share Risk),False,False
15631201,Zero Balance,0,Aligned,False,False
15686255,Low Balance,1,Aligned,False,False
15746594,Zero Balance,2,High Salary / Low Balance (Wallet-Share Risk),False,False
15718893,Medium Balance,1,Aligned,False,False
15671609,Zero Balance,0,Aligned,False,False
15652540,Zero Balance,1,Aligned,False,False
15774857,Zero Balance,3,High Salary / Low Balance (Wallet-Share Risk),False,False
15791836,Zero Balance,2,High Salary / Low Balance (Wallet-Share Risk),False,False
15651554,Low Balance,2,Aligned,False,False
15583576,Zero Balance,2,High Salary / Low Balance (Wallet-Share Risk),False,False
15732740,High Balance,0,High Balance / Low Salary (Unusual Profile),False,False
15723320,Low Balance,2,Aligned,False,False
15603851,Medium Balance,3,Aligned,False,False
15777923,Zero Balance,3,High Salary / Low Balance (Wallet-Share Risk),False,False
15735719,Zero Balance,1,Aligned,False,False
15703482,Medium Balance,2,Aligned,False,False
15605835,Low Balance,2,Aligned,False,False
15664881,Low Balance,2,Aligned,False,False
15757568,Zero Balance,2,High Salary / Low Balance (Wallet-Share Risk),False,False
15792660,Low Balance,2,Aligned,False,False
15599722,Low Balance,2,Aligned,False,False
15726354,Medium Balance,3,Aligned,False,False
15610355,Low Balance,1,Aligned,False,False
15704284,Low Balance,0,Aligned,False,False
15621893,Medium Balance,0,High Balance / Low Salary (Unusual Profile),False,False
15588219,Low Balance,0,Aligned,False,False
15688619,Low Balance,3,High Salary / Low Balance (Wallet-Share Risk),False,False
15765518,Low Balance,0,Aligned,False,False
15616931,Low Balance,1,Aligned,False,False
15758372,Zero Balance,1,Aligned,False,False
15782591,Low Balance,3,High Salary / Low Balance (Wallet-Share Risk),False,False
15612109,Medium Balance,3,Aligned,False,False
15613712,Zero Balance,1,Aligned,False,False
15639322,Medium Balance,1,Aligned,False,False
15594349,Medium Balance,1,Aligned,False,False
15574167,Low Balance,3,High Salary / Low Balance (Wallet-Share Risk),False,False
15811842,Zero Balance,0,Aligned,False,False
15648794,Low Balance,0,Aligned,False,False
15771211,Low Balance,0,Aligned,False,False
15588614,Zero Balance,3,High Salary / Low Balance (Wallet-Share Risk),False,False
15630698,Low Balance,1,Aligned,False,False
15694200,High Balance,1,High Balance / Low Salary (Unusual Profile),False,False
15721426,Medium Balance,0,High Balance / Low Salary (Unusual Profile),False,False
15725997,Low Balance,0,Aligned,False,False
15762138,Zero Balance,3,High Salary / Low Balance (Wallet-Share Risk),False,False
15750649,Zero Balance,3,High Salary / Low Balance (Wallet-Share Risk),False,False
15685706,Low Balance,3,High Salary / Low Balance (Wallet-Share Risk),False,False
15641835,High Balance,1,High Balance / Low Salary (Unusual Profile),False,False
15586821,Zero Balance,0,Aligned,False,False
15569678,High Balance,2,Aligned,False,False
15793842,Low Balance,2,Aligned,False,False
15667554,Zero Balance,0,Aligned,False,False
15794479,High Balance,3,Aligned,True,False
15585041,Zero Balance,3,High Salary / Low Balance (Wallet-Share Risk),False,False
15780650,Zero Balance,1,Aligned,False,False
15780846,Medium Balance,1,Aligned,False,False
15805260,High Balance,1,High Balance / Low Salary (Unusual Profile),False,False
15621629,Low Balance,0,Aligned,False,False
15662151,Zero Balance,3,High Salary / Low Balance (Wallet-Share Risk),False,False
15747174,High Balance,3,Aligned,True,False
15651585,Low Balance,1,Aligned,False,False
15649738,Zero Balance,2,High Salary / Low Balance (Wallet-Share Risk),False,False
15633108,High Balance,3,Aligned,True,True
15769254,Low Balance,3,High Salary / Low Balance (Wallet-Share Risk),False,False
15704746,High Balance,1,High Balance / Low Salary (Unusual Profile),False,False
15637644,Zero Balance,0,Aligned,False,False
15609562,Low Balance,0,Aligned,False,False
15787459,Low Balance,2,Aligned,False,False
15762902,Zero Balance,0,Aligned,False,False
15738605,Medium Balance,0,High Balance / Low Salary (Unusual Profile),False,False
15724889,Zero Balance,1,Aligned,False,False
15730735,Low Balance,0,Aligned,False,False
15689147,Zero Balance,2,High Salary / Low Balance (Wallet-Share Risk),False,False
15730397,Low Balance,3,High Salary / Low Balance (Wallet-Share Risk),False,False
15762169,High Balance,1,High Balance / Low Salary (Unusual Profile),False,False
15589320,Zero Balance,1,Aligned,False,False
15799211,High Balance,2,Aligned,False,False
15798310,High Balance,3,Aligned,True,False
15609998,Medium Balance,2,Aligned,False,False
15583548,Low Balance,1,Aligned,False,False
15761763,High Balance,3,Aligned,True,True
15764409,Low Balance,2,Aligned,False,False
15710161,Zero Balance,3,High Salary / Low Balance (Wallet-Share Risk),False,False
15735246,Zero Balance,2,High Salary / Low Balance (Wallet-Share Risk),False,False
15791700,Low Balance,2,Aligned,False,False
15670753,Medium Balance,0,High Balance / Low Salary (Unusual Profile),False,False
15573876,Zero Balance,1,Aligned,False,False
15770174,High Balance,1,High Balance / Low Salary (Unusual Profile),False,False
15641114,Medium Balance,2,Aligned,False,False
15682435,High Balance,2,Aligned,False,False
15751788,Low Balance,3,High Salary / Low Balance (Wallet-Share Risk),False,False
15672598,Low Balance,3,High Salary / Low Balance (Wallet-Share Risk),False,False
15762803,Zero Balance,0,Aligned,False,False
15812982,Zero Balance,3,High Salary / Low Balance (Wallet-Share Risk),False,False
15597901,Zero Balance,3,High Salary / Low Balance (Wallet-Share Risk),False,False
15731507,High Balance,1,High Balance / Low Salary (Unusual Profile),False,False
15809826,Low Balance,0,Aligned,False,False
15764237,Zero Balance,1,Aligned,False,False
15769917,Medium Balance,1,Aligned,False,False
15641850,Low Balance,2,Aligned,False,False
15770974,High Balance,2,Aligned,False,False
15803749,Low Balance,0,Aligned,False,False
15684999,Low Balance,3,High Salary / Low Balance (Wallet-Share Risk),False,False
15770225,Zero Balance,1,Aligned,False,False
15627484,Low Balance,2,Aligned,False,False
15610337,Low Balance,3,High Salary / Low Balance (Wallet-Share Risk),False,False
15752488,Low Balance,2,Aligned,False,False
15610056,Medium Balance,2,Aligned,False,False
15806049,High Balance,2,Aligned,False,False
15736069,Medium Balance,2,Aligned,False,False
15763662,Low Balance,3,High Salary / Low Balance (Wallet-Share Risk),False,False
15615575,Zero Balance,2,High Salary / Low Balance (Wallet-Share Risk),False,False
15691723,Low Balance,2,Aligned,False,False
15774098,Medium Balance,1,Aligned,False,False
15750808,Medium Balance,3,Aligned,False,False
15744368,Low Balance,2,Aligned,False,False
15610594,Zero Balance,0,Aligned,False,False
15756125,High Balance,3,Aligned,True,True
15623277,Zero Balance,3,High Salary / Low Balance (Wallet-Share Risk),False,False
15795954,High Balance,0,High Balance / Low Salary (Unusual Profile),False,False
15671969,Zero Balance,3,High Salary / Low Balance (Wallet-Share Risk),False,False
15791268,Medium Balance,1,Aligned,False,False
15713655,Zero Balance,1,Aligned,False,False
15633930,High Balance,2,Aligned,False,False
15712849,Medium Balance,3,Aligned,False,False
15639077,High Balance,2,Aligned,False,False
15808784,High Balance,3,Aligned,True,False
15648577,Zero Balance,3,High Salary / Low Balance (Wallet-Share Risk),False,False
15670345,Medium Balance,3,Aligned,False,False
15633112,Low Balance,0,Aligned,False,False
15714397,Low Balance,3,High Salary / Low Balance (Wallet-Share Risk),False,False
15780038,Low Balance,3,High Salary / Low Balance (Wallet-Share Risk),False,False
15756305,Zero Balance,3,High Salary / Low Balance (Wallet-Share Risk),False,False
15578799,Low Balance,3,High Salary / Low Balance (Wallet-Share Risk),False,False
15800326,Zero Balance,1,Aligned,False,False
15785485,Medium Balance,2,Aligned,False,False
15783958,Medium Balance,0,High Balance / Low Salary (Unusual Profile),False,False
15727546,Zero Balance,0,Aligned,False,False
15739576,Zero Balance,0,Aligned,False,False
15631333,Medium Balance,0,High Balance / Low Salary (Unusual Profile),False,False
15604782,High Balance,3,Aligned,True,False
15589643,Zero Balance,2,High Salary / Low Balance (Wallet-Share Risk),False,False
15585533,High Balance,3,Aligned,True,False
15681506,Zero Balance,3,High Salary / Low Balance (Wallet-Share Risk),False,False
15630551,High Balance,0,High Balance / Low Salary (Unusual Profile),False,False
15698349,Zero Balance,3,High Salary / Low Balance (Wallet-Share Risk),False,False
15776631,Low Balance,1,Aligned,False,False
15762216,Medium Balance,3,Aligned,False,False
15623927,Zero Balance,1,Aligned,False,False
15681402,Low Balance,2,Aligned,False,False
15586264,High Balance,0,High Balance / Low Salary (Unusual Profile),False,False
15594685,Zero Balance,3,High Salary / Low Balance (Wallet-Share Risk),False,False
15812945,Zero Balance,1,Aligned,False,False
15734628,Zero Balance,2,High Salary / Low Balance (Wallet-Share Risk),False,False
15629323,Low Balance,3,High Salary / Low Balance (Wallet-Share Risk),False,False
15666823,Zero Balance,3,High Salary / Low Balance (Wallet-Share Risk),False,False
15777553,Medium Balance,1,Aligned,False,False
15613097,Zero Balance,1,Aligned,False,False
15622217,Low Balance,0,Aligned,False,False
15703588,High Balance,0,High Balance / Low Salary (Unusual Profile),False,False
15570835,Low Balance,0,Aligned,False,False
15679299,Medium Balance,1,Aligned,False,False
15808044,Low Balance,2,Aligned,False,False
15579208,Zero Balance,3,High Salary / Low Balance (Wallet-Share Risk),False,False
15684951,Low Balance,0,Aligned,False,False
15667620,Zero Balance,1,Aligned,False,False
15582960,Medium Balance,2,Aligned,False,False
15590730,Zero Balance,0,Aligned,False,False
15763747,Zero Balance,1,Aligned,False,False
15778320,High Balance,3,Aligned,True,True
15642787,Medium Balance,2,Aligned,False,False
15624633,Low Balance,3,High Salary / Low Balance (Wallet-Share Risk),False,False
15766765,Low Balance,3,High Salary / Low Balance (Wallet-Share Risk),False,False
15783615,Medium Balance,0,High Balance / Low Salary (Unusual Profile),False,False
15640161,High Balance,2,Aligned,False,False
15619889,Zero Balance,3,High Salary / Low Balance (Wallet-Share Risk),False,False
15579166,Low Balance,3,High Salary / Low Balance (Wallet-Share Risk),False,False
15789097,Zero Balance,0,Aligned,False,False
15674880,Zero Balance,1,Aligned,False,False
15778157,Low Balance,2,Aligned,False,False
15779064,Zero Balance,0,Aligned,False,False
15801265,Low Balance,3,High Salary / Low Balance (Wallet-Share Risk),False,False
15589204,Medium Balance,2,Aligned,False,False
15664543,Zero Balance,3,High Salary / Low Balance (Wallet-Share Risk),False,False
15582714,Low Balance,2,Aligned,False,False
15797595,Medium Balance,2,Aligned,False,False
15614034,High Balance,0,High Balance / Low Salary (Unusual Profile),False,False
15763171,Low Balance,0,Aligned,False,False
15647266,Medium Balance,0,High Balance / Low Salary (Unusual Profile),False,False
15757577,Zero Balance,2,High Salary / Low Balance (Wallet-Share Risk),False,False
15736656,Zero Balance,1,Aligned,False,False
15635078,Medium Balance,3,Aligned,False,False
15680141,High Balance,2,Aligned,False,False
15576945,Zero Balance,2,High Salary / Low Balance (Wallet-Share Risk),False,False
15602034,Medium Balance,1,Aligned,False,False
15732020,Low Balance,3,High Salary / Low Balance (Wallet-Share Risk),False,False
15611029,High Balance,2,Aligned,False,False
15621210,Medium Balance,0,High Balance / Low Salary (Unusual Profile),False,False
15569222,High Balance,0,High Balance / Low Salary (Unusual Profile),False,False
15664639,Medium Balance,3,Aligned,False,False
15724223,Zero Balance,0,Aligned,False,False
15644621,Low Balance,3,High Salary / Low Balance (Wallet-Share Risk),False,False
15756056,Zero Balance,3,High Salary / Low Balance (Wallet-Share Risk),False,False
15700353,Zero Balance,1,Aligned,False,False
15624388,High Balance,1,High Balance / Low Salary (Unusual Profile),False,False
15627212,Low Balance,0,Aligned,False,False
15648005,Zero Balance,3,High Salary / Low Balance (Wallet-Share Risk),False,False
15681446,High Balance,3,Aligned,True,False
15775888,Low Balance,2,Aligned,False,False
15749019,Low Balance,3,High Salary / Low Balance (Wallet-Share Risk),False,False
15709928,Zero Balance,0,Aligned,False,False
15784676,Medium Balance,3,Aligned,False,False
15748116,High Balance,1,High Balance / Low Salary (Unusual Profile),False,False
15612193,Low Balance,2,Aligned,False,False
15762984,Zero Balance,2,High Salary / Low Balance (Wallet-Share Risk),False,False
15613713,Low Balance,0,Aligned,False,False
15664204,Zero Balance,0,Aligned,False,False
15639415,High Balance,3,Aligned,True,True
15806332,Zero Balance,3,High Salary / Low Balance (Wallet-Share Risk),False,False
15614929,Low Balance,2,Aligned,False,False
15695492,High Balance,3,Aligned,True,True
15635972,Zero Balance,3,High Salary / Low Balance (Wallet-Share Risk),False,False
15616380,Zero Balance,0,Aligned,False,False
15581440,Low Balance,1,Aligned,False,False
15654390,High Balance,0,High Balance / Low Salary (Unusual Profile),False,False
15660688,Zero Balance,3,High Salary / Low Balance (Wallet-Share Risk),False,False
15806307,Zero Balance,0,Aligned,False,False
15647975,High Balance,2,Aligned,False,False
15595728,Low Balance,2,Aligned,False,False
15735388,Low Balance,3,High Salary / Low Balance (Wallet-Share Risk),False,False
15788535,Zero Balance,2,High Salary / Low Balance (Wallet-Share Risk),False,False
15765902,High Balance,2,Aligned,False,False
15642345,Low Balance,0,Aligned,False,False
15641250,High Balance,0,High Balance / Low Salary (Unusual Profile),False,False
15706163,Low Balance,1,Aligned,False,False
15746708,Medium Balance,1,Aligned,False,False
15775203,Medium Balance,1,Aligned,False,False
15787907,Medium Balance,2,Aligned,False,False
15646764,Low Balance,0,Aligned,False,False
15678284,Low Balance,2,Aligned,False,False
15726791,High Balance,2,Aligned,False,False
15813144,Low Balance,3,High Salary / Low Balance (Wallet-Share Risk),False,False
15669342,Medium Balance,2,Aligned,False,False
15710366,Zero Balance,1,Aligned,False,False
15614934,High Balance,0,High Balance / Low Salary (Unusual Profile),False,False
15588701,Zero Balance,0,Aligned,False,False
15665438,High Balance,0,High Balance / Low Salary (Unusual Profile),False,False
15644896,Low Balance,3,High Salary / Low Balance (Wallet-Share Risk),False,False
15670205,Low Balance,1,Aligned,False,False
15635776,High Balance,3,Aligned,True,False
15791053,Medium Balance,0,High Balance / Low Salary (Unusual Profile),False,False
15644005,Zero Balance,1,Aligned,False,False
15796343,Low Balance,1,Aligned,False,False
15751057,Low Balance,2,Aligned,False,False
15623430,Zero Balance,3,High Salary / Low Balance (Wallet-Share Risk),False,False
15682600,High Balance,1,High Balance / Low Salary (Unusual Profile),False,False
15769312,Zero Balance,3,High Salary / Low Balance (Wallet-Share Risk),False,False
15708212,Low Balance,3,High Salary / Low Balance (Wallet-Share Risk),False,False
15650258,Low Balance,3,High Salary / Low Balance (Wallet-Share Risk),False,False
15604345,Low Balance,2,Aligned,False,False
15578297,Medium Balance,2,Aligned,False,False
15671789,Low Balance,3,High Salary / Low Balance (Wallet-Share Risk),False,False
15726186,Medium Balance,1,Aligned,False,False
15764618,Zero Balance,1,Aligned,False,False
15730738,Zero Balance,0,Aligned,False,False
15637650,Low Balance,0,Aligned,False,False
15606267,Low Balance,2,Aligned,False,False
15625904,Low Balance,0,Aligned,False,False
15654463,Zero Balance,2,High Salary / Low Balance (Wallet-Share Risk),False,False
15774151,High Balance,0,High Balance / Low Salary (Unusual Profile),False,False
15693259,Medium Balance,1,Aligned,False,False
15642468,Medium Balance,3,Aligned,False,False
15758531,Zero Balance,3,High Salary / Low Balance (Wallet-Share Risk),False,False
15728352,Medium Balance,2,Aligned,False,False
15637240,Medium Balance,1,Aligned,False,False
15595588,Zero Balance,3,High Salary / Low Balance (Wallet-Share Risk),False,False
15778395,Low Balance,1,Aligned,False,False
15711825,Low Balance,1,Aligned,False,False
15599251,High Balance,2,Aligned,False,False
15570004,Zero Balance,2,High Salary / Low Balance (Wallet-Share Risk),False,False
15656912,Zero Balance,3,High Salary / Low Balance (Wallet-Share Risk),False,False
15657342,High Balance,1,High Balance / Low Salary (Unusual Profile),False,False
15716284,Zero Balance,1,Aligned,False,False
15672374,High Balance,1,High Balance / Low Salary (Unusual Profile),False,False
15732476,Zero Balance,2,High Salary / Low Balance (Wallet-Share Risk),False,False
15747724,Zero Balance,0,Aligned,False,False
15633877,Low Balance,1,Aligned,False,False
15672516,Low Balance,3,High Salary / Low Balance (Wallet-Share Risk),False,False
15607827,Medium Balance,0,High Balance / Low Salary (Unusual Profile),False,False
15751336,Zero Balance,0,Aligned,False,False
15646539,Low Balance,1,Aligned,False,False
15756901,Low Balance,0,Aligned,False,False
15809286,Medium Balance,3,Aligned,False,False
15759021,Zero Balance,3,High Salary / Low Balance (Wallet-Share Risk),False,False
15725039,Low Balance,2,Aligned,False,False
15579130,Low Balance,3,High Salary / Low Balance (Wallet-Share Risk),False,False
15754112,Zero Balance,0,Aligned,False,False
15735522,High Balance,3,Aligned,True,True
15613326,Medium Balance,1,Aligned,False,False
15739502,Medium Balance,0,High Balance / Low Salary (Unusual Profile),False,False
15670914,Zero Balance,3,High Salary / Low Balance (Wallet-Share Risk),False,False
15604073,Medium Balance,2,Aligned,False,False
15806027,Zero Balance,3,High Salary / Low Balance (Wallet-Share Risk),False,False
15574886,Low Balance,2,Aligned,False,False
15707120,Low Balance,1,Aligned,False,False
15800845,Low Balance,0,Aligned,False,False
15603914,Zero Balance,0,Aligned,False,False
15722765,Medium Balance,2,Aligned,False,False
15783305,Low Balance,2,Aligned,False,False
15574842,High Balance,3,Aligned,True,False
15607837,Low Balance,0,Aligned,False,False
15714877,Zero Balance,2,High Salary / Low Balance (Wallet-Share Risk),False,False
15782941,Zero Balance,1,Aligned,False,False
15630167,High Balance,2,Aligned,False,False
15759038,High Balance,2,Aligned,False,False
15661821,Medium Balance,0,High Balance / Low Salary (Unusual Profile),False,False
15728006,High Balance,3,Aligned,True,True
15712176,Zero Balance,0,Aligned,False,False
15689351,Low Balance,1,Aligned,False,False
15782247,Zero Balance,3,High Salary / Low Balance (Wallet-Share Risk),False,False
15769064,Medium Balance,0,High Balance / Low Salary (Unusual Profile),False,False
15718153,Medium Balance,0,High Balance / Low Salary (Unusual Profile),False,False
15613189,Low Balance,2,Aligned,False,False
15661734,Medium Balance,1,Aligned,False,False
15592645,Zero Balance,0,Aligned,False,False
15768387,Zero Balance,0,Aligned,False,False
15792525,Low Balance,3,High Salary / Low Balance (Wallet-Share Risk),False,False
15586976,Zero Balance,3,High Salary / Low Balance (Wallet-Share Risk),False,False
15790659,Zero Balance,0,Aligned,False,False
15691446,Zero Balance,1,Aligned,False,False
15772632,Zero Balance,3,High Salary / Low Balance (Wallet-Share Risk),False,False
15706587,Zero Balance,2,High Salary / Low Balance (Wallet-Share Risk),False,False
15572461,Low Balance,0,Aligned,False,False
15654409,Low Balance,0,Aligned,False,False
15568025,Low Balance,2,Aligned,False,False
15715769,Low Balance,0,Aligned,False,False
15667458,Medium Balance,3,Aligned,False,False
15567980,Low Balance,2,Aligned,False,False
15679294,Low Balance,0,Aligned,False,False
15606507,Zero Balance,0,Aligned,False,False
15578825,High Balance,0,High Balance / Low Salary (Unusual Profile),False,False
15619935,Medium Balance,0,High Balance / Low Salary (Unusual Profile),False,False
15636089,High Balance,2,Aligned,False,False
15727490,Zero Balance,2,High Salary / Low Balance (Wallet-Share Risk),False,False
15591766,Medium Balance,2,Aligned,False,False
15641629,Zero Balance,0,Aligned,False,False
15813303,Zero Balance,1,Aligned,False,False
15756920,Low Balance,1,Aligned,False,False
15726403,Medium Balance,0,High Balance / Low Salary (Unusual Profile),False,False
15592765,Medium Balance,3,Aligned,False,False
15704442,High Balance,2,Aligned,False,False
15641136,Zero Balance,1,Aligned,False,False
15725818,Low Balance,0,Aligned,False,False
15612071,Low Balance,1,Aligned,False,False
15719809,High Balance,2,Aligned,False,False
15716518,Zero Balance,3,High Salary / Low Balance (Wallet-Share Risk),False,False
15742210,Low Balance,2,Aligned,False,False
15630617,High Balance,2,Aligned,False,False
15720838,High Balance,2,Aligned,False,False
15595537,High Balance,3,Aligned,True,True
15623196,High Balance,1,High Balance / Low Salary (Unusual Profile),False,False
15679249,High Balance,3,Aligned,True,True
15693199,Zero Balance,3,High Salary / Low Balance (Wallet-Share Risk),False,False
15661219,Zero Balance,2,High Salary / Low Balance (Wallet-Share Risk),False,False
15617136,Low Balance,3,High Salary / Low Balance (Wallet-Share Risk),False,False
15760294,High Balance,1,High Balance / Low Salary (Unusual Profile),False,False
15652808,Medium Balance,2,Aligned,False,False
15657139,Low Balance,2,Aligned,False,False
15803790,Low Balance,0,Aligned,False,False
15764105,Zero Balance,1,Aligned,False,False
15672610,Low Balance,1,Aligned,False,False
15766896,Zero Balance,0,Aligned,False,False
15587735,Low Balance,2,Aligned,False,False
15659501,High Balance,0,High Balance / Low Salary (Unusual Profile),False,False
15745001,Zero Balance,2,High Salary / Low Balance (Wallet-Share Risk),False,False
15651140,Zero Balance,1,Aligned,False,False
15571148,Zero Balance,0,Aligned,False,False
15776824,Medium Balance,1,Aligned,False,False
15633141,High Balance,1,High Balance / Low Salary (Unusual Profile),False,False
15764174,Zero Balance,3,High Salary / Low Balance (Wallet-Share Risk),False,False
15778155,Low Balance,3,High Salary / Low Balance (Wallet-Share Risk),False,False
15715920,Low Balance,2,Aligned,False,False
15671917,Medium Balance,3,Aligned,False,False
15666548,Low Balance,3,High Salary / Low Balance (Wallet-Share Risk),False,False
15625623,Zero Balance,2,High Salary / Low Balance (Wallet-Share Risk),False,False
15748123,Zero Balance,3,High Salary / Low Balance (Wallet-Share Risk),False,False
15648735,Zero Balance,0,Aligned,False,False
15634974,Low Balance,2,Aligned,False,False
15713378,Zero Balance,1,Aligned,False,False
15753370,Low Balance,2,Aligned,False,False
15782659,Zero Balance,2,High Salary / Low Balance (Wallet-Share Risk),False,False
15583364,Low Balance,2,Aligned,False,False
15625942,Zero Balance,2,High Salary / Low Balance (Wallet-Share Risk),False,False
15720284,Medium Balance,3,Aligned,False,False
15679642,Zero Balance,1,Aligned,False,False
15628007,Zero Balance,1,Aligned,False,False
15661974,Low Balance,3,High Salary / Low Balance (Wallet-Share Risk),False,False
15689341,Zero Balance,3,High Salary / Low Balance (Wallet-Share Risk),False,False
15607993,Low Balance,1,Aligned,False,False
15693267,Medium Balance,1,Aligned,False,False
15769522,Low Balance,2,Aligned,False,False
15755825,Zero Balance,2,High Salary / Low Balance (Wallet-Share Risk),False,False
15598175,Low Balance,2,Aligned,False,False
15744327,Zero Balance,1,Aligned,False,False
15798666,Zero Balance,1,Aligned,False,False
15577064,Low Balance,2,Aligned,False,False
15759436,Low Balance,1,Aligned,False,False
15690231,High Balance,3,Aligned,True,False
15751561,Low Balance,3,High Salary / Low Balance (Wallet-Share Risk),False,False
15739068,High Balance,2,Aligned,False,False
15758056,Zero Balance,2,High Salary / Low Balance (Wallet-Share Risk),False,False
15742269,Zero Balance,3,High Salary / Low Balance (Wallet-Share Risk),False,False
15726490,Zero Balance,1,Aligned,False,False
15738411,Low Balance,2,Aligned,False,False
15727919,Zero Balance,0,Aligned,False,False
15709396,Zero Balance,1,Aligned,False,False
15654106,High Balance,3,Aligned,True,False
15621653,Low Balance,3,High Salary / Low Balance (Wallet-Share Risk),False,False
15598086,Low Balance,3,High Salary / Low Balance (Wallet-Share Risk),False,False
15752300,High Balance,1,High Balance / Low Salary (Unusual Profile),False,False
15658693,Zero Balance,1,Aligned,False,False
15631838,Low Balance,0,Aligned,False,False
15803804,Low Balance,3,High Salary / Low Balance (Wallet-Share Risk),False,False
15578809,Medium Balance,3,Aligned,False,False
15752026,Zero Balance,3,High Salary / Low Balance (Wallet-Share Risk),False,False
15723706,Low Balance,2,Aligned,False,False
15752838,Zero Balance,1,Aligned,False,False
15569571,Low Balance,2,Aligned,False,False
15769703,Low Balance,1,Aligned,False,False
15679770,Medium Balance,1,Aligned,False,False
15791102,Low Balance,2,Aligned,False,False
15655192,Zero Balance,1,Aligned,False,False
15709487,Low Balance,1,Aligned,False,False
15687130,Zero Balance,3,High Salary / Low Balance (Wallet-Share Risk),False,False
15755178,Zero Balance,3,High Salary / Low Balance (Wallet-Share Risk),False,False
15634772,Medium Balance,1,Aligned,False,False
15617197,Zero Balance,0,Aligned,False,False
15631240,Zero Balance,0,Aligned,False,False
15784301,Zero Balance,0,Aligned,False,False
15631310,Zero Balance,1,Aligned,False,False
15756560,Low Balance,1,Aligned,False,False
15732270,Zero Balance,3,High Salary / Low Balance (Wallet-Share Risk),False,False
15739357,High Balance,0,High Balance / Low Salary (Unusual Profile),False,False
15771540,High Balance,1,High Balance / Low Salary (Unusual Profile),False,False
15567486,Zero Balance,3,High Salary / Low Balance (Wallet-Share Risk),False,False
15714634,Low Balance,3,High Salary / Low Balance (Wallet-Share Risk),False,False
15727021,Low Balance,2,Aligned,False,False
15650670,Low Balance,1,Aligned,False,False
15711834,Zero Balance,1,Aligned,False,False
15729763,Low Balance,0,Aligned,False,False
15646566,High Balance,0,High Balance / Low Salary (Unusual Profile),False,False
15645463,Zero Balance,1,Aligned,False,False
15672144,High Balance,1,High Balance / Low Salary (Unusual Profile),False,False
15596088,Low Balance,2,Aligned,False,False
15614878,High Balance,2,Aligned,False,False
15635240,Zero Balance,0,Aligned,False,False
15775905,Medium Balance,0,High Balance / Low Salary (Unusual Profile),False,False
15700657,Low Balance,3,High Salary / Low Balance (Wallet-Share Risk),False,False
15611905,High Balance,1,High Balance / Low Salary (Unusual Profile),False,False
15652527,Low Balance,1,Aligned,False,False
15785865,Low Balance,0,Aligned,False,False
15645942,Zero Balance,3,High Salary / Low Balance (Wallet-Share Risk),False,False
15688691,Low Balance,0,Aligned,False,False
15592736,Low Balance,3,High Salary / Low Balance (Wallet-Share Risk),False,False
15673529,Low Balance,0,Aligned,False,False
15724145,High Balance,2,Aligned,False,False
15704629,Low Balance,3,High Salary / Low Balance (Wallet-Share Risk),False,False
15597896,Medium Balance,1,Aligned,False,False
15731790,Medium Balance,0,High Balance / Low Salary (Unusual Profile),False,False
15634719,Zero Balance,3,High Salary / Low Balance (Wallet-Share Risk),False,False
15703205,Low Balance,2,Aligned,False,False
15567333,Zero Balance,3,High Salary / Low Balance (Wallet-Share Risk),False,False
15754537,Zero Balance,1,Aligned,False,False
15612030,Zero Balance,2,High Salary / Low Balance (Wallet-Share Risk),False,False
15573242,Medium Balance,0,High Balance / Low Salary (Unusual Profile),False,False
15601892,Zero Balance,1,Aligned,False,False
15663885,Zero Balance,1,Aligned,False,False
15701096,Medium Balance,2,Aligned,False,False
15710450,Medium Balance,3,Aligned,False,False
15790846,High Balance,1,High Balance / Low Salary (Unusual Profile),False,False
15658956,Low Balance,3,High Salary / Low Balance (Wallet-Share Risk),False,False
15755223,High Balance,2,Aligned,False,False
15787318,Low Balance,0,Aligned,False,False
15737310,Medium Balance,3,Aligned,False,False
15763665,Medium Balance,0,High Balance / Low Salary (Unusual Profile),False,False
15668818,High Balance,2,Aligned,False,False
15765812,Zero Balance,0,Aligned,False,False
15704844,Low Balance,1,Aligned,False,False
15744582,Zero Balance,3,High Salary / Low Balance (Wallet-Share Risk),False,False
15616700,Zero Balance,3,High Salary / Low Balance (Wallet-Share Risk),False,False
15683521,High Balance,2,Aligned,False,False
15583049,High Balance,3,Aligned,True,False
15643752,Low Balance,0,Aligned,False,False
15620398,Low Balance,0,Aligned,False,False
15715707,Low Balance,1,Aligned,False,False
15814209,Low Balance,2,Aligned,False,False
15733768,Zero Balance,2,High Salary / Low Balance (Wallet-Share Risk),False,False
15755242,Zero Balance,2,High Salary / Low Balance (Wallet-Share Risk),False,False
15729412,Low Balance,0,Aligned,False,False
15746564,Low Balance,3,High Salary / Low Balance (Wallet-Share Risk),False,False
15588446,Zero Balance,2,High Salary / Low Balance (Wallet-Share Risk),False,False
15665221,Medium Balance,3,Aligned,False,False
15640846,Low Balance,2,Aligned,False,False
15700209,Low Balance,1,Aligned,False,False
15658360,Medium Balance,3,Aligned,False,False
15602735,High Balance,2,Aligned,False,False
15724834,Zero Balance,2,High Salary / Low Balance (Wallet-Share Risk),False,False
15800062,Zero Balance,0,Aligned,False,False
15685300,Medium Balance,2,Aligned,False,False
15760102,Zero Balance,3,High Salary / Low Balance (Wallet-Share Risk),False,False
15787026,High Balance,1,High Balance / Low Salary (Unusual Profile),False,False
15653696,Zero Balance,1,Aligned,False,False
15788946,Low Balance,0,Aligned,False,False
15600724,Medium Balance,2,Aligned,False,False
15574324,Medium Balance,2,Aligned,False,False
15707144,Low Balance,3,High Salary / Low Balance (Wallet-Share Risk),False,False
15775891,Low Balance,2,Aligned,False,False
15711789,Zero Balance,3,High Salary / Low Balance (Wallet-Share Risk),False,False
15600879,High Balance,0,High Balance / Low Salary (Unusual Profile),False,False
15681196,High Balance,3,Aligned,True,False
15716000,Zero Balance,0,Aligned,False,False
15766776,Zero Balance,3,High Salary / Low Balance (Wallet-Share Risk),False,False
15680278,Low Balance,0,Aligned,False,False
15688637,Zero Balance,3,High Salary / Low Balance (Wallet-Share Risk),False,False
15591179,Zero Balance,2,High Salary / Low Balance (Wallet-Share Risk),False,False
15677435,Low Balance,3,High Salary / Low Balance (Wallet-Share Risk),False,False
15698619,Zero Balance,1,Aligned,False,False
15581036,Low Balance,2,Aligned,False,False
15622117,Zero Balance,3,High Salary / Low Balance (Wallet-Share Risk),False,False
15599301,High Balance,0,High Balance / Low Salary (Unusual Profile),False,False
15581548,Low Balance,2,Aligned,False,False
15586870,High Balance,3,Aligned,True,False
15735263,Low Balance,3,High Salary / Low Balance (Wallet-Share Risk),False,False
15765322,Low Balance,1,Aligned,False,False
15582944,Zero Balance,2,High Salary / Low Balance (Wallet-Share Risk),False,False
15687162,Medium Balance,1,Aligned,False,False
15644962,Medium Balance,3,Aligned,False,False
15612615,Zero Balance,1,Aligned,False,False
15813439,Low Balance,0,Aligned,False,False
15604544,High Balance,0,High Balance / Low Salary (Unusual Profile),False,False
15761348,Zero Balance,3,High Salary / Low Balance (Wallet-Share Risk),False,False
15785078,Zero Balance,0,Aligned,False,False
15759874,High Balance,1,High Balance / Low Salary (Unusual Profile),False,False
15643658,Low Balance,0,Aligned,False,False
15713267,Zero Balance,2,High Salary / Low Balance (Wallet-Share Risk),False,False
15737782,Zero Balance,0,Aligned,False,False
15815490,High Balance,3,Aligned,True,True
15679410,High Balance,0,High Balance / Low Salary (Unusual Profile),False,False
15756241,High Balance,2,Aligned,False,False
15688409,High Balance,2,Aligned,False,False
15742272,Low Balance,2,Aligned,False,False
15717898,Medium Balance,3,Aligned,False,False
15769582,Zero Balance,2,High Salary / Low Balance (Wallet-Share Risk),False,False
15635660,High Balance,2,Aligned,False,False
15576723,Zero Balance,3,High Salary / Low Balance (Wallet-Share Risk),False,False
15591577,High Balance,2,Aligned,False,False
15582325,Low Balance,3,High Salary / Low Balance (Wallet-Share Risk),False,False
15693947,Low Balance,2,Aligned,False,False
15760446,Zero Balance,0,Aligned,False,False
15611105,Zero Balance,2,High Salary / Low Balance (Wallet-Share Risk),False,False
15630920,High Balance,1,High Balance / Low Salary (Unusual Profile),False,False
15574910,Low Balance,3,High Salary / Low Balance (Wallet-Share Risk),False,False
15756472,Low Balance,2,Aligned,False,False
15682890,Low Balance,2,Aligned,False,False
15641994,Low Balance,0,Aligned,False,False
15733297,Low Balance,3,High Salary / Low Balance (Wallet-Share Risk),False,False
15767793,Zero Balance,0,Aligned,False,False
15725698,Low Balance,1,Aligned,False,False
15813532,Zero Balance,0,Aligned,False,False
15576760,Low Balance,3,High Salary / Low Balance (Wallet-Share Risk),False,False
15732102,High Balance,0,High Balance / Low Salary (Unusual Profile),False,False
15739046,High Balance,1,High Balance / Low Salary (Unusual Profile),False,False
15631927,Zero Balance,3,High Salary / Low Balance (Wallet-Share Risk),False,False
15672115,Zero Balance,1,Aligned,False,False
15618765,Low Balance,1,Aligned,False,False
15679148,Low Balance,1,Aligned,False,False
15728474,Low Balance,2,Aligned,False,False
15636999,Zero Balance,1,Aligned,False,False
15754261,Low Balance,1,Aligned,False,False
15629150,Zero Balance,1,Aligned,False,False
15736274,Zero Balance,0,Aligned,False,False
15627697,Zero Balance,0,Aligned,False,False
15721585,Low Balance,2,Aligned,False,False
15639946,High Balance,0,High Balance / Low Salary (Unusual Profile),False,False
15792176,Low Balance,2,Aligned,False,False
15699450,Zero Balance,3,High Salary / Low Balance (Wallet-Share Risk),False,False
15729954,Zero Balance,3,High Salary / Low Balance (Wallet-Share Risk),False,False
15600103,Low Balance,1,Aligned,False,False
15786200,Zero Balance,1,Aligned,False,False
15797010,Zero Balance,0,Aligned,False,False
15670172,Low Balance,3,High Salary / Low Balance (Wallet-Share Risk),False,False
15627352,Low Balance,0,Aligned,False,False
15622494,Zero Balance,0,Aligned,False,False
15585835,Low Balance,2,Aligned,False,False
15595071,High Balance,3,Aligned,True,False
15628203,Low Balance,2,Aligned,False,False
15667190,Low Balance,2,Aligned,False,False
15780212,High Balance,3,Aligned,True,True
15766869,Low Balance,3,High Salary / Low Balance (Wallet-Share Risk),False,False
15775741,Zero Balance,2,High Salary / Low Balance (Wallet-Share Risk),False,False
15628170,Low Balance,2,Aligned,False,False
15701318,High Balance,1,High Balance / Low Salary (Unusual Profile),False,False
15710928,Medium Balance,1,Aligned,False,False
15682547,Medium Balance,1,Aligned,False,False
15631170,Zero Balance,0,Aligned,False,False
15648702,Low Balance,1,Aligned,False,False
15783444,Medium Balance,2,Aligned,False,False
15809178,High Balance,0,High Balance / Low Salary (Unusual Profile),False,False
15806688,Medium Balance,2,Aligned,False,False
15576824,Low Balance,2,Aligned,False,False
15675422,Low Balance,0,Aligned,False,False
15681550,Medium Balance,0,High Balance / Low Salary (Unusual Profile),False,False
15812628,Medium Balance,2,Aligned,False,False
15597951,Low Balance,0,Aligned,False,False
15807045,Low Balance,0,Aligned,False,False
15581748,Low Balance,1,Aligned,False,False
15770420,Low Balance,1,Aligned,False,False
15608230,Zero Balance,1,Aligned,False,False
15730339,Medium Balance,0,High Balance / Low Salary (Unusual Profile),False,False
15712584,Zero Balance,1,Aligned,False,False
15592816,Low Balance,2,Aligned,False,False
15641480,Medium Balance,2,Aligned,False,False
15708505,Low Balance,0,Aligned,False,False
15791131,High Balance,2,Aligned,False,False
15618225,Low Balance,3,High Salary / Low Balance (Wallet-Share Risk),False,False
15644724,Low Balance,1,Aligned,False,False
15662098,Medium Balance,2,Aligned,False,False
15723894,Medium Balance,2,Aligned,False,False
15787699,High Balance,0,High Balance / Low Salary (Unusual Profile),False,False
15687738,Zero Balance,2,High Salary / Low Balance (Wallet-Share Risk),False,False
15576126,Medium Balance,1,Aligned,False,False
15658889,Medium Balance,1,Aligned,False,False
15667046,Medium Balance,2,Aligned,False,False
15669957,High Balance,0,High Balance / Low Salary (Unusual Profile),False,False
15655794,Zero Balance,2,High Salary / Low Balance (Wallet-Share Risk),False,False
15599829,Zero Balance,0,Aligned,False,False
15753332,Medium Balance,3,Aligned,False,False
15671124,Medium Balance,0,High Balance / Low Salary (Unusual Profile),False,False
15767474,Zero Balance,3,High Salary / Low Balance (Wallet-Share Risk),False,False
15720671,Medium Balance,3,Aligned,False,False
15626787,High Balance,2,Aligned,False,False
15774491,Zero Balance,0,Aligned,False,False
15579647,Zero Balance,3,High Salary / Low Balance (Wallet-Share Risk),False,False
15625522,Zero Balance,2,High Salary / Low Balance (Wallet-Share Risk),False,False
15765806,High Balance,3,Aligned,True,False
15566708,Zero Balance,3,High Salary / Low Balance (Wallet-Share Risk),False,False
15668347,Zero Balance,1,Aligned,False,False
15575214,Zero Balance,3,High Salary / Low Balance (Wallet-Share Risk),False,False
15591123,Low Balance,0,Aligned,False,False
15573280,High Balance,0,High Balance / Low Salary (Unusual Profile),False,False
15589018,Low Balance,3,High Salary / Low Balance (Wallet-Share Risk),False,False
15654495,Medium Balance,2,Aligned,False,False
15597265,Zero Balance,2,High Salary / Low Balance (Wallet-Share Risk),False,False
15733876,Zero Balance,0,Aligned,False,False
15677217,Zero Balance,3,High Salary / Low Balance (Wallet-Share Risk),False,False
15747265,High Balance,1,High Balance / Low Salary (Unusual Profile),False,False
15713379,Zero Balance,3,High Salary / Low Balance (Wallet-Share Risk),False,False
15730433,Medium Balance,2,Aligned,False,False
15693347,Zero Balance,1,Aligned,False,False
15715465,Low Balance,3,High Salary / Low Balance (Wallet-Share Risk),False,False
15680736,Medium Balance,0,High Balance / Low Salary (Unusual Profile),False,False
15610765,Zero Balance,3,High Salary / Low Balance (Wallet-Share Risk),False,False
15650034,Zero Balance,3,High Salary / Low Balance (Wallet-Share Risk),False,False
15782468,Low Balance,0,Aligned,False,False
15685109,Zero Balance,0,Aligned,False,False
15776233,Medium Balance,3,Aligned,False,False
15761141,Zero Balance,2,High Salary / Low Balance (Wallet-Share Risk),False,False
15781702,Low Balance,3,High Salary / Low Balance (Wallet-Share Risk),False,False
15790235,Low Balance,2,Aligned,False,False
15641416,Low Balance,3,High Salary / Low Balance (Wallet-Share Risk),False,False
15775234,Zero Balance,1,Aligned,False,False
15659475,Medium Balance,1,Aligned,False,False
15642202,Low Balance,2,Aligned,False,False
15771417,Medium Balance,1,Aligned,False,False
15585100,Medium Balance,3,Aligned,False,False
15700487,Low Balance,3,High Salary / Low Balance (Wallet-Share Risk),False,False
15726589,Low Balance,2,Aligned,False,False
15747503,High Balance,1,High Balance / Low Salary (Unusual Profile),False,False
15595883,Medium Balance,0,High Balance / Low Salary (Unusual Profile),False,False
15663826,Zero Balance,2,High Salary / Low Balance (Wallet-Share Risk),False,False
15742820,Zero Balance,3,High Salary / Low Balance (Wallet-Share Risk),False,False
15624793,High Balance,2,Aligned,False,False
15597930,Low Balance,3,High Salary / Low Balance (Wallet-Share Risk),False,False
15665110,Low Balance,0,Aligned,False,False
15770719,High Balance,0,High Balance / Low Salary (Unusual Profile),False,False
15731327,High Balance,2,Aligned,False,False
15576044,High Balance,2,Aligned,False,False
15775662,Medium Balance,3,Aligned,False,False
15646817,High Balance,0,High Balance / Low Salary (Unusual Profile),False,False
15596060,Medium Balance,0,High Balance / Low Salary (Unusual Profile),False,False
15723299,Low Balance,3,High Salary / Low Balance (Wallet-Share Risk),False,False
15636982,Low Balance,2,Aligned,False,False
15751175,Zero Balance,1,Aligned,False,False
15618936,Zero Balance,1,Aligned,False,False
15787529,Zero Balance,1,Aligned,False,False
15780128,High Balance,2,Aligned,False,False
15615991,Low Balance,1,Aligned,False,False
15757001,Low Balance,2,Aligned,False,False
15595388,Zero Balance,2,High Salary / Low Balance (Wallet-Share Risk),False,False
15699550,Zero Balance,1,Aligned,False,False
15581620,Zero Balance,1,Aligned,False,False
15600934,Medium Balance,3,Aligned,False,False
15738672,High Balance,2,Aligned,False,False
15721307,Low Balance,2,Aligned,False,False
15619280,Zero Balance,3,High Salary / Low Balance (Wallet-Share Risk),False,False
15768244,Zero Balance,0,Aligned,False,False
15806837,Zero Balance,2,High Salary / Low Balance (Wallet-Share Risk),False,False
15643496,Low Balance,1,Aligned,False,False
15813916,Low Balance,3,High Salary / Low Balance (Wallet-Share Risk),False,False
15626385,Low Balance,0,Aligned,False,False
15603582,Zero Balance,2,High Salary / Low Balance (Wallet-Share Risk),False,False
15764351,Medium Balance,0,High Balance / Low Salary (Unusual Profile),False,False
15667938,High Balance,0,High Balance / Low Salary (Unusual Profile),False,False
15576360,High Balance,1,High Balance / Low Salary (Unusual Profile),False,False
15628813,High Balance,0,High Balance / Low Salary (Unusual Profile),False,False
15584190,Medium Balance,2,Aligned,False,False
15716449,Medium Balance,1,Aligned,False,False
15759913,Low Balance,3,High Salary / Low Balance (Wallet-Share Risk),False,False
15701555,Low Balance,0,Aligned,False,False
15758482,Zero Balance,3,High Salary / Low Balance (Wallet-Share Risk),False,False
15758171,Zero Balance,1,Aligned,False,False
15680346,Zero Balance,1,Aligned,False,False
15649124,Medium Balance,0,High Balance / Low Salary (Unusual Profile),False,False
15812917,Low Balance,0,Aligned,False,False
15768455,Zero Balance,1,Aligned,False,False
15703059,Medium Balance,1,Aligned,False,False
15646196,High Balance,3,Aligned,True,True
15585451,Low Balance,0,Aligned,False,False
15714057,Zero Balance,0,Aligned,False,False
15748473,Zero Balance,1,Aligned,False,False
15785782,Zero Balance,2,High Salary / Low Balance (Wallet-Share Risk),False,False
15693233,Low Balance,3,High Salary / Low Balance (Wallet-Share Risk),False,False
15757521,Medium Balance,3,Aligned,False,False
15812513,Low Balance,2,Aligned,False,False
15674950,High Balance,2,Aligned,False,False
15678572,Low Balance,1,Aligned,False,False
15713608,Zero Balance,0,Aligned,False,False
15579262,Zero Balance,0,Aligned,False,False
15610426,Low Balance,2,Aligned,False,False
15776454,Zero Balance,2,High Salary / Low Balance (Wallet-Share Risk),False,False
15771483,Zero Balance,1,Aligned,False,False
15648489,High Balance,0,High Balance / Low Salary (Unusual Profile),False,False
15646609,High Balance,1,High Balance / Low Salary (Unusual Profile),False,False
15693203,Zero Balance,0,Aligned,False,False
15813067,Low Balance,0,Aligned,False,False
15769829,Zero Balance,0,Aligned,False,False
15662434,Zero Balance,3,High Salary / Low Balance (Wallet-Share Risk),False,False
15773503,Zero Balance,1,Aligned,False,False
15705890,High Balance,0,High Balance / Low Salary (Unusual Profile),False,False
15711398,Zero Balance,1,Aligned,False,False
15752375,High Balance,3,Aligned,True,True
15659175,Zero Balance,0,Aligned,False,False
15597033,High Balance,0,High Balance / Low Salary (Unusual Profile),False,False
15590228,Low Balance,3,High Salary / Low Balance (Wallet-Share Risk),False,False
15631848,Medium Balance,2,Aligned,False,False
15654211,Zero Balance,0,Aligned,False,False
15707968,Low Balance,1,Aligned,False,False
15594084,Zero Balance,1,Aligned,False,False
15651093,Zero Balance,1,Aligned,False,False
15798824,Low Balance,0,Aligned,False,False
15671591,Low Balance,3,High Salary / Low Balance (Wallet-Share Risk),False,False
15707189,Low Balance,1,Aligned,False,False
15733581,Low Balance,3,High Salary / Low Balance (Wallet-Share Risk),False,False
15641640,High Balance,3,Aligned,True,True
15585284,High Balance,1,High Balance / Low Salary (Unusual Profile),False,False
15617866,Low Balance,2,Aligned,False,False
15667751,High Balance,3,Aligned,True,True
15669411,Low Balance,2,Aligned,False,False
15789425,Low Balance,3,High Salary / Low Balance (Wallet-Share Risk),False,False
15570943,Medium Balance,2,Aligned,False,False
15685829,Zero Balance,0,Aligned,False,False
15721917,Low Balance,1,Aligned,False,False
15776047,Zero Balance,3,High Salary / Low Balance (Wallet-Share Risk),False,False
15716024,Zero Balance,2,High Salary / Low Balance (Wallet-Share Risk),False,False
15675328,Zero Balance,1,Aligned,False,False
15604314,Low Balance,1,Aligned,False,False
15658339,Medium Balance,3,Aligned,False,False
15630402,Zero Balance,0,Aligned,False,False
15689616,High Balance,0,High Balance / Low Salary (Unusual Profile),False,False
15774224,Medium Balance,3,Aligned,False,False
15701291,Zero Balance,0,Aligned,False,False
15719606,Zero Balance,0,Aligned,False,False
15644119,Zero Balance,0,Aligned,False,False
15646859,Low Balance,1,Aligned,False,False
15606836,Low Balance,2,Aligned,False,False
15664150,High Balance,0,High Balance / Low Salary (Unusual Profile),False,False
15624510,High Balance,0,High Balance / Low Salary (Unusual Profile),False,False
15810944,Zero Balance,1,Aligned,False,False
15668575,High Balance,2,Aligned,False,False
15603246,High Balance,3,Aligned,True,False
15804002,Medium Balance,2,Aligned,False,False
15728773,Zero Balance,0,Aligned,False,False
15598044,Zero Balance,3,High Salary / Low Balance (Wallet-Share Risk),False,False
15694829,High Balance,1,High Balance / Low Salary (Unusual Profile),False,False
15600575,Zero Balance,0,Aligned,False,False
15727311,Low Balance,0,Aligned,False,False
15570769,Low Balance,0,Aligned,False,False
15606274,Low Balance,0,Aligned,False,False
15746139,Medium Balance,1,Aligned,False,False
15704987,Low Balance,0,Aligned,False,False
15628972,Medium Balance,2,Aligned,False,False
15697686,Zero Balance,1,Aligned,False,False
15733883,Zero Balance,1,Aligned,False,False
15617482,Medium Balance,0,High Balance / Low Salary (Unusual Profile),False,False
15704583,Zero Balance,2,High Salary / Low Balance (Wallet-Share Risk),False,False
15621083,Medium Balance,1,Aligned,False,False
15649487,Low Balance,3,High Salary / Low Balance (Wallet-Share Risk),False,False
15736760,Zero Balance,3,High Salary / Low Balance (Wallet-Share Risk),False,False
15714658,Zero Balance,1,Aligned,False,False
15599081,Low Balance,1,Aligned,False,False
15705113,Low Balance,0,Aligned,False,False
15631159,Low Balance,2,Aligned,False,False
15792818,High Balance,2,Aligned,False,False
15633531,Medium Balance,1,Aligned,False,False
15744529,Zero Balance,2,High Salary / Low Balance (Wallet-Share Risk),False,False
15669656,Low Balance,3,High Salary / Low Balance (Wallet-Share Risk),False,False
15581198,Medium Balance,2,Aligned,False,False
15729054,Low Balance,1,Aligned,False,False
15573452,Low Balance,0,Aligned,False,False
15776733,Medium Balance,3,Aligned,False,False
15724858,Zero Balance,3,High Salary / Low Balance (Wallet-Share Risk),False,False
15713144,Zero Balance,1,Aligned,False,False
15690188,Zero Balance,1,Aligned,False,False
15689425,Low Balance,0,Aligned,False,False
15671766,Low Balance,0,Aligned,False,False
15782806,Zero Balance,2,High Salary / Low Balance (Wallet-Share Risk),False,False
15764419,Zero Balance,2,High Salary / Low Balance (Wallet-Share Risk),False,False
15591915,Zero Balance,1,Aligned,False,False
15772798,Zero Balance,1,Aligned,False,False
15792008,Zero Balance,3,High Salary / Low Balance (Wallet-Share Risk),False,False
15715541,Low Balance,3,High Salary / Low Balance (Wallet-Share Risk),False,False
15639277,Zero Balance,0,Aligned,False,False
15798850,Zero Balance,0,Aligned,False,False
15776348,Medium Balance,3,Aligned,False,False
15727696,High Balance,1,High Balance / Low Salary (Unusual Profile),False,False
15793813,Low Balance,2,Aligned,False,False
15694395,Medium Balance,3,Aligned,False,False
15764195,Low Balance,1,Aligned,False,False
15744919,High Balance,0,High Balance / Low Salary (Unusual Profile),False,False
15671655,High Balance,2,Aligned,False,False
15654901,High Balance,2,Aligned,False,False
15649136,Zero Balance,0,Aligned,False,False
15775562,Zero Balance,2,High Salary / Low Balance (Wallet-Share Risk),False,False
15807481,Zero Balance,3,High Salary / Low Balance (Wallet-Share Risk),False,False
15642885,Zero Balance,3,High Salary / Low Balance (Wallet-Share Risk),False,False
15789109,Zero Balance,2,High Salary / Low Balance (Wallet-Share Risk),False,False
15814004,Zero Balance,1,Aligned,False,False
15673619,High Balance,1,High Balance / Low Salary (Unusual Profile),False,False
15595135,Medium Balance,3,Aligned,False,False
15583681,Low Balance,3,High Salary / Low Balance (Wallet-Share Risk),False,False
15605000,High Balance,3,Aligned,True,False
15718071,Zero Balance,0,Aligned,False,False
15679760,Low Balance,2,Aligned,False,False
15654574,Medium Balance,3,Aligned,False,False
15577178,Low Balance,3,High Salary / Low Balance (Wallet-Share Risk),False,False
15595324,Low Balance,0,Aligned,False,False
15756932,Zero Balance,1,Aligned,False,False
15726358,Zero Balance,2,High Salary / Low Balance (Wallet-Share Risk),False,False
15595228,Zero Balance,1,Aligned,False,False
15782530,Low Balance,1,Aligned,False,False
15592877,Medium Balance,0,High Balance / Low Salary (Unusual Profile),False,False
15651983,Medium Balance,3,Aligned,False,False
15746737,Low Balance,3,High Salary / Low Balance (Wallet-Share Risk),False,False
15774179,Zero Balance,2,High Salary / Low Balance (Wallet-Share Risk),False,False
15667265,Medium Balance,3,Aligned,False,False
15655123,Medium Balance,3,Aligned,False,False
15595917,Low Balance,3,High Salary / Low Balance (Wallet-Share Risk),False,False
15668385,High Balance,2,Aligned,False,False
15709476,Low Balance,1,Aligned,False,False
15711218,Medium Balance,1,Aligned,False,False
15798659,Zero Balance,0,Aligned,False,False
15663939,Medium Balance,3,Aligned,False,False
15694946,Zero Balance,3,High Salary / Low Balance (Wallet-Share Risk),False,False
15631912,Medium Balance,1,Aligned,False,False
15768816,Low Balance,2,Aligned,False,False
15682268,Low Balance,1,Aligned,False,False
15684801,Low Balance,3,High Salary / Low Balance (Wallet-Share Risk),False,False
15636428,Zero Balance,3,High Salary / Low Balance (Wallet-Share Risk),False,False
15809823,Medium Balance,2,Aligned,False,False
15699284,High Balance,2,Aligned,False,False
15786993,Zero Balance,3,High Salary / Low Balance (Wallet-Share Risk),False,False
15709441,Zero Balance,0,Aligned,False,False
15710257,Medium Balance,2,Aligned,False,False
15582492,Low Balance,3,High Salary / Low Balance (Wallet-Share Risk),False,False
15575694,Low Balance,1,Aligned,False,False
15756820,Low Balance,0,Aligned,False,False
15766289,High Balance,3,Aligned,True,True
15593014,Low Balance,3,High Salary / Low Balance (Wallet-Share Risk),False,False
15584545,Zero Balance,3,High Salary / Low Balance (Wallet-Share Risk),False,False
15675949,Zero Balance,1,Aligned,False,False
15672091,Low Balance,1,Aligned,False,False
15801658,Low Balance,3,High Salary / Low Balance (Wallet-Share Risk),False,False
15706185,High Balance,3,Aligned,True,False
15789863,Zero Balance,3,High Salary / Low Balance (Wallet-Share Risk),False,False
15720943,Low Balance,3,High Salary / Low Balance (Wallet-Share Risk),False,False
15697997,High Balance,3,Aligned,True,False
15665416,Low Balance,2,Aligned,False,False
15660200,Zero Balance,3,High Salary / Low Balance (Wallet-Share Risk),False,False
15619653,Zero Balance,0,Aligned,False,False
15773447,Zero Balance,0,Aligned,False,False
15739160,Low Balance,2,Aligned,False,False
15689237,Zero Balance,2,High Salary / Low Balance (Wallet-Share Risk),False,False
15679297,High Balance,2,Aligned,False,False
15591433,Low Balance,0,Aligned,False,False
15642725,Low Balance,2,Aligned,False,False
15701962,High Balance,2,Aligned,False,False
15811613,Zero Balance,0,Aligned,False,False
15741049,Zero Balance,1,Aligned,False,False
15724423,Low Balance,0,Aligned,False,False
15574305,Low Balance,1,Aligned,False,False
15678168,Zero Balance,3,High Salary / Low Balance (Wallet-Share Risk),False,False
15697020,Low Balance,0,Aligned,False,False
15610801,Medium Balance,0,High Balance / Low Salary (Unusual Profile),False,False
15745232,Zero Balance,2,High Salary / Low Balance (Wallet-Share Risk),False,False
15722758,Zero Balance,2,High Salary / Low Balance (Wallet-Share Risk),False,False
15792102,Medium Balance,3,Aligned,False,False
15675185,Low Balance,2,Aligned,False,False
15801247,Low Balance,2,Aligned,False,False
15725660,Low Balance,1,Aligned,False,False
15638963,High Balance,0,High Balance / Low Salary (Unusual Profile),False,False
15800061,Low Balance,2,Aligned,False,False
15578006,Zero Balance,2,High Salary / Low Balance (Wallet-Share Risk),False,False
15668504,Low Balance,2,Aligned,False,False
15687491,Low Balance,1,Aligned,False,False
15610403,Low Balance,0,Aligned,False,False
15741094,Zero Balance,0,Aligned,False,False
15807909,Zero Balance,2,High Salary / Low Balance (Wallet-Share Risk),False,False
15666141,Low Balance,0,Aligned,False,False
15617134,Zero Balance,3,High Salary / Low Balance (Wallet-Share Risk),False,False
15783029,Low Balance,0,Aligned,False,False
15622833,Medium Balance,2,Aligned,False,False
15746422,Zero Balance,0,Aligned,False,False
15750839,Low Balance,3,High Salary / Low Balance (Wallet-Share Risk),False,False
15749130,Low Balance,1,Aligned,False,False
15779862,Medium Balance,2,Aligned,False,False
15767871,Zero Balance,3,High Salary / Low Balance (Wallet-Share Risk),False,False
15679651,Medium Balance,3,Aligned,False,False
15576219,Zero Balance,0,Aligned,False,False
15699247,Zero Balance,2,High Salary / Low Balance (Wallet-Share Risk),False,False
15619087,Low Balance,3,High Salary / Low Balance (Wallet-Share Risk),False,False
15605327,Zero Balance,2,High Salary / Low Balance (Wallet-Share Risk),False,False
15610140,Zero Balance,0,Aligned,False,False
15791174,Low Balance,1,Aligned,False,False
15602373,Low Balance,3,High Salary / Low Balance (Wallet-Share Risk),False,False
15762605,Low Balance,3,High Salary / Low Balance (Wallet-Share Risk),False,False
15598840,Medium Balance,2,Aligned,False,False
15744279,Zero Balance,1,Aligned,False,False
15670619,Zero Balance,2,High Salary / Low Balance (Wallet-Share Risk),False,False
15599533,Zero Balance,1,Aligned,False,False
15757837,Low Balance,3,High Salary / Low Balance (Wallet-Share Risk),False,False
15697574,Zero Balance,1,Aligned,False,False
15578738,Low Balance,3,High Salary / Low Balance (Wallet-Share Risk),False,False
15762228,Low Balance,0,Aligned,False,False
15614827,Low Balance,2,Aligned,False,False
15789815,Zero Balance,2,High Salary / Low Balance (Wallet-Share Risk),False,False
15579781,Medium Balance,3,Aligned,False,False
15587013,Low Balance,0,Aligned,False,False
15570932,Medium Balance,2,Aligned,False,False
15794661,Zero Balance,2,High Salary / Low Balance (Wallet-Share Risk),False,False
15581654,Zero Balance,0,Aligned,False,False
15644296,Low Balance,0,Aligned,False,False
15614420,Low Balance,3,High Salary / Low Balance (Wallet-Share Risk),False,False
15609653,Low Balance,2,Aligned,False,False
15594577,Zero Balance,3,High Salary / Low Balance (Wallet-Share Risk),False,False
15584114,High Balance,3,Aligned,True,False
15673367,Medium Balance,1,Aligned,False,False
15685576,Zero Balance,2,High Salary / Low Balance (Wallet-Share Risk),False,False
15774727,Medium Balance,0,High Balance / Low Salary (Unusual Profile),False,False
15694288,Zero Balance,3,High Salary / Low Balance (Wallet-Share Risk),False,False
15603319,High Balance,3,Aligned,True,True
15759066,Medium Balance,3,Aligned,False,False
15814816,Low Balance,2,Aligned,False,False
15724402,Zero Balance,2,High Salary / Low Balance (Wallet-Share Risk),False,False
15571059,Zero Balance,2,High Salary / Low Balance (Wallet-Share Risk),False,False
15674206,Zero Balance,1,Aligned,False,False
15715160,High Balance,2,Aligned,False,False
15730448,Low Balance,2,Aligned,False,False
15662067,Low Balance,1,Aligned,False,False
15779581,Low Balance,1,Aligned,False,False
15662901,Zero Balance,1,Aligned,False,False
15689751,Low Balance,0,Aligned,False,False
15667742,Low Balance,2,Aligned,False,False
15738448,High Balance,3,Aligned,True,True
15680243,High Balance,0,High Balance / Low Salary (Unusual Profile),False,False
15745083,Low Balance,0,Aligned,False,False
15708228,Medium Balance,1,Aligned,False,False
15628523,Zero Balance,3,High Salary / Low Balance (Wallet-Share Risk),False,False
15708196,Low Balance,3,High Salary / Low Balance (Wallet-Share Risk),False,False
15735549,Low Balance,2,Aligned,False,False
15809347,High Balance,0,High Balance / Low Salary (Unusual Profile),False,False
15660866,Zero Balance,0,Aligned,False,False
15766609,Zero Balance,3,High Salary / Low Balance (Wallet-Share Risk),False,False
15654230,High Balance,2,Aligned,False,False
15794566,Zero Balance,2,High Salary / Low Balance (Wallet-Share Risk),False,False
15800890,Zero Balance,3,High Salary / Low Balance (Wallet-Share Risk),False,False
15697424,Low Balance,3,High Salary / Low Balance (Wallet-Share Risk),False,False
15724536,Zero Balance,2,High Salary / Low Balance (Wallet-Share Risk),False,False
15735878,Medium Balance,0,High Balance / Low Salary (Unusual Profile),False,False
15707596,Low Balance,1,Aligned,False,False
15657163,High Balance,2,Aligned,False,False
15622478,Low Balance,2,Aligned,False,False
15779529,Zero Balance,0,Aligned,False,False
15636023,Zero Balance,2,High Salary / Low Balance (Wallet-Share Risk),False,False
15582066,Zero Balance,0,Aligned,False,False
15666675,High Balance,0,High Balance / Low Salary (Unusual Profile),False,False
15732987,Low Balance,0,Aligned,False,False
15789432,Zero Balance,3,High Salary / Low Balance (Wallet-Share Risk),False,False
15663161,High Balance,0,High Balance / Low Salary (Unusual Profile),False,False
15694879,Zero Balance,3,High Salary / Low Balance (Wallet-Share Risk),False,False
15593715,Low Balance,3,High Salary / Low Balance (Wallet-Share Risk),False,False
15575002,High Balance,0,High Balance / Low Salary (Unusual Profile),False,False
15622171,Low Balance,3,High Salary / Low Balance (Wallet-Share Risk),False,False
15795224,High Balance,1,High Balance / Low Salary (Unusual Profile),False,False
15685346,Medium Balance,3,Aligned,False,False
15691808,Medium Balance,3,Aligned,False,False
15721007,Low Balance,2,Aligned,False,False
15794253,Medium Balance,2,Aligned,False,False
15694453,Medium Balance,1,Aligned,False,False
15813113,Zero Balance,0,Aligned,False,False
15614187,Medium Balance,1,Aligned,False,False
15619407,Medium Balance,2,Aligned,False,False
15646227,Low Balance,3,High Salary / Low Balance (Wallet-Share Risk),False,False
15660541,Medium Balance,2,Aligned,False,False
15753874,High Balance,0,High Balance / Low Salary (Unusual Profile),False,False
15617877,Zero Balance,1,Aligned,False,False
15772073,Zero Balance,2,High Salary / Low Balance (Wallet-Share Risk),False,False
15701537,Zero Balance,3,High Salary / Low Balance (Wallet-Share Risk),False,False
15736228,Medium Balance,2,Aligned,False,False
15780572,Zero Balance,2,High Salary / Low Balance (Wallet-Share Risk),False,False
15769596,Low Balance,0,Aligned,False,False
15586996,Zero Balance,3,High Salary / Low Balance (Wallet-Share Risk),False,False
15722061,High Balance,2,Aligned,False,False
15638003,Low Balance,3,High Salary / Low Balance (Wallet-Share Risk),False,False
15775590,Low Balance,2,Aligned,False,False
15730688,Low Balance,3,High Salary / Low Balance (Wallet-Share Risk),False,False
15753102,Low Balance,3,High Salary / Low Balance (Wallet-Share Risk),False,False
15810075,Medium Balance,3,Aligned,False,False
15723373,Low Balance,1,Aligned,False,False
15795298,High Balance,2,Aligned,False,False
15584320,Low Balance,2,Aligned,False,False
15724161,Medium Balance,1,Aligned,False,False
15750056,High Balance,0,High Balance / Low Salary (Unusual Profile),False,False
15609637,Zero Balance,0,Aligned,False,False
15794493,Zero Balance,0,Aligned,False,False
15569641,Medium Balance,1,Aligned,False,False
15815236,Zero Balance,0,Aligned,False,False
15811177,High Balance,2,Aligned,False,False
15680587,Medium Balance,0,High Balance / Low Salary (Unusual Profile),False,False
15672821,Zero Balance,0,Aligned,False,False
15767681,Zero Balance,1,Aligned,False,False
15600379,Low Balance,1,Aligned,False,False
15801336,Low Balance,2,Aligned,False,False
15721592,Zero Balance,3,High Salary / Low Balance (Wallet-Share Risk),False,False
15581282,Zero Balance,0,Aligned,False,False
15746203,Low Balance,0,Aligned,False,False
15583137,Medium Balance,2,Aligned,False,False
15680752,Zero Balance,1,Aligned,False,False
15688172,Zero Balance,1,Aligned,False,False
15791373,Low Balance,0,Aligned,False,False
15589449,Zero Balance,1,Aligned,False,False
15692819,Medium Balance,0,High Balance / Low Salary (Unusual Profile),False,False
15727467,Zero Balance,2,High Salary / Low Balance (Wallet-Share Risk),False,False
15734312,Zero Balance,3,High Salary / Low Balance (Wallet-Share Risk),False,False
15764604,High Balance,2,Aligned,False,False
15613014,Low Balance,0,Aligned,False,False
15759684,High Balance,2,Aligned,False,False
15609669,Low Balance,0,Aligned,False,False
15685536,Zero Balance,0,Aligned,False,False
15750447,Low Balance,2,Aligned,False,False
15663249,Medium Balance,2,Aligned,False,False
15638646,High Balance,1,High Balance / Low Salary (Unusual Profile),False,False
15734161,Zero Balance,0,Aligned,False,False
15631070,High Balance,2,Aligned,False,False
15761950,Low Balance,3,High Salary / Low Balance (Wallet-Share Risk),False,False
15649668,High Balance,1,High Balance / Low Salary (Unusual Profile),False,False
15713912,Low Balance,2,Aligned,False,False
15586757,Low Balance,0,Aligned,False,False
15596522,Zero Balance,2,High Salary / Low Balance (Wallet-Share Risk),False,False
15625395,Low Balance,0,Aligned,False,False
15760570,Zero Balance,1,Aligned,False,False
15566689,Zero Balance,2,High Salary / Low Balance (Wallet-Share Risk),False,False
15725794,Zero Balance,2,High Salary / Low Balance (Wallet-Share Risk),False,False
15673539,Low Balance,1,Aligned,False,False
15705298,High Balance,2,Aligned,False,False
15675791,Medium Balance,2,Aligned,False,False
15747043,Zero Balance,0,Aligned,False,False
15736397,Low Balance,0,Aligned,False,False
15678201,Zero Balance,2,High Salary / Low Balance (Wallet-Share Risk),False,False
15720745,High Balance,2,Aligned,False,False
15637593,Zero Balance,3,High Salary / Low Balance (Wallet-Share Risk),False,False
15598070,Medium Balance,1,Aligned,False,False
15787550,Zero Balance,1,Aligned,False,False
15603942,Low Balance,3,High Salary / Low Balance (Wallet-Share Risk),False,False
15733973,Zero Balance,0,Aligned,False,False
15596761,Low Balance,0,Aligned,False,False
15652400,High Balance,0,High Balance / Low Salary (Unusual Profile),False,False
15717893,High Balance,1,High Balance / Low Salary (Unusual Profile),False,False
15622585,High Balance,1,High Balance / Low Salary (Unusual Profile),False,False
15733964,Low Balance,1,Aligned,False,False
15753861,Low Balance,1,Aligned,False,False
15747097,Zero Balance,0,Aligned,False,False
15594762,High Balance,0,High Balance / Low Salary (Unusual Profile),False,False
15667417,Low Balance,0,Aligned,False,False
15684861,Zero Balance,3,High Salary / Low Balance (Wallet-Share Risk),False,False
15742204,High Balance,2,Aligned,False,False
15623502,Low Balance,0,Aligned,False,False
15774872,Zero Balance,2,High Salary / Low Balance (Wallet-Share Risk),False,False
15611191,Medium Balance,1,Aligned,False,False
15674331,Medium Balance,1,Aligned,False,False
15619465,Zero Balance,3,High Salary / Low Balance (Wallet-Share Risk),False,False
15575247,Zero Balance,2,High Salary / Low Balance (Wallet-Share Risk),False,False
15695679,Low Balance,1,Aligned,False,False
15713463,Medium Balance,2,Aligned,False,False
15785170,Low Balance,3,High Salary / Low Balance (Wallet-Share Risk),False,False
15796351,Low Balance,2,Aligned,False,False
15639576,Medium Balance,3,Aligned,False,False
15693264,Zero Balance,2,High Salary / Low Balance (Wallet-Share Risk),False,False
15589715,Zero Balance,0,Aligned,False,False
15769902,Zero Balance,1,Aligned,False,False
15587177,Medium Balance,1,Aligned,False,False
15814553,Low Balance,1,Aligned,False,False
15601550,Low Balance,0,Aligned,False,False
15664907,Zero Balance,0,Aligned,False,False
15612465,Low Balance,3,High Salary / Low Balance (Wallet-Share Risk),False,False
15810800,Zero Balance,1,Aligned,False,False
15665760,Zero Balance,1,Aligned,False,False
15588080,Zero Balance,2,High Salary / Low Balance (Wallet-Share Risk),False,False
15776844,Zero Balance,1,Aligned,False,False
15717560,Medium Balance,1,Aligned,False,False
15629739,Low Balance,1,Aligned,False,False
15729908,Zero Balance,2,High Salary / Low Balance (Wallet-Share Risk),False,False
15716781,High Balance,3,Aligned,True,False
15646936,High Balance,3,Aligned,True,False
15768151,Low Balance,3,High Salary / Low Balance (Wallet-Share Risk),False,False
15579212,Zero Balance,0,Aligned,False,False
15721835,Zero Balance,1,Aligned,False,False
15800515,Medium Balance,2,Aligned,False,False
15591279,Low Balance,1,Aligned,False,False
15587419,Zero Balance,2,High Salary / Low Balance (Wallet-Share Risk),False,False
15750335,Low Balance,3,High Salary / Low Balance (Wallet-Share Risk),False,False
15699619,High Balance,1,High Balance / Low Salary (Unusual Profile),False,False
15606472,Zero Balance,1,Aligned,False,False
15778368,Medium Balance,2,Aligned,False,False
15671387,Low Balance,3,High Salary / Low Balance (Wallet-Share Risk),False,False
15573926,Low Balance,1,Aligned,False,False
15709183,Low Balance,2,Aligned,False,False
15577514,Medium Balance,0,High Balance / Low Salary (Unusual Profile),False,False
15778830,Zero Balance,3,High Salary / Low Balance (Wallet-Share Risk),False,False
15768072,Zero Balance,0,Aligned,False,False
15768293,Zero Balance,0,Aligned,False,False
15654456,High Balance,1,High Balance / Low Salary (Unusual Profile),False,False
15807525,Zero Balance,0,Aligned,False,False
15574372,High Balance,3,Aligned,True,True
15671249,Zero Balance,2,High Salary / Low Balance (Wallet-Share Risk),False,False
15779744,Low Balance,1,Aligned,False,False
15624755,Low Balance,3,High Salary / Low Balance (Wallet-Share Risk),False,False
15611430,Zero Balance,0,Aligned,False,False
15774744,Low Balance,2,Aligned,False,False
15629885,Low Balance,3,High Salary / Low Balance (Wallet-Share Risk),False,False
15708791,Low Balance,3,High Salary / Low Balance (Wallet-Share Risk),False,False
15793890,Zero Balance,3,High Salary / Low Balance (Wallet-Share Risk),False,False
15646091,Low Balance,2,Aligned,False,False
15596984,Zero Balance,0,Aligned,False,False
15800215,Zero Balance,3,High Salary / Low Balance (Wallet-Share Risk),False,False
15577806,Low Balance,3,High Salary / Low Balance (Wallet-Share Risk),False,False
15749381,Medium Balance,3,Aligned,False,False
15683758,Low Balance,1,Aligned,False,False
15670615,Zero Balance,1,Aligned,False,False
15715622,High Balance,2,Aligned,False,False
15707634,Low Balance,3,High Salary / Low Balance (Wallet-Share Risk),False,False
15806901,Low Balance,2,Aligned,False,False
15775335,Low Balance,3,High Salary / Low Balance (Wallet-Share Risk),False,False
15724150,Medium Balance,3,Aligned,False,False
15627220,Low Balance,3,High Salary / Low Balance (Wallet-Share Risk),False,False
15672330,Zero Balance,2,High Salary / Low Balance (Wallet-Share Risk),False,False
15668521,Zero Balance,1,Aligned,False,False
15807837,Low Balance,3,High Salary / Low Balance (Wallet-Share Risk),False,False
15592570,Zero Balance,1,Aligned,False,False
15748589,Zero Balance,0,Aligned,False,False
15635893,Zero Balance,3,High Salary / Low Balance (Wallet-Share Risk),False,False
15757632,High Balance,3,Aligned,True,True
15691863,Zero Balance,1,Aligned,False,False
15706071,Medium Balance,0,High Balance / Low Salary (Unusual Profile),False,False
15654296,Zero Balance,3,High Salary / Low Balance (Wallet-Share Risk),False,False
15755018,Low Balance,3,High Salary / Low Balance (Wallet-Share Risk),False,False
15594041,Medium Balance,1,Aligned,False,False
15670587,Low Balance,3,High Salary / Low Balance (Wallet-Share Risk),False,False
15724527,Zero Balance,0,Aligned,False,False
15801904,High Balance,0,High Balance / Low Salary (Unusual Profile),False,False
15658195,Low Balance,1,Aligned,False,False
15630113,High Balance,0,High Balance / Low Salary (Unusual Profile),False,False
15784320,Medium Balance,0,High Balance / Low Salary (Unusual Profile),False,False
15676513,Low Balance,3,High Salary / Low Balance (Wallet-Share Risk),False,False
15574072,Zero Balance,3,High Salary / Low Balance (Wallet-Share Risk),False,False
15633854,Zero Balance,3,High Salary / Low Balance (Wallet-Share Risk),False,False
15618566,Zero Balance,2,High Salary / Low Balance (Wallet-Share Risk),False,False
15733014,Low Balance,2,Aligned,False,False
15753343,Medium Balance,1,Aligned,False,False
15746076,Zero Balance,0,Aligned,False,False
15608226,Low Balance,1,Aligned,False,False
15605684,Low Balance,2,Aligned,False,False
15638988,Zero Balance,1,Aligned,False,False
15628767,High Balance,3,Aligned,True,False
15737977,Zero Balance,1,Aligned,False,False
15758116,Low Balance,2,Aligned,False,False
15575119,Zero Balance,2,High Salary / Low Balance (Wallet-Share Risk),False,False
15625126,Zero Balance,2,High Salary / Low Balance (Wallet-Share Risk),False,False
15567114,Low Balance,0,Aligned,False,False
15672242,Zero Balance,2,High Salary / Low Balance (Wallet-Share Risk),False,False
15681327,Zero Balance,0,Aligned,False,False
15802585,Low Balance,0,Aligned,False,False
15740630,Zero Balance,3,High Salary / Low Balance (Wallet-Share Risk),False,False
15815420,Medium Balance,1,Aligned,False,False
15711468,Zero Balance,0,Aligned,False,False
15799626,Medium Balance,0,High Balance / Low Salary (Unusual Profile),False,False
15659325,Zero Balance,3,High Salary / Low Balance (Wallet-Share Risk),False,False
15651352,Zero Balance,2,High Salary / Low Balance (Wallet-Share Risk),False,False
15684925,Zero Balance,0,Aligned,False,False
15657439,Zero Balance,0,Aligned,False,False
15574122,Medium Balance,3,Aligned,False,False
15720508,Low Balance,1,Aligned,False,False
15599078,Low Balance,0,Aligned,False,False
15702300,Zero Balance,2,High Salary / Low Balance (Wallet-Share Risk),False,False
15660735,Zero Balance,3,High Salary / Low Balance (Wallet-Share Risk),False,False
15671390,Zero Balance,1,Aligned,False,False
15647385,Low Balance,0,Aligned,False,False
15739223,Zero Balance,2,High Salary / Low Balance (Wallet-Share Risk),False,False
15631305,Medium Balance,1,Aligned,False,False
15809263,Low Balance,0,Aligned,False,False
15640866,Zero Balance,2,High Salary / Low Balance (Wallet-Share Risk),False,False
15775663,Medium Balance,2,Aligned,False,False
15631800,Low Balance,1,Aligned,False,False
15654292,Medium Balance,2,Aligned,False,False
15648320,Medium Balance,2,Aligned,False,False
15726747,Medium Balance,3,Aligned,False,False
15694510,Medium Balance,0,High Balance / Low Salary (Unusual Profile),False,False
15572291,Medium Balance,2,Aligned,False,False
15603465,High Balance,1,High Balance / Low Salary (Unusual Profile),False,False
15685628,Medium Balance,1,Aligned,False,False
15792729,High Balance,3,Aligned,True,True
15767414,Low Balance,1,Aligned,False,False
15568044,Zero Balance,0,Aligned,False,False
15751333,Zero Balance,3,High Salary / Low Balance (Wallet-Share Risk),False,False
15623062,Low Balance,1,Aligned,False,False
15713621,Medium Balance,3,Aligned,False,False
15670668,Low Balance,1,Aligned,False,False
15750638,Low Balance,3,High Salary / Low Balance (Wallet-Share Risk),False,False
15747878,Zero Balance,1,Aligned,False,False
15726796,Low Balance,2,Aligned,False,False
15754952,Low Balance,2,Aligned,False,False
15652192,High Balance,1,High Balance / Low Salary (Unusual Profile),False,False
15681924,Medium Balance,1,Aligned,False,False
15763544,Zero Balance,2,High Salary / Low Balance (Wallet-Share Risk),False,False
15764431,Medium Balance,0,High Balance / Low Salary (Unusual Profile),False,False
15684010,Low Balance,0,Aligned,False,False
15648881,Low Balance,0,Aligned,False,False
15733303,Zero Balance,0,Aligned,False,False
15643294,High Balance,1,High Balance / Low Salary (Unusual Profile),False,False
15749905,Zero Balance,0,Aligned,False,False
15625175,Low Balance,1,Aligned,False,False
15643967,Low Balance,3,High Salary / Low Balance (Wallet-Share Risk),False,False
15578251,High Balance,1,High Balance / Low Salary (Unusual Profile),False,False
15772573,Low Balance,3,High Salary / Low Balance (Wallet-Share Risk),False,False
15733234,Zero Balance,1,Aligned,False,False
15721582,Low Balance,2,Aligned,False,False
15628219,Low Balance,2,Aligned,False,False
15571302,Low Balance,1,Aligned,False,False
15637178,Zero Balance,2,High Salary / Low Balance (Wallet-Share Risk),False,False
15601184,Zero Balance,3,High Salary / Low Balance (Wallet-Share Risk),False,False
15629511,Low Balance,2,Aligned,False,False
15570629,Medium Balance,1,Aligned,False,False
15665766,Medium Balance,1,Aligned,False,False
15693732,Zero Balance,1,Aligned,False,False
15765982,Low Balance,0,Aligned,False,False
15582016,Low Balance,1,Aligned,False,False
15798024,Low Balance,3,High Salary / Low Balance (Wallet-Share Risk),False,False
15588622,Low Balance,1,Aligned,False,False
15724863,Low Balance,2,Aligned,False,False
15618213,Low Balance,1,Aligned,False,False
15780411,Zero Balance,0,Aligned,False,False
15725429,Low Balance,3,High Salary / Low Balance (Wallet-Share Risk),False,False
15600626,Zero Balance,0,Aligned,False,False
15668460,Zero Balance,0,Aligned,False,False
15576263,Zero Balance,0,Aligned,False,False
15720354,Zero Balance,3,High Salary / Low Balance (Wallet-Share Risk),False,False
15691624,Medium Balance,0,High Balance / Low Salary (Unusual Profile),False,False
15793196,Zero Balance,3,High Salary / Low Balance (Wallet-Share Risk),False,False
15633352,High Balance,2,Aligned,False,False
15750874,Low Balance,2,Aligned,False,False
15588923,Low Balance,2,Aligned,False,False
15715745,High Balance,0,High Balance / Low Salary (Unusual Profile),False,False
15611800,Medium Balance,3,Aligned,False,False
15576928,Zero Balance,2,High Salary / Low Balance (Wallet-Share Risk),False,False
15793693,Zero Balance,1,Aligned,False,False
15581252,Low Balance,0,Aligned,False,False
15797760,High Balance,2,Aligned,False,False
15790564,Low Balance,2,Aligned,False,False
15593736,Medium Balance,3,Aligned,False,False
15595937,Medium Balance,2,Aligned,False,False
15815628,Low Balance,1,Aligned,False,False
15782802,Low Balance,0,Aligned,False,False
15627412,Zero Balance,3,High Salary / Low Balance (Wallet-Share Risk),False,False
15734609,Zero Balance,0,Aligned,False,False
15710689,Low Balance,1,Aligned,False,False
15565806,Zero Balance,0,Aligned,False,False
15815530,Low Balance,3,High Salary / Low Balance (Wallet-Share Risk),False,False
15632272,Zero Balance,1,Aligned,False,False
15684103,Zero Balance,2,High Salary / Low Balance (Wallet-Share Risk),False,False
15654519,Zero Balance,0,Aligned,False,False
15767722,Low Balance,3,High Salary / Low Balance (Wallet-Share Risk),False,False
15654346,Medium Balance,0,High Balance / Low Salary (Unusual Profile),False,False
15660147,Low Balance,1,Aligned,False,False
15814998,Zero Balance,3,High Salary / Low Balance (Wallet-Share Risk),False,False
15802207,Low Balance,1,Aligned,False,False
15658668,Zero Balance,0,Aligned,False,False
15715079,Low Balance,3,High Salary / Low Balance (Wallet-Share Risk),False,False
15570360,Zero Balance,2,High Salary / Low Balance (Wallet-Share Risk),False,False
15674678,Low Balance,0,Aligned,False,False
15780925,High Balance,1,High Balance / Low Salary (Unusual Profile),False,False
15688193,Low Balance,2,Aligned,False,False
15778219,Zero Balance,0,Aligned,False,False
15696514,Low Balance,3,High Salary / Low Balance (Wallet-Share Risk),False,False
15712303,High Balance,2,Aligned,False,False
15719090,Low Balance,3,High Salary / Low Balance (Wallet-Share Risk),False,False
15735632,Zero Balance,1,Aligned,False,False
15619436,Zero Balance,1,Aligned,False,False
15722404,Zero Balance,2,High Salary / Low Balance (Wallet-Share Risk),False,False
15662063,High Balance,3,Aligned,True,False
15745605,Low Balance,1,Aligned,False,False
15636658,Zero Balance,0,Aligned,False,False
15784130,High Balance,1,High Balance / Low Salary (Unusual Profile),False,False
15606755,Zero Balance,1,Aligned,False,False
15801699,Zero Balance,0,Aligned,False,False
15784097,Low Balance,0,Aligned,False,False
15764654,Low Balance,0,Aligned,False,False
15612092,Low Balance,1,Aligned,False,False
15610903,Medium Balance,1,Aligned,False,False
15705777,Medium Balance,3,Aligned,False,False
15661936,High Balance,2,Aligned,False,False
15700864,Zero Balance,2,High Salary / Low Balance (Wallet-Share Risk),False,False
15722965,Low Balance,1,Aligned,False,False
15737521,Low Balance,2,Aligned,False,False
15814465,High Balance,3,Aligned,True,False
15580988,Zero Balance,2,High Salary / Low Balance (Wallet-Share Risk),False,False
15789974,Low Balance,3,High Salary / Low Balance (Wallet-Share Risk),False,False
15713370,High Balance,3,Aligned,True,True
15748673,Zero Balance,0,Aligned,False,False
15754919,Zero Balance,1,Aligned,False,False
15641662,Low Balance,1,Aligned,False,False
15813422,Low Balance,2,Aligned,False,False
15713596,Low Balance,1,Aligned,False,False
15791216,Medium Balance,3,Aligned,False,False
15689031,High Balance,0,High Balance / Low Salary (Unusual Profile),False,False
15763704,Low Balance,3,High Salary / Low Balance (Wallet-Share Risk),False,False
15631339,Zero Balance,3,High Salary / Low Balance (Wallet-Share Risk),False,False
15771509,Low Balance,1,Aligned,False,False
15769586,Zero Balance,2,High Salary / Low Balance (Wallet-Share Risk),False,False
15656096,Low Balance,3,High Salary / Low Balance (Wallet-Share Risk),False,False
15585280,Zero Balance,1,Aligned,False,False
15743582,Low Balance,1,Aligned,False,False
15761692,Medium Balance,3,Aligned,False,False
15627840,Zero Balance,1,Aligned,False,False
15778861,Low Balance,1,Aligned,False,False
15770554,Low Balance,0,Aligned,False,False
15806956,Low Balance,0,Aligned,False,False
15701908,Zero Balance,0,Aligned,False,False
15736990,High Balance,1,High Balance / Low Salary (Unusual Profile),False,False
15743714,Low Balance,0,Aligned,False,False
15807993,Low Balance,0,Aligned,False,False
15644686,Low Balance,0,Aligned,False,False
15677377,Zero Balance,1,Aligned,False,False
15626412,Zero Balance,1,Aligned,False,False
15643679,Low Balance,3,High Salary / Low Balance (Wallet-Share Risk),False,False
15728456,Zero Balance,0,Aligned,False,False
15630661,Low Balance,1,Aligned,False,False
15734044,Low Balance,2,Aligned,False,False
15705001,Low Balance,2,Aligned,False,False
15809817,Zero Balance,1,Aligned,False,False
15809137,Zero Balance,3,High Salary / Low Balance (Wallet-Share Risk),False,False
15751593,Low Balance,2,Aligned,False,False
15626491,Low Balance,0,Aligned,False,False
15765461,Zero Balance,3,High Salary / Low Balance (Wallet-Share Risk),False,False
15568120,Low Balance,1,Aligned,False,False
15787161,Medium Balance,3,Aligned,False,False
15812324,Zero Balance,3,High Salary / Low Balance (Wallet-Share Risk),False,False
15588944,High Balance,2,Aligned,False,False
15694253,High Balance,2,Aligned,False,False
15759566,Zero Balance,1,Aligned,False,False
15675675,Low Balance,2,Aligned,False,False
15802060,Low Balance,2,Aligned,False,False
15660505,Low Balance,2,Aligned,False,False
15782630,Medium Balance,1,Aligned,False,False
15700710,Low Balance,0,Aligned,False,False
15742834,Zero Balance,0,Aligned,False,False
15806511,Zero Balance,1,Aligned,False,False
15608166,Medium Balance,1,Aligned,False,False
15614230,Zero Balance,1,Aligned,False,False
15729958,Zero Balance,2,High Salary / Low Balance (Wallet-Share Risk),False,False
15800814,Low Balance,2,Aligned,False,False
15674727,High Balance,0,High Balance / Low Salary (Unusual Profile),False,False
15657779,Zero Balance,1,Aligned,False,False
15801395,Medium Balance,3,Aligned,False,False
15757911,Zero Balance,2,High Salary / Low Balance (Wallet-Share Risk),False,False
15665340,Zero Balance,2,High Salary / Low Balance (Wallet-Share Risk),False,False
15787151,Zero Balance,3,High Salary / Low Balance (Wallet-Share Risk),False,False
15757821,Zero Balance,0,Aligned,False,False
15600688,Zero Balance,2,High Salary / Low Balance (Wallet-Share Risk),False,False
15594878,Low Balance,1,Aligned,False,False
15569248,Zero Balance,3,High Salary / Low Balance (Wallet-Share Risk),False,False
15812706,Low Balance,2,Aligned,False,False
15645045,Zero Balance,2,High Salary / Low Balance (Wallet-Share Risk),False,False
15766746,Medium Balance,0,High Balance / Low Salary (Unusual Profile),False,False
15700383,Low Balance,2,Aligned,False,False
15632551,Low Balance,1,Aligned,False,False
15795129,Zero Balance,2,High Salary / Low Balance (Wallet-Share Risk),False,False
15650545,Low Balance,2,Aligned,False,False
15612769,Low Balance,1,Aligned,False,False
15710853,Zero Balance,2,High Salary / Low Balance (Wallet-Share Risk),False,False
15623712,Zero Balance,1,Aligned,False,False
15653251,Low Balance,3,High Salary / Low Balance (Wallet-Share Risk),False,False
15755077,Low Balance,2,Aligned,False,False
15808557,Zero Balance,1,Aligned,False,False
15614687,High Balance,3,Aligned,True,False
15626882,Low Balance,0,Aligned,False,False
15748034,High Balance,1,High Balance / Low Salary (Unusual Profile),False,False
15632324,Zero Balance,3,High Salary / Low Balance (Wallet-Share Risk),False,False
15761023,Medium Balance,0,High Balance / Low Salary (Unusual Profile),False,False
15761453,Zero Balance,1,Aligned,False,False
15646726,Zero Balance,1,Aligned,False,False
15637169,Low Balance,1,Aligned,False,False
15636024,Low Balance,0,Aligned,False,False
15801218,Medium Balance,3,Aligned,False,False
15642655,Zero Balance,2,High Salary / Low Balance (Wallet-Share Risk),False,False
15690130,Medium Balance,3,Aligned,False,False
15653753,Low Balance,1,Aligned,False,False
15641359,Zero Balance,0,Aligned,False,False
15776827,High Balance,3,Aligned,True,False
15647725,Low Balance,3,High Salary / Low Balance (Wallet-Share Risk),False,False
15648455,Medium Balance,0,High Balance / Low Salary (Unusual Profile),False,False
15580629,Medium Balance,3,Aligned,False,False
15730161,Zero Balance,0,Aligned,False,False
15626612,Low Balance,2,Aligned,False,False
15662865,Zero Balance,1,Aligned,False,False
15629094,High Balance,3,Aligned,True,False
15651823,High Balance,1,High Balance / Low Salary (Unusual Profile),False,False
15594827,Medium Balance,3,Aligned,False,False
15786392,Medium Balance,1,Aligned,False,False
15727353,High Balance,0,High Balance / Low Salary (Unusual Profile),False,False
15733777,Zero Balance,1,Aligned,False,False
15614302,Medium Balance,3,Aligned,False,False
15723263,Low Balance,2,Aligned,False,False
15687270,Zero Balance,2,High Salary / Low Balance (Wallet-Share Risk),False,False
15803121,Low Balance,2,Aligned,False,False
15598700,Zero Balance,3,High Salary / Low Balance (Wallet-Share Risk),False,False
15741875,Low Balance,1,Aligned,False,False
15631709,Low Balance,0,Aligned,False,False
15672970,Zero Balance,3,High Salary / Low Balance (Wallet-Share Risk),False,False
15761670,Zero Balance,2,High Salary / Low Balance (Wallet-Share Risk),False,False
15706005,High Balance,1,High Balance / Low Salary (Unusual Profile),False,False
15790336,Low Balance,2,Aligned,False,False
15754267,Low Balance,2,Aligned,False,False
15791988,Zero Balance,0,Aligned,False,False
15683375,Zero Balance,2,High Salary / Low Balance (Wallet-Share Risk),False,False
15625151,Low Balance,3,High Salary / Low Balance (Wallet-Share Risk),False,False
15635285,Zero Balance,1,Aligned,False,False
15574296,Low Balance,1,Aligned,False,False
15711618,Medium Balance,2,Aligned,False,False
15670943,High Balance,3,Aligned,True,True
15634359,Low Balance,3,High Salary / Low Balance (Wallet-Share Risk),False,False
15586629,Zero Balance,2,High Salary / Low Balance (Wallet-Share Risk),False,False
15588461,Zero Balance,0,Aligned,False,False
15773221,Low Balance,2,Aligned,False,False
15664227,Low Balance,0,Aligned,False,False
15741745,Medium Balance,2,Aligned,False,False
15652626,Low Balance,2,Aligned,False,False
15599410,Zero Balance,3,High Salary / Low Balance (Wallet-Share Risk),False,False
15571958,High Balance,3,Aligned,True,True
15785406,Low Balance,1,Aligned,False,False
15687884,Low Balance,2,Aligned,False,False
15621685,Medium Balance,1,Aligned,False,False
15628886,Medium Balance,1,Aligned,False,False
15699325,Low Balance,0,Aligned,False,False
15578369,High Balance,3,Aligned,True,True
15654156,Low Balance,1,Aligned,False,False
15707199,High Balance,1,High Balance / Low Salary (Unusual Profile),False,False
15671630,Low Balance,3,High Salary / Low Balance (Wallet-Share Risk),False,False
15632079,High Balance,0,High Balance / Low Salary (Unusual Profile),False,False
15767921,Zero Balance,1,Aligned,False,False
15573599,Zero Balance,3,High Salary / Low Balance (Wallet-Share Risk),False,False
15747208,Zero Balance,1,Aligned,False,False
15582762,Zero Balance,0,Aligned,False,False
15772528,Medium Balance,1,Aligned,False,False
15755798,Low Balance,2,Aligned,False,False
15788683,Medium Balance,3,Aligned,False,False
15616922,Zero Balance,0,Aligned,False,False
15771855,Zero Balance,2,High Salary / Low Balance (Wallet-Share Risk),False,False
15601873,Zero Balance,0,Aligned,False,False
15657868,Low Balance,0,Aligned,False,False
15711716,Medium Balance,2,Aligned,False,False
15734246,High Balance,3,Aligned,True,False
15792151,Zero Balance,1,Aligned,False,False
15770159,High Balance,2,Aligned,False,False
15747649,Medium Balance,3,Aligned,False,False
15639357,Medium Balance,3,Aligned,False,False
15738907,Low Balance,0,Aligned,False,False
15663446,Low Balance,0,Aligned,False,False
15750867,Low Balance,2,Aligned,False,False
15715939,Zero Balance,0,Aligned,False,False
15763806,Zero Balance,0,Aligned,False,False
15637993,Medium Balance,0,High Balance / Low Salary (Unusual Profile),False,False
15720338,Low Balance,2,Aligned,False,False
15627162,Medium Balance,2,Aligned,False,False
15596710,High Balance,2,Aligned,False,False
15781678,Low Balance,2,Aligned,False,False
15634968,Low Balance,1,Aligned,False,False
15609475,Low Balance,1,Aligned,False,False
15573319,High Balance,3,Aligned,True,True
15738291,Low Balance,1,Aligned,False,False
15782456,High Balance,3,Aligned,True,True
15794841,Low Balance,3,High Salary / Low Balance (Wallet-Share Risk),False,False
15684696,Low Balance,3,High Salary / Low Balance (Wallet-Share Risk),False,False
15629846,High Balance,2,Aligned,False,False
15674442,High Balance,2,Aligned,False,False
15571689,Zero Balance,0,Aligned,False,False
15730469,Low Balance,0,Aligned,False,False
15809320,Zero Balance,0,Aligned,False,False
15684367,Zero Balance,1,Aligned,False,False
15793049,Low Balance,2,Aligned,False,False
15603665,Medium Balance,1,Aligned,False,False
15613623,Zero Balance,2,High Salary / Low Balance (Wallet-Share Risk),False,False
15569572,Zero Balance,2,High Salary / Low Balance (Wallet-Share Risk),False,False
15698791,High Balance,0,High Balance / Low Salary (Unusual Profile),False,False
15626233,Zero Balance,3,High Salary / Low Balance (Wallet-Share Risk),False,False
15607263,Zero Balance,0,Aligned,False,False
15610900,Low Balance,0,Aligned,False,False
15624775,Low Balance,2,Aligned,False,False
15691703,Low Balance,1,Aligned,False,False
15745355,High Balance,1,High Balance / Low Salary (Unusual Profile),False,False
15724955,Zero Balance,2,High Salary / Low Balance (Wallet-Share Risk),False,False
15628999,Low Balance,2,Aligned,False,False
15654341,Low Balance,3,High Salary / Low Balance (Wallet-Share Risk),False,False
15744240,Low Balance,0,Aligned,False,False
15632365,High Balance,1,High Balance / Low Salary (Unusual Profile),False,False
15729689,Low Balance,2,Aligned,False,False
15759284,Zero Balance,2,High Salary / Low Balance (Wallet-Share Risk),False,False
15602124,Zero Balance,3,High Salary / Low Balance (Wallet-Share Risk),False,False
15661903,Low Balance,3,High Salary / Low Balance (Wallet-Share Risk),False,False
15664668,High Balance,0,High Balance / Low Salary (Unusual Profile),False,False
15736431,Zero Balance,0,Aligned,False,False
15748639,Low Balance,1,Aligned,False,False
15628123,Low Balance,2,Aligned,False,False
15602731,Zero Balance,2,High Salary / Low Balance (Wallet-Share Risk),False,False
15794137,High Balance,2,Aligned,False,False
15748696,High Balance,3,Aligned,True,False
15725068,Zero Balance,0,Aligned,False,False
15807340,Medium Balance,1,Aligned,False,False
15586133,Medium Balance,1,Aligned,False,False
15576185,Zero Balance,0,Aligned,False,False
15660809,Zero Balance,0,Aligned,False,False
15616666,Low Balance,1,Aligned,False,False
15706904,Low Balance,1,Aligned,False,False
15606915,Low Balance,0,Aligned,False,False
15749693,Zero Balance,3,High Salary / Low Balance (Wallet-Share Risk),False,False
15791743,Low Balance,0,Aligned,False,False
15796480,Zero Balance,2,High Salary / Low Balance (Wallet-Share Risk),False,False
15790442,Zero Balance,3,High Salary / Low Balance (Wallet-Share Risk),False,False
15609458,Low Balance,1,Aligned,False,False
15593897,High Balance,0,High Balance / Low Salary (Unusual Profile),False,False
15604576,Zero Balance,2,High Salary / Low Balance (Wallet-Share Risk),False,False
15666270,High Balance,1,High Balance / Low Salary (Unusual Profile),False,False
15572626,Zero Balance,0,Aligned,False,False
15727197,High Balance,2,Aligned,False,False
15714006,Medium Balance,1,Aligned,False,False
15642137,Zero Balance,2,High Salary / Low Balance (Wallet-Share Risk),False,False
15665327,High Balance,2,Aligned,False,False
15626806,Zero Balance,0,Aligned,False,False
15662578,Low Balance,3,High Salary / Low Balance (Wallet-Share Risk),False,False
15790829,Zero Balance,2,High Salary / Low Balance (Wallet-Share Risk),False,False
15654959,High Balance,2,Aligned,False,False
15760244,High Balance,0,High Balance / Low Salary (Unusual Profile),False,False
15715394,Medium Balance,3,Aligned,False,False
15722246,Zero Balance,0,Aligned,False,False
15609704,Zero Balance,1,Aligned,False,False
15757628,Low Balance,2,Aligned,False,False
15633586,Medium Balance,0,High Balance / Low Salary (Unusual Profile),False,False
15565796,Low Balance,1,Aligned,False,False
15717935,Zero Balance,1,Aligned,False,False
15577700,High Balance,2,Aligned,False,False
15747345,Low Balance,3,High Salary / Low Balance (Wallet-Share Risk),False,False
15678317,Zero Balance,1,Aligned,False,False
15698335,Zero Balance,0,Aligned,False,False
15768451,High Balance,1,High Balance / Low Salary (Unusual Profile),False,False
15753213,Zero Balance,3,High Salary / Low Balance (Wallet-Share Risk),False,False
15769645,Zero Balance,0,Aligned,False,False
15657565,Medium Balance,1,Aligned,False,False
15620323,Low Balance,0,Aligned,False,False
15679983,Zero Balance,1,Aligned,False,False
15812616,Zero Balance,1,Aligned,False,False
15601796,Medium Balance,3,Aligned,False,False
15729489,Low Balance,3,High Salary / Low Balance (Wallet-Share Risk),False,False
15613216,High Balance,1,High Balance / Low Salary (Unusual Profile),False,False
15657937,Low Balance,3,High Salary / Low Balance (Wallet-Share Risk),False,False
15815428,Low Balance,0,Aligned,False,False
15640409,Low Balance,1,Aligned,False,False
15699492,High Balance,3,Aligned,True,True
15623536,High Balance,3,Aligned,True,True
15707551,Low Balance,0,Aligned,False,False
15577999,Medium Balance,1,Aligned,False,False
15788775,High Balance,1,High Balance / Low Salary (Unusual Profile),False,False
15758362,High Balance,1,High Balance / Low Salary (Unusual Profile),False,False
15807961,Zero Balance,2,High Salary / Low Balance (Wallet-Share Risk),False,False
15710978,Low Balance,0,Aligned,False,False
15703541,High Balance,0,High Balance / Low Salary (Unusual Profile),False,False
15626474,Zero Balance,0,Aligned,False,False
15608344,Medium Balance,2,Aligned,False,False
15768367,High Balance,3,Aligned,True,False
15806210,Low Balance,2,Aligned,False,False
15697702,Zero Balance,0,Aligned,False,False
15689152,Medium Balance,0,High Balance / Low Salary (Unusual Profile),False,False
15568573,Low Balance,3,High Salary / Low Balance (Wallet-Share Risk),False,False
15689598,Zero Balance,1,Aligned,False,False
15713374,High Balance,1,High Balance / Low Salary (Unusual Profile),False,False
15679733,Low Balance,0,Aligned,False,False
15759274,Zero Balance,3,High Salary / Low Balance (Wallet-Share Risk),False,False
15607748,Low Balance,0,Aligned,False,False
15607577,Zero Balance,3,High Salary / Low Balance (Wallet-Share Risk),False,False
15813697,Medium Balance,1,Aligned,False,False
15801125,Zero Balance,2,High Salary / Low Balance (Wallet-Share Risk),False,False
15777855,Zero Balance,1,Aligned,False,False
15635396,Medium Balance,2,Aligned,False,False
15698031,Low Balance,0,Aligned,False,False
15678944,Medium Balance,0,High Balance / Low Salary (Unusual Profile),False,False
15718507,Low Balance,3,High Salary / Low Balance (Wallet-Share Risk),False,False
15808334,Low Balance,3,High Salary / Low Balance (Wallet-Share Risk),False,False
15804709,Low Balance,3,High Salary / Low Balance (Wallet-Share Risk),False,False
15645835,Zero Balance,1,Aligned,False,False
15738166,Low Balance,2,Aligned,False,False
15675360,Zero Balance,0,Aligned,False,False
15793042,Medium Balance,1,Aligned,False,False
15630106,Zero Balance,1,Aligned,False,False
15810385,High Balance,1,High Balance / Low Salary (Unusual Profile),False,False
15578211,Zero Balance,3,High Salary / Low Balance (Wallet-Share Risk),False,False
15572792,Low Balance,2,Aligned,False,False
15620030,Zero Balance,1,Aligned,False,False
15783541,Zero Balance,3,High Salary / Low Balance (Wallet-Share Risk),False,False
15679284,Low Balance,1,Aligned,False,False
15582910,Low Balance,0,Aligned,False,False
15688337,Low Balance,3,High Salary / Low Balance (Wallet-Share Risk),False,False
15734970,Low Balance,3,High Salary / Low Balance (Wallet-Share Risk),False,False
15759140,Medium Balance,1,Aligned,False,False
15643042,Low Balance,1,Aligned,False,False
15773868,Medium Balance,2,Aligned,False,False
15615820,Low Balance,0,Aligned,False,False
15730273,Zero Balance,3,High Salary / Low Balance (Wallet-Share Risk),False,False
15724890,Low Balance,1,Aligned,False,False
15765952,High Balance,3,Aligned,True,True
15685920,Low Balance,3,High Salary / Low Balance (Wallet-Share Risk),False,False
15663263,High Balance,0,High Balance / Low Salary (Unusual Profile),False,False
15568953,Medium Balance,2,Aligned,False,False
15643361,High Balance,3,Aligned,True,False
15699486,Medium Balance,0,High Balance / Low Salary (Unusual Profile),False,False
15747854,Zero Balance,2,High Salary / Low Balance (Wallet-Share Risk),False,False
15691785,Zero Balance,1,Aligned,False,False
15709004,Low Balance,0,Aligned,False,False
15652218,High Balance,1,High Balance / Low Salary (Unusual Profile),False,False
15697127,High Balance,0,High Balance / Low Salary (Unusual Profile),False,False
15658486,High Balance,1,High Balance / Low Salary (Unusual Profile),False,False
15694160,Zero Balance,2,High Salary / Low Balance (Wallet-Share Risk),False,False
15685290,High Balance,0,High Balance / Low Salary (Unusual Profile),False,False
15701042,High Balance,3,Aligned,True,True
15680449,Medium Balance,0,High Balance / Low Salary (Unusual Profile),False,False
15599860,Low Balance,2,Aligned,False,False
15723169,Medium Balance,0,High Balance / Low Salary (Unusual Profile),False,False
15803842,Low Balance,1,Aligned,False,False
15728224,High Balance,0,High Balance / Low Salary (Unusual Profile),False,False
15644174,Medium Balance,3,Aligned,False,False
15707110,High Balance,0,High Balance / Low Salary (Unusual Profile),False,False
15765415,Low Balance,3,High Salary / Low Balance (Wallet-Share Risk),False,False
15756751,Low Balance,3,High Salary / Low Balance (Wallet-Share Risk),False,False
15795151,Medium Balance,0,High Balance / Low Salary (Unusual Profile),False,False
15632859,Zero Balance,2,High Salary / Low Balance (Wallet-Share Risk),False,False
15584037,Low Balance,0,Aligned,False,False
15621409,Medium Balance,1,Aligned,False,False
15581102,Zero Balance,2,High Salary / Low Balance (Wallet-Share Risk),False,False
15578096,Low Balance,2,Aligned,False,False
15669887,Zero Balance,1,Aligned,False,False
15621834,Zero Balance,1,Aligned,False,False
15655341,High Balance,2,Aligned,False,False
15685314,Zero Balance,0,Aligned,False,False
15653997,Low Balance,2,Aligned,False,False
15629551,Medium Balance,2,Aligned,False,False
15651264,Medium Balance,2,Aligned,False,False
15760825,Zero Balance,2,High Salary / Low Balance (Wallet-Share Risk),False,False
15597394,Zero Balance,1,Aligned,False,False
15740383,Zero Balance,1,Aligned,False,False
15670562,Low Balance,0,Aligned,False,False
15698117,High Balance,2,Aligned,False,False
15694805,Low Balance,3,High Salary / Low Balance (Wallet-Share Risk),False,False
15746802,Medium Balance,3,Aligned,False,False
15589428,Zero Balance,0,Aligned,False,False
15790267,High Balance,3,Aligned,True,False
15665402,Medium Balance,3,Aligned,False,False
15642093,Zero Balance,3,High Salary / Low Balance (Wallet-Share Risk),False,False
15666181,Low Balance,1,Aligned,False,False
15602554,Low Balance,1,Aligned,False,False
15724251,Low Balance,0,Aligned,False,False
15740147,Zero Balance,1,Aligned,False,False
15718289,Low Balance,2,Aligned,False,False
15763148,Low Balance,3,High Salary / Low Balance (Wallet-Share Risk),False,False
15685245,Zero Balance,3,High Salary / Low Balance (Wallet-Share Risk),False,False
15626985,Low Balance,2,Aligned,False,False
15585823,Medium Balance,1,Aligned,False,False
15728167,Medium Balance,0,High Balance / Low Salary (Unusual Profile),False,False
15762928,Zero Balance,0,Aligned,False,False
15751774,Low Balance,2,Aligned,False,False
15654733,Low Balance,1,Aligned,False,False
15809777,Medium Balance,0,High Balance / Low Salary (Unusual Profile),False,False
15744200,Low Balance,0,Aligned,False,False
15720713,Zero Balance,3,High Salary / Low Balance (Wallet-Share Risk),False,False
15695356,Zero Balance,3,High Salary / Low Balance (Wallet-Share Risk),False,False
15653315,Zero Balance,2,High Salary / Low Balance (Wallet-Share Risk),False,False
15604792,High Balance,3,Aligned,True,False
15704819,Low Balance,2,Aligned,False,False
15670859,Low Balance,3,High Salary / Low Balance (Wallet-Share Risk),False,False
15602797,Low Balance,3,High Salary / Low Balance (Wallet-Share Risk),False,False
15662533,Zero Balance,3,High Salary / Low Balance (Wallet-Share Risk),False,False
15778154,Medium Balance,0,High Balance / Low Salary (Unusual Profile),False,False
15806230,Medium Balance,1,Aligned,False,False
15662884,Low Balance,3,High Salary / Low Balance (Wallet-Share Risk),False,False
15750778,Medium Balance,2,Aligned,False,False
15717185,Zero Balance,1,Aligned,False,False
15677804,Zero Balance,1,Aligned,False,False
15568915,High Balance,2,Aligned,False,False
15736495,Low Balance,1,Aligned,False,False
15737354,Zero Balance,1,Aligned,False,False
15667889,Zero Balance,2,High Salary / Low Balance (Wallet-Share Risk),False,False
15577831,High Balance,0,High Balance / Low Salary (Unusual Profile),False,False
15729836,Zero Balance,3,High Salary / Low Balance (Wallet-Share Risk),False,False
15775293,High Balance,1,High Balance / Low Salary (Unusual Profile),False,False
15697597,High Balance,2,Aligned,False,False
15639669,Medium Balance,3,Aligned,False,False
15631392,Low Balance,1,Aligned,False,False
15580935,Medium Balance,2,Aligned,False,False
15590344,High Balance,3,Aligned,True,False
15653306,Low Balance,3,High Salary / Low Balance (Wallet-Share Risk),False,False
15805025,High Balance,2,Aligned,False,False
15658449,Low Balance,1,Aligned,False,False
15694450,Low Balance,0,Aligned,False,False
15605666,Low Balance,0,Aligned,False,False
15615126,Zero Balance,3,High Salary / Low Balance (Wallet-Share Risk),False,False
15726588,Zero Balance,2,High Salary / Low Balance (Wallet-Share Risk),False,False
15645095,Zero Balance,1,Aligned,False,False
15808960,Low Balance,0,Aligned,False,False
15729435,Zero Balance,1,Aligned,False,False
15656840,Low Balance,0,Aligned,False,False
15659149,Zero Balance,3,High Salary / Low Balance (Wallet-Share Risk),False,False
15585490,Zero Balance,1,Aligned,False,False
15674929,Zero Balance,0,Aligned,False,False
15746341,Zero Balance,0,Aligned,False,False
15662091,Low Balance,2,Aligned,False,False
15620123,Low Balance,0,Aligned,False,False
15616240,Zero Balance,3,High Salary / Low Balance (Wallet-Share Risk),False,False
15624186,Medium Balance,2,Aligned,False,False
15605036,High Balance,2,Aligned,False,False
15805151,Low Balance,0,Aligned,False,False
15753847,Zero Balance,3,High Salary / Low Balance (Wallet-Share Risk),False,False
15653222,Medium Balance,0,High Balance / Low Salary (Unusual Profile),False,False
15757541,High Balance,3,Aligned,True,True
15726945,Zero Balance,3,High Salary / Low Balance (Wallet-Share Risk),False,False
15794276,Zero Balance,3,High Salary / Low Balance (Wallet-Share Risk),False,False
15568328,Zero Balance,1,Aligned,False,False
15604355,Low Balance,0,Aligned,False,False
15735788,Zero Balance,1,Aligned,False,False
15618255,Low Balance,2,Aligned,False,False
15720941,High Balance,0,High Balance / Low Salary (Unusual Profile),False,False
15769110,Zero Balance,0,Aligned,False,False
15576094,Zero Balance,0,Aligned,False,False
15756150,Zero Balance,0,Aligned,False,False
15719579,Low Balance,3,High Salary / Low Balance (Wallet-Share Risk),False,False
15748854,Low Balance,2,Aligned,False,False
15612455,Medium Balance,2,Aligned,False,False
15664802,Zero Balance,2,High Salary / Low Balance (Wallet-Share Risk),False,False
15735687,High Balance,2,Aligned,False,False
15664734,Low Balance,2,Aligned,False,False
15767894,Zero Balance,2,High Salary / Low Balance (Wallet-Share Risk),False,False
15666884,Low Balance,3,High Salary / Low Balance (Wallet-Share Risk),False,False
15750156,Low Balance,0,Aligned,False,False
15751120,Medium Balance,2,Aligned,False,False
15575748,Low Balance,2,Aligned,False,False
15714610,Zero Balance,1,Aligned,False,False
15720305,Low Balance,2,Aligned,False,False
15678129,High Balance,3,Aligned,True,True
15566633,High Balance,2,Aligned,False,False
15680436,Zero Balance,3,High Salary / Low Balance (Wallet-Share Risk),False,False
15674343,Low Balance,2,Aligned,False,False
15658890,Low Balance,1,Aligned,False,False
15599004,Zero Balance,2,High Salary / Low Balance (Wallet-Share Risk),False,False
15726487,High Balance,3,Aligned,True,False
15698716,Low Balance,0,Aligned,False,False
15710527,Zero Balance,2,High Salary / Low Balance (Wallet-Share Risk),False,False
15655590,Low Balance,3,High Salary / Low Balance (Wallet-Share Risk),False,False
15732266,Medium Balance,3,Aligned,False,False
15669326,High Balance,0,High Balance / Low Salary (Unusual Profile),False,False
15672246,Medium Balance,1,Aligned,False,False
15620276,Zero Balance,2,High Salary / Low Balance (Wallet-Share Risk),False,False
15640258,Low Balance,0,Aligned,False,False
15740283,Zero Balance,3,High Salary / Low Balance (Wallet-Share Risk),False,False
15759717,Zero Balance,0,Aligned,False,False
15620268,High Balance,2,Aligned,False,False
15743871,Zero Balance,0,Aligned,False,False
15614491,Medium Balance,2,Aligned,False,False
15595047,Zero Balance,2,High Salary / Low Balance (Wallet-Share Risk),False,False
15732334,Zero Balance,0,Aligned,False,False
15701206,Zero Balance,1,Aligned,False,False
15581280,Low Balance,1,Aligned,False,False
15651943,Zero Balance,2,High Salary / Low Balance (Wallet-Share Risk),False,False
15609545,Low Balance,3,High Salary / Low Balance (Wallet-Share Risk),False,False
15658548,High Balance,1,High Balance / Low Salary (Unusual Profile),False,False
15626008,Low Balance,3,High Salary / Low Balance (Wallet-Share Risk),False,False
15774133,High Balance,0,High Balance / Low Salary (Unusual Profile),False,False
15763798,High Balance,0,High Balance / Low Salary (Unusual Profile),False,False
15758013,Low Balance,0,Aligned,False,False
15705765,Zero Balance,2,High Salary / Low Balance (Wallet-Share Risk),False,False
15648362,Low Balance,1,Aligned,False,False
15761102,Medium Balance,2,Aligned,False,False
15610165,Zero Balance,3,High Salary / Low Balance (Wallet-Share Risk),False,False
15723717,Low Balance,3,High Salary / Low Balance (Wallet-Share Risk),False,False
15654611,Low Balance,2,Aligned,False,False
15659736,Medium Balance,0,High Balance / Low Salary (Unusual Profile),False,False
15603170,Medium Balance,3,Aligned,False,False
15786167,Zero Balance,1,Aligned,False,False
15671915,Zero Balance,1,Aligned,False,False
15794792,Low Balance,1,Aligned,False,False
15652789,Zero Balance,1,Aligned,False,False
15739168,Medium Balance,3,Aligned,False,False
15719950,Low Balance,3,High Salary / Low Balance (Wallet-Share Risk),False,False
15743818,Medium Balance,2,Aligned,False,False
15717937,Low Balance,0,Aligned,False,False
15602841,Zero Balance,1,Aligned,False,False
15619972,High Balance,2,Aligned,False,False
15796114,High Balance,0,High Balance / Low Salary (Unusual Profile),False,False
15633546,Medium Balance,3,Aligned,False,False
15758755,Medium Balance,2,Aligned,False,False
15695168,Zero Balance,2,High Salary / Low Balance (Wallet-Share Risk),False,False
15754342,Low Balance,0,Aligned,False,False
15756610,Medium Balance,0,High Balance / Low Salary (Unusual Profile),False,False
15640917,Zero Balance,0,Aligned,False,False
15663164,Low Balance,1,Aligned,False,False
15616811,High Balance,2,Aligned,False,False
15610781,Low Balance,1,Aligned,False,False
15600911,High Balance,0,High Balance / Low Salary (Unusual Profile),False,False
15629603,Zero Balance,0,Aligned,False,False
15714981,Zero Balance,1,Aligned,False,False
15775892,Low Balance,2,Aligned,False,False
15782778,Zero Balance,3,High Salary / Low Balance (Wallet-Share Risk),False,False
15786643,Zero Balance,2,High Salary / Low Balance (Wallet-Share Risk),False,False
15595657,Low Balance,2,Aligned,False,False
15743673,Low Balance,1,Aligned,False,False
15634310,Zero Balance,3,High Salary / Low Balance (Wallet-Share Risk),False,False
15790809,Low Balance,3,High Salary / Low Balance (Wallet-Share Risk),False,False
15668695,Low Balance,0,Aligned,False,False
15669281,Medium Balance,2,Aligned,False,False
15621031,Zero Balance,1,Aligned,False,False
15720071,Zero Balance,1,Aligned,False,False
15792180,High Balance,2,Aligned,False,False
15813894,Zero Balance,3,High Salary / Low Balance (Wallet-Share Risk),False,False
15669490,Low Balance,2,Aligned,False,False
15783030,Zero Balance,1,Aligned,False,False
15695792,Zero Balance,1,Aligned,False,False
15575676,Zero Balance,3,High Salary / Low Balance (Wallet-Share Risk),False,False
15627665,Zero Balance,1,Aligned,False,False
15814092,Zero Balance,3,High Salary / Low Balance (Wallet-Share Risk),False,False
15695225,Zero Balance,1,Aligned,False,False
15615091,Zero Balance,1,Aligned,False,False
15794345,Zero Balance,0,Aligned,False,False
15726484,High Balance,2,Aligned,False,False
15650442,High Balance,3,Aligned,True,False
15714256,Low Balance,3,High Salary / Low Balance (Wallet-Share Risk),False,False
15778752,Low Balance,3,High Salary / Low Balance (Wallet-Share Risk),False,False
15601659,Low Balance,3,High Salary / Low Balance (Wallet-Share Risk),False,False
15602811,Low Balance,1,Aligned,False,False
15779414,High Balance,2,Aligned,False,False
15763097,Zero Balance,0,Aligned,False,False
15633666,Medium Balance,1,Aligned,False,False
15718789,Zero Balance,1,Aligned,False,False
15690620,Low Balance,2,Aligned,False,False
15737071,High Balance,1,High Balance / Low Salary (Unusual Profile),False,False
15665062,Low Balance,0,Aligned,False,False
15600692,Zero Balance,3,High Salary / Low Balance (Wallet-Share Risk),False,False
15792064,Low Balance,3,High Salary / Low Balance (Wallet-Share Risk),False,False
15811486,Medium Balance,1,Aligned,False,False
15626141,High Balance,0,High Balance / Low Salary (Unusual Profile),False,False
15738546,Zero Balance,2,High Salary / Low Balance (Wallet-Share Risk),False,False
15677052,Zero Balance,2,High Salary / Low Balance (Wallet-Share Risk),False,False
15656454,Low Balance,0,Aligned,False,False
15645496,High Balance,2,Aligned,False,False
15612505,Low Balance,3,High Salary / Low Balance (Wallet-Share Risk),False,False
15708513,Low Balance,3,High Salary / Low Balance (Wallet-Share Risk),False,False
15685654,Zero Balance,0,Aligned,False,False
15732307,Medium Balance,1,Aligned,False,False
15726814,Zero Balance,1,Aligned,False,False
15653776,High Balance,0,High Balance / Low Salary (Unusual Profile),False,False
15597914,Low Balance,0,Aligned,False,False
15631603,Medium Balance,0,High Balance / Low Salary (Unusual Profile),False,False
15789753,High Balance,1,High Balance / Low Salary (Unusual Profile),False,False
15678034,High Balance,0,High Balance / Low Salary (Unusual Profile),False,False
15690209,Low Balance,2,Aligned,False,False
15592091,High Balance,2,Aligned,False,False
15647453,Low Balance,0,Aligned,False,False
15697100,Low Balance,3,High Salary / Low Balance (Wallet-Share Risk),False,False
15811290,Medium Balance,0,High Balance / Low Salary (Unusual Profile),False,False
15629187,Low Balance,0,Aligned,False,False
15758073,Medium Balance,0,High Balance / Low Salary (Unusual Profile),False,False
15640769,Medium Balance,0,High Balance / Low Salary (Unusual Profile),False,False
15606641,Low Balance,1,Aligned,False,False
15718280,High Balance,2,Aligned,False,False
15764335,Medium Balance,1,Aligned,False,False
15634218,Low Balance,2,Aligned,False,False
15808760,Zero Balance,1,Aligned,False,False
15648461,Medium Balance,2,Aligned,False,False
15593555,Zero Balance,0,Aligned,False,False
15569079,Medium Balance,1,Aligned,False,False
15800736,Low Balance,3,High Salary / Low Balance (Wallet-Share Risk),False,False
15792607,Zero Balance,1,Aligned,False,False
15640034,High Balance,0,High Balance / Low Salary (Unusual Profile),False,False
15807563,Zero Balance,3,High Salary / Low Balance (Wallet-Share Risk),False,False
15684461,Zero Balance,2,High Salary / Low Balance (Wallet-Share Risk),False,False
15580134,High Balance,0,High Balance / Low Salary (Unusual Profile),False,False
15679075,Low Balance,0,Aligned,False,False
15742504,Low Balance,1,Aligned,False,False
15567328,High Balance,0,High Balance / Low Salary (Unusual Profile),False,False
15698294,Zero Balance,2,High Salary / Low Balance (Wallet-Share Risk),False,False
15607142,Zero Balance,1,Aligned,False,False
15738516,Zero Balance,0,Aligned,False,False
15806403,Zero Balance,0,Aligned,False,False
15656707,Medium Balance,3,Aligned,False,False
15653715,Zero Balance,1,Aligned,False,False
15806184,Zero Balance,1,Aligned,False,False
15585734,Medium Balance,3,Aligned,False,False
15725639,Low Balance,3,High Salary / Low Balance (Wallet-Share Risk),False,False
15618401,Low Balance,2,Aligned,False,False
15785385,Zero Balance,3,High Salary / Low Balance (Wallet-Share Risk),False,False
15734762,Low Balance,0,Aligned,False,False
15767129,Medium Balance,2,Aligned,False,False
15797204,Low Balance,1,Aligned,False,False
15769272,Medium Balance,3,Aligned,False,False
15771966,High Balance,3,Aligned,True,True
15691952,Low Balance,3,High Salary / Low Balance (Wallet-Share Risk),False,False
15593250,Zero Balance,0,Aligned,False,False
15605333,Zero Balance,0,Aligned,False,False
15800083,Low Balance,3,High Salary / Low Balance (Wallet-Share Risk),False,False
15575691,Zero Balance,0,Aligned,False,False
15689886,Medium Balance,1,Aligned,False,False
15809838,Zero Balance,0,Aligned,False,False
15736154,Zero Balance,3,High Salary / Low Balance (Wallet-Share Risk),False,False
15767391,Low Balance,2,Aligned,False,False
15704910,Zero Balance,0,Aligned,False,False
15656613,Medium Balance,2,Aligned,False,False
15611551,Medium Balance,0,High Balance / Low Salary (Unusual Profile),False,False
15732430,Medium Balance,1,Aligned,False,False
15741865,High Balance,1,High Balance / Low Salary (Unusual Profile),False,False
15634143,Low Balance,3,High Salary / Low Balance (Wallet-Share Risk),False,False
15609676,High Balance,0,High Balance / Low Salary (Unusual Profile),False,False
15761600,Low Balance,2,Aligned,False,False
15676404,Zero Balance,0,Aligned,False,False
15659236,Zero Balance,0,Aligned,False,False
15690440,Zero Balance,3,High Salary / Low Balance (Wallet-Share Risk),False,False
15694601,High Balance,0,High Balance / Low Salary (Unusual Profile),False,False
15812262,Low Balance,0,Aligned,False,False
15762821,Zero Balance,2,High Salary / Low Balance (Wallet-Share Risk),False,False
15669301,High Balance,1,High Balance / Low Salary (Unusual Profile),False,False
15672640,Low Balance,2,Aligned,False,False
15750458,Zero Balance,2,High Salary / Low Balance (Wallet-Share Risk),False,False
15627251,Medium Balance,3,Aligned,False,False
15764294,Low Balance,0,Aligned,False,False
15659962,Zero Balance,1,Aligned,False,False
15788536,Medium Balance,3,Aligned,False,False
15596979,Zero Balance,2,High Salary / Low Balance (Wallet-Share Risk),False,False
15681220,Zero Balance,1,Aligned,False,False
15635097,High Balance,3,Aligned,True,False
15780779,Zero Balance,2,High Salary / Low Balance (Wallet-Share Risk),False,False
15798470,Low Balance,3,High Salary / Low Balance (Wallet-Share Risk),False,False
15760880,Zero Balance,0,Aligned,False,False
15616929,Low Balance,1,Aligned,False,False
15758775,Low Balance,1,Aligned,False,False
15663386,Zero Balance,2,High Salary / Low Balance (Wallet-Share Risk),False,False
15621267,Zero Balance,2,High Salary / Low Balance (Wallet-Share Risk),False,False
15720509,High Balance,0,High Balance / Low Salary (Unusual Profile),False,False
15693322,High Balance,0,High Balance / Low Salary (Unusual Profile),False,False
15589544,Zero Balance,0,Aligned,False,False
15772030,Zero Balance,1,Aligned,False,False
15693337,High Balance,3,Aligned,True,False
15676571,Zero Balance,0,Aligned,False,False
15701392,Zero Balance,3,High Salary / Low Balance (Wallet-Share Risk),False,False
15741092,High Balance,2,Aligned,False,False
15643865,Low Balance,3,High Salary / Low Balance (Wallet-Share Risk),False,False
15769389,Medium Balance,1,Aligned,False,False
15807768,Low Balance,0,Aligned,False,False
15801630,Zero Balance,3,High Salary / Low Balance (Wallet-Share Risk),False,False
15705034,Zero Balance,2,High Salary / Low Balance (Wallet-Share Risk),False,False
15763107,Zero Balance,3,High Salary / Low Balance (Wallet-Share Risk),False,False
15667085,Zero Balance,2,High Salary / Low Balance (Wallet-Share Risk),False,False
15647008,Low Balance,2,Aligned,False,False
15584505,Low Balance,3,High Salary / Low Balance (Wallet-Share Risk),False,False
15748068,Zero Balance,3,High Salary / Low Balance (Wallet-Share Risk),False,False
15663964,Zero Balance,1,Aligned,False,False
15782311,Zero Balance,1,Aligned,False,False
15588197,Zero Balance,1,Aligned,False,False
15610105,Medium Balance,1,Aligned,False,False
15606133,Zero Balance,3,High Salary / Low Balance (Wallet-Share Risk),False,False
15599403,Medium Balance,3,Aligned,False,False
15648225,Low Balance,3,High Salary / Low Balance (Wallet-Share Risk),False,False
15608406,Low Balance,1,Aligned,False,False
15633378,Zero Balance,3,High Salary / Low Balance (Wallet-Share Risk),False,False
15664759,Zero Balance,3,High Salary / Low Balance (Wallet-Share Risk),False,False
15625545,Zero Balance,2,High Salary / Low Balance (Wallet-Share Risk),False,False
15772148,High Balance,0,High Balance / Low Salary (Unusual Profile),False,False
15810829,Zero Balance,0,Aligned,False,False
15731669,Medium Balance,3,Aligned,False,False
15738634,Low Balance,2,Aligned,False,False
15737571,Low Balance,1,Aligned,False,False
15667602,Zero Balance,1,Aligned,False,False
15684147,Low Balance,1,Aligned,False,False
15789874,Low Balance,3,High Salary / Low Balance (Wallet-Share Risk),False,False
15757952,Zero Balance,2,High Salary / Low Balance (Wallet-Share Risk),False,False
15698732,Low Balance,1,Aligned,False,False
15714355,Medium Balance,2,Aligned,False,False
15599090,Low Balance,1,Aligned,False,False
15762048,High Balance,1,High Balance / Low Salary (Unusual Profile),False,False
15790596,High Balance,1,High Balance / Low Salary (Unusual Profile),False,False
15609623,Zero Balance,0,Aligned,False,False
15711901,Low Balance,2,Aligned,False,False
15779809,Low Balance,3,High Salary / Low Balance (Wallet-Share Risk),False,False
15729018,High Balance,1,High Balance / Low Salary (Unusual Profile),False,False
15698246,Zero Balance,1,Aligned,False,False
15712409,High Balance,3,Aligned,True,False
15758306,Zero Balance,2,High Salary / Low Balance (Wallet-Share Risk),False,False
15621435,High Balance,1,High Balance / Low Salary (Unusual Profile),False,False
15566295,Medium Balance,2,Aligned,False,False
15569098,High Balance,0,High Balance / Low Salary (Unusual Profile),False,False
15662532,High Balance,3,Aligned,True,False
15664001,Low Balance,1,Aligned,False,False
15703437,Zero Balance,3,High Salary / Low Balance (Wallet-Share Risk),False,False
15708003,Low Balance,0,Aligned,False,False
15599452,Medium Balance,0,High Balance / Low Salary (Unusual Profile),False,False
15719793,Zero Balance,3,High Salary / Low Balance (Wallet-Share Risk),False,False
15771580,Low Balance,2,Aligned,False,False
15732268,High Balance,0,High Balance / Low Salary (Unusual Profile),False,False
15722350,High Balance,2,Aligned,False,False
15611371,High Balance,1,High Balance / Low Salary (Unusual Profile),False,False
15673584,Zero Balance,0,Aligned,False,False
15636396,Zero Balance,3,High Salary / Low Balance (Wallet-Share Risk),False,False
15706170,Low Balance,0,Aligned,False,False
15725478,Zero Balance,2,High Salary / Low Balance (Wallet-Share Risk),False,False
15654562,High Balance,0,High Balance / Low Salary (Unusual Profile),False,False
15737509,High Balance,1,High Balance / Low Salary (Unusual Profile),False,False
15690796,Zero Balance,2,High Salary / Low Balance (Wallet-Share Risk),False,False
15716728,Zero Balance,1,Aligned,False,False
15605665,Low Balance,0,Aligned,False,False
15748481,Zero Balance,0,Aligned,False,False
15757777,Zero Balance,0,Aligned,False,False
15747808,Low Balance,3,High Salary / Low Balance (Wallet-Share Risk),False,False
15810593,Zero Balance,1,Aligned,False,False
15693376,Zero Balance,0,Aligned,False,False
15579808,Medium Balance,1,Aligned,False,False
15598275,Zero Balance,3,High Salary / Low Balance (Wallet-Share Risk),False,False
15737080,Zero Balance,0,Aligned,False,False
15668580,Zero Balance,1,Aligned,False,False
15569438,Low Balance,3,High Salary / Low Balance (Wallet-Share Risk),False,False
15675842,High Balance,0,High Balance / Low Salary (Unusual Profile),False,False
15577587,Medium Balance,0,High Balance / Low Salary (Unusual Profile),False,False
15625592,Zero Balance,0,Aligned,False,False
15635141,Low Balance,1,Aligned,False,False
15642570,Zero Balance,0,Aligned,False,False
15702175,High Balance,0,High Balance / Low Salary (Unusual Profile),False,False
15677785,Medium Balance,2,Aligned,False,False
15786153,Medium Balance,3,Aligned,False,False
15759499,Low Balance,3,High Salary / Low Balance (Wallet-Share Risk),False,False
15659568,Medium Balance,0,High Balance / Low Salary (Unusual Profile),False,False
15715597,Low Balance,3,High Salary / Low Balance (Wallet-Share Risk),False,False
15610147,Zero Balance,0,Aligned,False,False
15802362,Zero Balance,1,Aligned,False,False
15660524,Low Balance,3,High Salary / Low Balance (Wallet-Share Risk),False,False
15747168,Low Balance,3,High Salary / Low Balance (Wallet-Share Risk),False,False
15796910,Zero Balance,1,Aligned,False,False
15707674,Medium Balance,1,Aligned,False,False
15565706,Zero Balance,1,Aligned,False,False
15587596,Low Balance,2,Aligned,False,False
15751943,Zero Balance,1,Aligned,False,False
15621227,High Balance,3,Aligned,True,False
15757588,Zero Balance,2,High Salary / Low Balance (Wallet-Share Risk),False,False
15640922,Zero Balance,2,High Salary / Low Balance (Wallet-Share Risk),False,False
15567557,Medium Balance,0,High Balance / Low Salary (Unusual Profile),False,False
15670103,Medium Balance,3,Aligned,False,False
15720929,Low Balance,0,Aligned,False,False
15732774,Low Balance,3,High Salary / Low Balance (Wallet-Share Risk),False,False
15628558,Low Balance,1,Aligned,False,False
15729201,Zero Balance,3,High Salary / Low Balance (Wallet-Share Risk),False,False
15731117,Low Balance,3,High Salary / Low Balance (Wallet-Share Risk),False,False
15615207,Zero Balance,0,Aligned,False,False
15773512,Zero Balance,3,High Salary / Low Balance (Wallet-Share Risk),False,False
15572145,Zero Balance,1,Aligned,False,False
15642710,Zero Balance,0,Aligned,False,False
15574213,High Balance,0,High Balance / Low Salary (Unusual Profile),False,False
15718852,Low Balance,1,Aligned,False,False
15583840,Medium Balance,0,High Balance / Low Salary (Unusual Profile),False,False
15782418,Low Balance,2,Aligned,False,False
15813504,High Balance,3,Aligned,True,False
15711314,Zero Balance,2,High Salary / Low Balance (Wallet-Share Risk),False,False
15621064,High Balance,1,High Balance / Low Salary (Unusual Profile),False,False
15627847,Zero Balance,2,High Salary / Low Balance (Wallet-Share Risk),False,False
15588090,Low Balance,2,Aligned,False,False
15735270,Zero Balance,0,Aligned,False,False
15671804,High Balance,2,Aligned,False,False
15753215,Zero Balance,1,Aligned,False,False
15789941,Medium Balance,2,Aligned,False,False
15691061,Zero Balance,1,Aligned,False,False
15808326,Zero Balance,0,Aligned,False,False
15566660,Zero Balance,1,Aligned,False,False
15778947,Zero Balance,0,Aligned,False,False
15632977,Zero Balance,2,High Salary / Low Balance (Wallet-Share Risk),False,False
15591747,Zero Balance,2,High Salary / Low Balance (Wallet-Share Risk),False,False
15567335,Zero Balance,3,High Salary / Low Balance (Wallet-Share Risk),False,False
15609299,High Balance,1,High Balance / Low Salary (Unusual Profile),False,False
15669945,High Balance,0,High Balance / Low Salary (Unusual Profile),False,False
15736271,Zero Balance,3,High Salary / Low Balance (Wallet-Share Risk),False,False
15710390,Low Balance,2,Aligned,False,False
15756481,Low Balance,3,High Salary / Low Balance (Wallet-Share Risk),False,False
15736730,Zero Balance,2,High Salary / Low Balance (Wallet-Share Risk),False,False
15626040,Zero Balance,0,Aligned,False,False
15746553,Medium Balance,3,Aligned,False,False
15622518,Low Balance,1,Aligned,False,False
15684908,Low Balance,1,Aligned,False,False
15569446,Medium Balance,3,Aligned,False,False
15777504,Zero Balance,1,Aligned,False,False
15677906,Zero Balance,3,High Salary / Low Balance (Wallet-Share Risk),False,False
15703292,Low Balance,1,Aligned,False,False
15712938,Zero Balance,0,Aligned,False,False
15631359,Low Balance,1,Aligned,False,False
15720847,Zero Balance,2,High Salary / Low Balance (Wallet-Share Risk),False,False
15787830,High Balance,2,Aligned,False,False
15599869,Zero Balance,1,Aligned,False,False
15592078,Medium Balance,0,High Balance / Low Salary (Unusual Profile),False,False
15596228,Zero Balance,0,Aligned,False,False
15578462,Medium Balance,0,High Balance / Low Salary (Unusual Profile),False,False
15756894,Zero Balance,0,Aligned,False,False
15796167,Low Balance,2,Aligned,False,False
15664808,Zero Balance,1,Aligned,False,False
15664555,Zero Balance,2,High Salary / Low Balance (Wallet-Share Risk),False,False
15607278,Medium Balance,0,High Balance / Low Salary (Unusual Profile),False,False
15585222,Zero Balance,3,High Salary / Low Balance (Wallet-Share Risk),False,False
15750299,Low Balance,0,Aligned,False,False
15761294,Medium Balance,2,Aligned,False,False
15810454,High Balance,0,High Balance / Low Salary (Unusual Profile),False,False
15673984,Zero Balance,3,High Salary / Low Balance (Wallet-Share Risk),False,False
15609319,High Balance,2,Aligned,False,False
15709941,Zero Balance,1,Aligned,False,False
15580252,Low Balance,0,Aligned,False,False
15741275,Low Balance,1,Aligned,False,False
15707132,Zero Balance,1,Aligned,False,False
15600708,Low Balance,3,High Salary / Low Balance (Wallet-Share Risk),False,False
15804787,Low Balance,0,Aligned,False,False
15690021,Medium Balance,0,High Balance / Low Salary (Unusual Profile),False,False
15763895,High Balance,0,High Balance / Low Salary (Unusual Profile),False,False
15623478,Low Balance,2,Aligned,False,False
15797910,Medium Balance,2,Aligned,False,False
15577751,Low Balance,0,Aligned,False,False
15781777,High Balance,0,High Balance / Low Salary (Unusual Profile),False,False
15740527,High Balance,0,High Balance / Low Salary (Unusual Profile),False,False
15721251,Low Balance,0,Aligned,False,False
15602994,Low Balance,1,Aligned,False,False
15750769,Low Balance,3,High Salary / Low Balance (Wallet-Share Risk),False,False
15740175,Low Balance,1,Aligned,False,False
15679968,Low Balance,3,High Salary / Low Balance (Wallet-Share Risk),False,False
15694404,High Balance,3,Aligned,True,False
15657529,Low Balance,1,Aligned,False,False
15762882,Low Balance,2,Aligned,False,False
15642579,Medium Balance,3,Aligned,False,False
15598884,Zero Balance,3,High Salary / Low Balance (Wallet-Share Risk),False,False
15770185,Low Balance,1,Aligned,False,False
15800287,Medium Balance,3,Aligned,False,False
15665861,Low Balance,2,Aligned,False,False
15662203,Medium Balance,1,Aligned,False,False
15616454,Low Balance,3,High Salary / Low Balance (Wallet-Share Risk),False,False
15702788,Medium Balance,1,Aligned,False,False
15778149,Zero Balance,2,High Salary / Low Balance (Wallet-Share Risk),False,False
15680001,Low Balance,2,Aligned,False,False
15711991,Zero Balance,0,Aligned,False,False
15633834,Low Balance,2,Aligned,False,False
15765266,Zero Balance,0,Aligned,False,False
15791867,Low Balance,1,Aligned,False,False
15675380,High Balance,2,Aligned,False,False
15770576,Medium Balance,1,Aligned,False,False
15775294,Zero Balance,1,Aligned,False,False
15727059,Zero Balance,3,High Salary / Low Balance (Wallet-Share Risk),False,False
15702499,High Balance,0,High Balance / Low Salary (Unusual Profile),False,False
15611699,Zero Balance,2,High Salary / Low Balance (Wallet-Share Risk),False,False
15654000,Zero Balance,2,High Salary / Low Balance (Wallet-Share Risk),False,False
15657881,Medium Balance,3,Aligned,False,False
15719991,High Balance,1,High Balance / Low Salary (Unusual Profile),False,False
15720687,Low Balance,3,High Salary / Low Balance (Wallet-Share Risk),False,False
15687079,Low Balance,0,Aligned,False,False
15582276,Medium Balance,3,Aligned,False,False
15763980,Low Balance,1,Aligned,False,False
15720774,Low Balance,2,Aligned,False,False
15592194,Zero Balance,1,Aligned,False,False
15803685,Low Balance,1,Aligned,False,False
15759456,High Balance,0,High Balance / Low Salary (Unusual Profile),False,False
15611544,Low Balance,3,High Salary / Low Balance (Wallet-Share Risk),False,False
15794257,Low Balance,2,Aligned,False,False
15681697,Low Balance,2,Aligned,False,False
15579566,Medium Balance,0,High Balance / Low Salary (Unusual Profile),False,False
15577970,Zero Balance,0,Aligned,False,False
15727489,High Balance,1,High Balance / Low Salary (Unusual Profile),False,False
15764284,Zero Balance,2,High Salary / Low Balance (Wallet-Share Risk),False,False
15581811,High Balance,0,High Balance / Low Salary (Unusual Profile),False,False
15622527,Zero Balance,0,Aligned,False,False
15753362,Zero Balance,1,Aligned,False,False
15666652,Zero Balance,2,High Salary / Low Balance (Wallet-Share Risk),False,False
15789714,Low Balance,2,Aligned,False,False
15771543,Medium Balance,3,Aligned,False,False
15748327,Low Balance,3,High Salary / Low Balance (Wallet-Share Risk),False,False
15754649,Zero Balance,0,Aligned,False,False
15810460,Zero Balance,2,High Salary / Low Balance (Wallet-Share Risk),False,False
15771742,Low Balance,2,Aligned,False,False
15642160,Zero Balance,0,Aligned,False,False
15798439,Zero Balance,2,High Salary / Low Balance (Wallet-Share Risk),False,False
15605293,Zero Balance,3,High Salary / Low Balance (Wallet-Share Risk),False,False
15692631,Low Balance,2,Aligned,False,False
15665376,High Balance,2,Aligned,False,False
15772412,Medium Balance,3,Aligned,False,False
15654577,Low Balance,0,Aligned,False,False
15585427,Low Balance,3,High Salary / Low Balance (Wallet-Share Risk),False,False
15584536,Low Balance,2,Aligned,False,False
15585853,Zero Balance,3,High Salary / Low Balance (Wallet-Share Risk),False,False
15645271,Low Balance,3,High Salary / Low Balance (Wallet-Share Risk),False,False
15579387,Low Balance,2,Aligned,False,False
15623107,Low Balance,1,Aligned,False,False
15754072,Zero Balance,2,High Salary / Low Balance (Wallet-Share Risk),False,False
15666163,Low Balance,2,Aligned,False,False
15765192,Low Balance,3,High Salary / Low Balance (Wallet-Share Risk),False,False
15804822,Zero Balance,0,Aligned,False,False
15612893,Zero Balance,2,High Salary / Low Balance (Wallet-Share Risk),False,False
15593636,Low Balance,1,Aligned,False,False
15693326,Medium Balance,3,Aligned,False,False
15809901,Zero Balance,3,High Salary / Low Balance (Wallet-Share Risk),False,False
15759751,Zero Balance,2,High Salary / Low Balance (Wallet-Share Risk),False,False
15605425,Medium Balance,2,Aligned,False,False
15801934,Zero Balance,0,Aligned,False,False
15592000,Low Balance,2,Aligned,False,False
15618695,Low Balance,1,Aligned,False,False
15637110,Zero Balance,1,Aligned,False,False
15727408,Low Balance,2,Aligned,False,False
15716328,Zero Balance,2,High Salary / Low Balance (Wallet-Share Risk),False,False
15669060,Zero Balance,2,High Salary / Low Balance (Wallet-Share Risk),False,False
15675854,High Balance,3,Aligned,True,False
15621116,Medium Balance,0,High Balance / Low Salary (Unusual Profile),False,False
15781495,Medium Balance,1,Aligned,False,False
15740470,High Balance,1,High Balance / Low Salary (Unusual Profile),False,False
15714391,High Balance,1,High Balance / Low Salary (Unusual Profile),False,False
15730137,Low Balance,1,Aligned,False,False
15596455,Zero Balance,3,High Salary / Low Balance (Wallet-Share Risk),False,False
15717290,Low Balance,1,Aligned,False,False
15616555,Low Balance,0,Aligned,False,False
15659820,Zero Balance,3,High Salary / Low Balance (Wallet-Share Risk),False,False
15696301,Low Balance,0,Aligned,False,False
15771087,Low Balance,3,High Salary / Low Balance (Wallet-Share Risk),False,False
15808831,Zero Balance,2,High Salary / Low Balance (Wallet-Share Risk),False,False
15812241,Medium Balance,1,Aligned,False,False
15680370,Zero Balance,1,Aligned,False,False
15780561,Low Balance,0,Aligned,False,False
15800784,Low Balance,0,Aligned,False,False
15715796,Zero Balance,1,Aligned,False,False
15605375,Low Balance,3,High Salary / Low Balance (Wallet-Share Risk),False,False
15621520,High Balance,0,High Balance / Low Salary (Unusual Profile),False,False
15665460,Zero Balance,3,High Salary / Low Balance (Wallet-Share Risk),False,False
15801152,High Balance,0,High Balance / Low Salary (Unusual Profile),False,False
15756425,High Balance,1,High Balance / Low Salary (Unusual Profile),False,False
15674328,Low Balance,2,Aligned,False,False
15742404,Zero Balance,0,Aligned,False,False
15757140,Low Balance,2,Aligned,False,False
15570051,High Balance,3,Aligned,True,True
15669175,Low Balance,3,High Salary / Low Balance (Wallet-Share Risk),False,False
15790324,High Balance,1,High Balance / Low Salary (Unusual Profile),False,False
15691119,Medium Balance,3,Aligned,False,False
15743478,Low Balance,2,Aligned,False,False
15707007,Zero Balance,1,Aligned,False,False
15572547,Low Balance,3,High Salary / Low Balance (Wallet-Share Risk),False,False
15567063,Low Balance,2,Aligned,False,False
15689633,Low Balance,3,High Salary / Low Balance (Wallet-Share Risk),False,False
15720637,Medium Balance,3,Aligned,False,False
15616859,Low Balance,2,Aligned,False,False
15766166,High Balance,0,High Balance / Low Salary (Unusual Profile),False,False
15617655,Zero Balance,2,High Salary / Low Balance (Wallet-Share Risk),False,False
15623450,Medium Balance,2,Aligned,False,False
15796612,Low Balance,3,High Salary / Low Balance (Wallet-Share Risk),False,False
15795963,Medium Balance,0,High Balance / Low Salary (Unusual Profile),False,False
15781598,High Balance,0,High Balance / Low Salary (Unusual Profile),False,False
15691871,High Balance,3,Aligned,True,False
15740345,Low Balance,2,Aligned,False,False
15662626,Zero Balance,0,Aligned,False,False
15596575,Low Balance,1,Aligned,False,False
15657321,Low Balance,2,Aligned,False,False
15575955,Zero Balance,1,Aligned,False,False
15743893,High Balance,3,Aligned,True,True
15697270,High Balance,3,Aligned,True,False
15644356,Medium Balance,2,Aligned,False,False
15677586,Medium Balance,2,Aligned,False,False
15571261,Medium Balance,1,Aligned,False,False
15698758,Zero Balance,3,High Salary / Low Balance (Wallet-Share Risk),False,False
15787014,Low Balance,2,Aligned,False,False
15739857,Zero Balance,1,Aligned,False,False
15774630,High Balance,1,High Balance / Low Salary (Unusual Profile),False,False
15805523,Low Balance,1,Aligned,False,False
15749557,Zero Balance,3,High Salary / Low Balance (Wallet-Share Risk),False,False
15681180,High Balance,1,High Balance / Low Salary (Unusual Profile),False,False
15742028,Zero Balance,0,Aligned,False,False
15686463,High Balance,1,High Balance / Low Salary (Unusual Profile),False,False
15654379,Zero Balance,0,Aligned,False,False
15783629,Low Balance,3,High Salary / Low Balance (Wallet-Share Risk),False,False
15751193,Zero Balance,0,Aligned,False,False
15724099,High Balance,2,Aligned,False,False
15568429,Zero Balance,2,High Salary / Low Balance (Wallet-Share Risk),False,False
15648967,High Balance,1,High Balance / Low Salary (Unusual Profile),False,False
15664498,High Balance,3,Aligned,True,True
15779522,Zero Balance,2,High Salary / Low Balance (Wallet-Share Risk),False,False
15583850,Medium Balance,3,Aligned,False,False
15696539,Low Balance,0,Aligned,False,False
15760121,Low Balance,3,High Salary / Low Balance (Wallet-Share Risk),False,False
15628279,Zero Balance,3,High Salary / Low Balance (Wallet-Share Risk),False,False
15766163,Zero Balance,0,Aligned,False,False
15566467,Medium Balance,3,Aligned,False,False
15639049,Medium Balance,0,High Balance / Low Salary (Unusual Profile),False,False
15736413,Zero Balance,3,High Salary / Low Balance (Wallet-Share Risk),False,False
15634815,Zero Balance,3,High Salary / Low Balance (Wallet-Share Risk),False,False
15716381,Low Balance,2,Aligned,False,False
15708162,Low Balance,2,Aligned,False,False
15569364,Zero Balance,0,Aligned,False,False
15791191,Low Balance,2,Aligned,False,False
15621205,High Balance,1,High Balance / Low Salary (Unusual Profile),False,False
15704788,Low Balance,1,Aligned,False,False
15775756,High Balance,3,Aligned,True,True
15641312,Zero Balance,0,Aligned,False,False
15782531,Zero Balance,3,High Salary / Low Balance (Wallet-Share Risk),False,False
15724428,Zero Balance,1,Aligned,False,False
15743617,Low Balance,3,High Salary / Low Balance (Wallet-Share Risk),False,False
15585839,Zero Balance,3,High Salary / Low Balance (Wallet-Share Risk),False,False
15658158,Low Balance,1,Aligned,False,False
15637678,Zero Balance,3,High Salary / Low Balance (Wallet-Share Risk),False,False
15701809,Zero Balance,0,Aligned,False,False
15676937,Zero Balance,0,Aligned,False,False
15778975,Low Balance,1,Aligned,False,False
15710375,Zero Balance,1,Aligned,False,False
15579914,Low Balance,2,Aligned,False,False
15595160,Zero Balance,1,Aligned,False,False
15595391,Zero Balance,0,Aligned,False,False
15630363,Low Balance,0,Aligned,False,False
15692443,Low Balance,0,Aligned,False,False
15593795,High Balance,2,Aligned,False,False
15642824,High Balance,3,Aligned,True,False
15683524,High Balance,1,High Balance / Low Salary (Unusual Profile),False,False
15713532,Low Balance,0,Aligned,False,False
15719827,Zero Balance,1,Aligned,False,False
15578435,Low Balance,3,High Salary / Low Balance (Wallet-Share Risk),False,False
15723028,Zero Balance,1,Aligned,False,False
15595609,Medium Balance,1,Aligned,False,False
15622443,Zero Balance,0,Aligned,False,False
15579112,Zero Balance,3,High Salary / Low Balance (Wallet-Share Risk),False,False
15648479,Zero Balance,3,High Salary / Low Balance (Wallet-Share Risk),False,False
15659234,Low Balance,0,Aligned,False,False
15811970,Zero Balance,0,Aligned,False,False
15774192,Low Balance,1,Aligned,False,False
15595136,Zero Balance,1,Aligned,False,False
15630580,Low Balance,0,Aligned,False,False
15660646,High Balance,3,Aligned,True,True
15614365,High Balance,0,High Balance / Low Salary (Unusual Profile),False,False
15776128,High Balance,2,Aligned,False,False
15787035,Zero Balance,3,High Salary / Low Balance (Wallet-Share Risk),False,False
15792646,Low Balance,0,Aligned,False,False
15726832,High Balance,1,High Balance / Low Salary (Unusual Profile),False,False
15773260,Medium Balance,2,Aligned,False,False
15624437,Zero Balance,0,Aligned,False,False
15717138,Low Balance,2,Aligned,False,False
15657317,Low Balance,2,Aligned,False,False
15626948,Low Balance,3,High Salary / Low Balance (Wallet-Share Risk),False,False
15758901,Zero Balance,2,High Salary / Low Balance (Wallet-Share Risk),False,False
15777759,Medium Balance,0,High Balance / Low Salary (Unusual Profile),False,False
15773322,Medium Balance,2,Aligned,False,False
15697318,Low Balance,0,Aligned,False,False
15678916,Zero Balance,2,High Salary / Low Balance (Wallet-Share Risk),False,False
15632118,High Balance,2,Aligned,False,False
15788118,Medium Balance,0,High Balance / Low Salary (Unusual Profile),False,False
15788930,Medium Balance,3,Aligned,False,False
15628583,Zero Balance,3,High Salary / Low Balance (Wallet-Share Risk),False,False
15635177,Zero Balance,1,Aligned,False,False
15587690,Low Balance,2,Aligned,False,False
15627630,Zero Balance,1,Aligned,False,False
15610930,High Balance,3,Aligned,True,True
15657747,Medium Balance,0,High Balance / Low Salary (Unusual Profile),False,False
15568006,Zero Balance,2,High Salary / Low Balance (Wallet-Share Risk),False,False
15751748,High Balance,3,Aligned,True,True
15722212,Zero Balance,0,Aligned,False,False
15658670,Zero Balance,1,Aligned,False,False
15761654,Medium Balance,2,Aligned,False,False
15812210,Low Balance,0,Aligned,False,False
15787051,Low Balance,1,Aligned,False,False
15642991,Zero Balance,0,Aligned,False,False
15713769,Zero Balance,0,Aligned,False,False
15605826,Medium Balance,3,Aligned,False,False
15648898,Medium Balance,2,Aligned,False,False
15705309,Zero Balance,2,High Salary / Low Balance (Wallet-Share Risk),False,False
15734202,Low Balance,1,Aligned,False,False
15658852,Zero Balance,2,High Salary / Low Balance (Wallet-Share Risk),False,False
15612633,Low Balance,0,Aligned,False,False
15604818,High Balance,3,Aligned,True,True
15593900,High Balance,2,Aligned,False,False
15624995,High Balance,0,High Balance / Low Salary (Unusual Profile),False,False
15570087,High Balance,2,Aligned,False,False
15802617,Low Balance,1,Aligned,False,False
15656029,Zero Balance,0,Aligned,False,False
15739194,High Balance,0,High Balance / Low Salary (Unusual Profile),False,False
15607275,High Balance,0,High Balance / Low Salary (Unusual Profile),False,False
15629475,Zero Balance,3,High Salary / Low Balance (Wallet-Share Risk),False,False
15635034,Low Balance,0,Aligned,False,False
15756333,Zero Balance,2,High Salary / Low Balance (Wallet-Share Risk),False,False
15777436,Zero Balance,0,Aligned,False,False
15676835,Zero Balance,3,High Salary / Low Balance (Wallet-Share Risk),False,False
15574206,Zero Balance,1,Aligned,False,False
15613017,High Balance,0,High Balance / Low Salary (Unusual Profile),False,False
15815131,Low Balance,1,Aligned,False,False
15585455,Zero Balance,0,Aligned,False,False
15692929,Low Balance,2,Aligned,False,False
15758081,Medium Balance,2,Aligned,False,False
15667476,Low Balance,1,Aligned,False,False
15738248,Zero Balance,3,High Salary / Low Balance (Wallet-Share Risk),False,False
15672152,Medium Balance,3,Aligned,False,False
15673372,Zero Balance,1,Aligned,False,False
15587611,Zero Balance,2,High Salary / Low Balance (Wallet-Share Risk),False,False
15803415,High Balance,1,High Balance / Low Salary (Unusual Profile),False,False
15715673,Low Balance,3,High Salary / Low Balance (Wallet-Share Risk),False,False
15655648,Zero Balance,2,High Salary / Low Balance (Wallet-Share Risk),False,False
15763613,Zero Balance,3,High Salary / Low Balance (Wallet-Share Risk),False,False
15660385,Zero Balance,1,Aligned,False,False
15733261,Zero Balance,0,Aligned,False,False
15796231,Low Balance,0,Aligned,False,False
15624866,High Balance,1,High Balance / Low Salary (Unusual Profile),False,False
15623730,Zero Balance,1,Aligned,False,False
15668248,Medium Balance,3,Aligned,False,False
15694518,Zero Balance,2,High Salary / Low Balance (Wallet-Share Risk),False,False
15638028,Medium Balance,2,Aligned,False,False
15795895,Low Balance,0,Aligned,False,False
15694376,High Balance,2,Aligned,False,False
15669204,Low Balance,1,Aligned,False,False
15773779,Low Balance,1,Aligned,False,False
15580682,Low Balance,0,Aligned,False,False
15768530,Zero Balance,2,High Salary / Low Balance (Wallet-Share Risk),False,False
15672875,Low Balance,2,Aligned,False,False
15617082,Low Balance,0,Aligned,False,False
15760514,Low Balance,1,Aligned,False,False
15761775,High Balance,0,High Balance / Low Salary (Unusual Profile),False,False
15799964,High Balance,3,Aligned,True,True
15693906,Low Balance,0,Aligned,False,False
15739514,Zero Balance,1,Aligned,False,False
15756926,Low Balance,0,Aligned,False,False
15770984,Medium Balance,2,Aligned,False,False
15703979,Low Balance,2,Aligned,False,False
15801821,Zero Balance,0,Aligned,False,False
15711028,Zero Balance,2,High Salary / Low Balance (Wallet-Share Risk),False,False
15791842,Low Balance,2,Aligned,False,False
15746127,Zero Balance,0,Aligned,False,False
15663625,Zero Balance,0,Aligned,False,False
15604891,Zero Balance,1,Aligned,False,False
15589666,Medium Balance,3,Aligned,False,False
15627881,Zero Balance,0,Aligned,False,False
15664895,Zero Balance,2,High Salary / Low Balance (Wallet-Share Risk),False,False
15676094,Zero Balance,2,High Salary / Low Balance (Wallet-Share Risk),False,False
15761720,High Balance,0,High Balance / Low Salary (Unusual Profile),False,False
15611961,Zero Balance,3,High Salary / Low Balance (Wallet-Share Risk),False,False
15680167,Low Balance,2,Aligned,False,False
15762543,Zero Balance,2,High Salary / Low Balance (Wallet-Share Risk),False,False
15658475,High Balance,1,High Balance / Low Salary (Unusual Profile),False,False
15779743,Zero Balance,0,Aligned,False,False
15661532,High Balance,0,High Balance / Low Salary (Unusual Profile),False,False
15782360,Medium Balance,1,Aligned,False,False
15767908,Medium Balance,0,High Balance / Low Salary (Unusual Profile),False,False
15677105,Low Balance,2,Aligned,False,False
15641474,High Balance,0,High Balance / Low Salary (Unusual Profile),False,False
15624451,Zero Balance,2,High Salary / Low Balance (Wallet-Share Risk),False,False
15577985,Low Balance,0,Aligned,False,False
15571666,Medium Balance,0,High Balance / Low Salary (Unusual Profile),False,False
15783691,Medium Balance,2,Aligned,False,False
15671172,Low Balance,3,High Salary / Low Balance (Wallet-Share Risk),False,False
15731760,Zero Balance,1,Aligned,False,False
15585599,Zero Balance,2,High Salary / Low Balance (Wallet-Share Risk),False,False
15784958,Zero Balance,0,Aligned,False,False
15734524,Zero Balance,3,High Salary / Low Balance (Wallet-Share Risk),False,False
15614103,Low Balance,1,Aligned,False,False
15794895,Zero Balance,1,Aligned,False,False
15772381,Low Balance,1,Aligned,False,False
15710553,High Balance,1,High Balance / Low Salary (Unusual Profile),False,False
15649292,Low Balance,3,High Salary / Low Balance (Wallet-Share Risk),False,False
15792565,Zero Balance,1,Aligned,False,False
15718245,Zero Balance,2,High Salary / Low Balance (Wallet-Share Risk),False,False
15703117,Zero Balance,1,Aligned,False,False
15758136,High Balance,3,Aligned,True,False
15799932,Zero Balance,3,High Salary / Low Balance (Wallet-Share Risk),False,False
15633516,Zero Balance,3,High Salary / Low Balance (Wallet-Share Risk),False,False
15622532,Medium Balance,2,Aligned,False,False
15798960,Low Balance,0,Aligned,False,False
15698664,Low Balance,3,High Salary / Low Balance (Wallet-Share Risk),False,False
15703614,Medium Balance,1,Aligned,False,False
15699195,Low Balance,3,High Salary / Low Balance (Wallet-Share Risk),False,False
15710543,Medium Balance,3,Aligned,False,False
15695499,Low Balance,1,Aligned,False,False
15622321,Zero Balance,1,Aligned,False,False
15715744,Zero Balance,2,High Salary / Low Balance (Wallet-Share Risk),False,False
15788151,Medium Balance,3,Aligned,False,False
15687153,Low Balance,2,Aligned,False,False
15684958,Medium Balance,1,Aligned,False,False
15706116,High Balance,0,High Balance / Low Salary (Unusual Profile),False,False
15740557,Zero Balance,2,High Salary / Low Balance (Wallet-Share Risk),False,False
15707291,Medium Balance,3,Aligned,False,False
15583353,Zero Balance,0,Aligned,False,False
15761024,High Balance,1,High Balance / Low Salary (Unusual Profile),False,False
15630709,Low Balance,0,Aligned,False,False
15639590,High Balance,3,Aligned,True,True
15659399,High Balance,0,High Balance / Low Salary (Unusual Profile),False,False
15567078,Low Balance,1,Aligned,False,False
15696373,Zero Balance,2,High Salary / Low Balance (Wallet-Share Risk),False,False
15786617,Medium Balance,1,Aligned,False,False
15657449,Medium Balance,3,Aligned,False,False
15672594,Medium Balance,0,High Balance / Low Salary (Unusual Profile),False,False
15714240,Zero Balance,3,High Salary / Low Balance (Wallet-Share Risk),False,False
15782144,Zero Balance,0,Aligned,False,False
15665008,Low Balance,0,Aligned,False,False
15581733,Zero Balance,3,High Salary / Low Balance (Wallet-Share Risk),False,False
15751392,Zero Balance,2,High Salary / Low Balance (Wallet-Share Risk),False,False
15785815,High Balance,3,Aligned,True,False
15664214,High Balance,1,High Balance / Low Salary (Unusual Profile),False,False
15579996,Medium Balance,3,Aligned,False,False
15675252,Low Balance,2,Aligned,False,False
15579617,Zero Balance,3,High Salary / Low Balance (Wallet-Share Risk),False,False
15593976,Low Balance,3,High Salary / Low Balance (Wallet-Share Risk),False,False
15716041,Zero Balance,2,High Salary / Low Balance (Wallet-Share Risk),False,False
15654489,Medium Balance,0,High Balance / Low Salary (Unusual Profile),False,False
15736302,Zero Balance,3,High Salary / Low Balance (Wallet-Share Risk),False,False
15805909,High Balance,0,High Balance / Low Salary (Unusual Profile),False,False
15572762,Low Balance,1,Aligned,False,False
15724632,Zero Balance,3,High Salary / Low Balance (Wallet-Share Risk),False,False
15670416,Zero Balance,0,Aligned,False,False
15749528,Zero Balance,3,High Salary / Low Balance (Wallet-Share Risk),False,False
15578783,Low Balance,0,Aligned,False,False
15580719,Zero Balance,1,Aligned,False,False
15656293,Zero Balance,1,Aligned,False,False
15691875,Low Balance,1,Aligned,False,False
15596870,High Balance,1,High Balance / Low Salary (Unusual Profile),False,False
15780770,High Balance,3,Aligned,True,False
15751491,Low Balance,0,Aligned,False,False
15706200,Medium Balance,2,Aligned,False,False
15808674,Medium Balance,2,Aligned,False,False
15641411,Low Balance,2,Aligned,False,False
15764661,Zero Balance,1,Aligned,False,False
15689492,High Balance,2,Aligned,False,False
15602405,Low Balance,1,Aligned,False,False
15610271,Low Balance,0,Aligned,False,False
15791780,Low Balance,3,High Salary / Low Balance (Wallet-Share Risk),False,False
15589147,Medium Balance,1,Aligned,False,False
15756975,Zero Balance,0,Aligned,False,False
15729582,Low Balance,2,Aligned,False,False
15742971,High Balance,1,High Balance / Low Salary (Unusual Profile),False,False
15568046,Low Balance,3,High Salary / Low Balance (Wallet-Share Risk),False,False
15694890,Medium Balance,1,Aligned,False,False
15736963,Zero Balance,2,High Salary / Low Balance (Wallet-Share Risk),False,False
15646490,High Balance,2,Aligned,False,False
15607314,High Balance,0,High Balance / Low Salary (Unusual Profile),False,False
15576745,Low Balance,3,High Salary / Low Balance (Wallet-Share Risk),False,False
15669606,Zero Balance,2,High Salary / Low Balance (Wallet-Share Risk),False,False
15737832,High Balance,3,Aligned,True,True
15681990,Low Balance,1,Aligned,False,False
15758050,Zero Balance,0,Aligned,False,False
15787848,Low Balance,2,Aligned,False,False
15713594,High Balance,2,Aligned,False,False
15588186,Low Balance,0,Aligned,False,False
15786739,Medium Balance,3,Aligned,False,False
15699467,Zero Balance,1,Aligned,False,False
15680706,Medium Balance,3,Aligned,False,False
15645717,Zero Balance,0,Aligned,False,False
15748597,Low Balance,3,High Salary / Low Balance (Wallet-Share Risk),False,False
15773709,Zero Balance,3,High Salary / Low Balance (Wallet-Share Risk),False,False
15629787,Low Balance,0,Aligned,False,False
15661007,Low Balance,3,High Salary / Low Balance (Wallet-Share Risk),False,False
15686812,Zero Balance,3,High Salary / Low Balance (Wallet-Share Risk),False,False
15754113,Zero Balance,3,High Salary / Low Balance (Wallet-Share Risk),False,False
15749489,Low Balance,0,Aligned,False,False
15574352,High Balance,2,Aligned,False,False
15701281,Zero Balance,0,Aligned,False,False
15811985,Zero Balance,1,Aligned,False,False
15713505,Zero Balance,3,High Salary / Low Balance (Wallet-Share Risk),False,False
15685653,High Balance,2,Aligned,False,False
15758831,Low Balance,0,Aligned,False,False
15618774,Zero Balance,2,High Salary / Low Balance (Wallet-Share Risk),False,False
15764448,High Balance,2,Aligned,False,False
15611024,Low Balance,1,Aligned,False,False
15738220,Zero Balance,1,Aligned,False,False
15805764,Zero Balance,1,Aligned,False,False
15580487,Low Balance,1,Aligned,False,False
15675787,Low Balance,2,Aligned,False,False
15583580,Medium Balance,1,Aligned,False,False
15780654,Low Balance,0,Aligned,False,False
15695034,Medium Balance,2,Aligned,False,False
15805671,Zero Balance,2,High Salary / Low Balance (Wallet-Share Risk),False,False
15790658,Low Balance,1,Aligned,False,False
15578648,Low Balance,2,Aligned,False,False
15734987,High Balance,0,High Balance / Low Salary (Unusual Profile),False,False
15721740,Low Balance,3,High Salary / Low Balance (Wallet-Share Risk),False,False
15641822,Zero Balance,0,Aligned,False,False
15765650,Low Balance,2,Aligned,False,False
15788556,High Balance,0,High Balance / Low Salary (Unusual Profile),False,False
15576550,Zero Balance,2,High Salary / Low Balance (Wallet-Share Risk),False,False
15622230,Zero Balance,1,Aligned,False,False
15653937,Medium Balance,0,High Balance / Low Salary (Unusual Profile),False,False
15743538,Zero Balance,0,Aligned,False,False
15591740,Zero Balance,1,Aligned,False,False
15650086,High Balance,2,Aligned,False,False
15718773,Zero Balance,3,High Salary / Low Balance (Wallet-Share Risk),False,False
15615140,Low Balance,3,High Salary / Low Balance (Wallet-Share Risk),False,False
15644361,Low Balance,0,Aligned,False,False
15774536,Zero Balance,3,High Salary / Low Balance (Wallet-Share Risk),False,False
15618661,Low Balance,2,Aligned,False,False
15605020,High Balance,0,High Balance / Low Salary (Unusual Profile),False,False
15762134,Low Balance,3,High Salary / Low Balance (Wallet-Share Risk),False,False
15685279,Medium Balance,3,Aligned,False,False
15582849,Zero Balance,0,Aligned,False,False
15655410,Medium Balance,2,Aligned,False,False
15649129,Zero Balance,2,High Salary / Low Balance (Wallet-Share Risk),False,False
15702380,Zero Balance,0,Aligned,False,False
15759067,High Balance,2,Aligned,False,False
15683027,Medium Balance,3,Aligned,False,False
15597487,Zero Balance,1,Aligned,False,False
15763256,Medium Balance,3,Aligned,False,False
15620111,Medium Balance,1,Aligned,False,False
15623053,Medium Balance,2,Aligned,False,False
15595592,Zero Balance,3,High Salary / Low Balance (Wallet-Share Risk),False,False
15740072,Medium Balance,2,Aligned,False,False
15778005,Medium Balance,3,Aligned,False,False
15583278,Low Balance,0,Aligned,False,False
15601263,Zero Balance,0,Aligned,False,False
15709222,Zero Balance,2,High Salary / Low Balance (Wallet-Share Risk),False,False
15713949,Low Balance,3,High Salary / Low Balance (Wallet-Share Risk),False,False
15717706,Low Balance,0,Aligned,False,False
15756071,Low Balance,1,Aligned,False,False
15696564,High Balance,2,Aligned,False,False
15657637,Zero Balance,1,Aligned,False,False
15755863,Zero Balance,3,High Salary / Low Balance (Wallet-Share Risk),False,False
15719858,Zero Balance,0,Aligned,False,False
15688876,Zero Balance,0,Aligned,False,False
15698528,Zero Balance,2,High Salary / Low Balance (Wallet-Share Risk),False,False
15770345,Medium Balance,2,Aligned,False,False
15761506,Zero Balance,3,High Salary / Low Balance (Wallet-Share Risk),False,False
15716619,Low Balance,0,Aligned,False,False
15788367,Low Balance,1,Aligned,False,False
15709451,Medium Balance,2,Aligned,False,False
15640421,Zero Balance,0,Aligned,False,False
15580068,Zero Balance,2,High Salary / Low Balance (Wallet-Share Risk),False,False
15677123,Zero Balance,0,Aligned,False,False
15619801,Low Balance,1,Aligned,False,False
15582246,Zero Balance,3,High Salary / Low Balance (Wallet-Share Risk),False,False
15711843,High Balance,2,Aligned,False,False
15680046,Zero Balance,1,Aligned,False,False
15804131,Low Balance,3,High Salary / Low Balance (Wallet-Share Risk),False,False
15722611,Low Balance,1,Aligned,False,False
15729224,Zero Balance,2,High Salary / Low Balance (Wallet-Share Risk),False,False
15811588,High Balance,3,Aligned,True,True
15702138,High Balance,0,High Balance / Low Salary (Unusual Profile),False,False
15749799,Zero Balance,1,Aligned,False,False
15752885,High Balance,1,High Balance / Low Salary (Unusual Profile),False,False
15674932,Zero Balance,3,High Salary / Low Balance (Wallet-Share Risk),False,False
15743828,Zero Balance,1,Aligned,False,False
15642022,Zero Balance,0,Aligned,False,False
15746461,Zero Balance,2,High Salary / Low Balance (Wallet-Share Risk),False,False
15809991,Medium Balance,2,Aligned,False,False
15787322,Zero Balance,0,Aligned,False,False
15575498,High Balance,1,High Balance / Low Salary (Unusual Profile),False,False
15691387,Zero Balance,1,Aligned,False,False
15765457,Low Balance,3,High Salary / Low Balance (Wallet-Share Risk),False,False
15666173,Low Balance,2,Aligned,False,False
15627377,Zero Balance,1,Aligned,False,False
15656683,Zero Balance,1,Aligned,False,False
15679810,Zero Balance,3,High Salary / Low Balance (Wallet-Share Risk),False,False
15606310,High Balance,3,Aligned,True,False
15756871,Zero Balance,2,High Salary / Low Balance (Wallet-Share Risk),False,False
15610002,Zero Balance,2,High Salary / Low Balance (Wallet-Share Risk),False,False
15567802,Zero Balance,3,High Salary / Low Balance (Wallet-Share Risk),False,False
15745452,Low Balance,3,High Salary / Low Balance (Wallet-Share Risk),False,False
15617252,Low Balance,3,High Salary / Low Balance (Wallet-Share Risk),False,False
15753248,Zero Balance,0,Aligned,False,False
15610755,Medium Balance,3,Aligned,False,False
15662238,Low Balance,3,High Salary / Low Balance (Wallet-Share Risk),False,False
15799186,Zero Balance,3,High Salary / Low Balance (Wallet-Share Risk),False,False
15686941,Zero Balance,2,High Salary / Low Balance (Wallet-Share Risk),False,False
15601172,Low Balance,3,High Salary / Low Balance (Wallet-Share Risk),False,False
15723858,Zero Balance,0,Aligned,False,False
15615896,Zero Balance,0,Aligned,False,False
15737647,Medium Balance,0,High Balance / Low Salary (Unusual Profile),False,False
15582841,Zero Balance,0,Aligned,False,False
15760090,Zero Balance,2,High Salary / Low Balance (Wallet-Share Risk),False,False
15588587,Low Balance,2,Aligned,False,False
15683157,Low Balance,3,High Salary / Low Balance (Wallet-Share Risk),False,False
15694209,Zero Balance,2,High Salary / Low Balance (Wallet-Share Risk),False,False
15655875,Zero Balance,2,High Salary / Low Balance (Wallet-Share Risk),False,False
15805704,Zero Balance,3,High Salary / Low Balance (Wallet-Share Risk),False,False
15744789,Low Balance,0,Aligned,False,False
15799357,Medium Balance,2,Aligned,False,False
15726153,Low Balance,0,Aligned,False,False
15713346,High Balance,1,High Balance / Low Salary (Unusual Profile),False,False
15665053,Low Balance,0,Aligned,False,False
15592379,Medium Balance,0,High Balance / Low Salary (Unusual Profile),False,False
15692599,Medium Balance,3,Aligned,False,False
15620758,Zero Balance,2,High Salary / Low Balance (Wallet-Share Risk),False,False
15637428,Zero Balance,0,Aligned,False,False
15808389,Zero Balance,3,High Salary / Low Balance (Wallet-Share Risk),False,False
15807003,High Balance,3,Aligned,True,True
15702912,Zero Balance,0,Aligned,False,False
15590623,Low Balance,0,Aligned,False,False
15728078,Medium Balance,0,High Balance / Low Salary (Unusual Profile),False,False
15708256,Zero Balance,3,High Salary / Low Balance (Wallet-Share Risk),False,False
15582335,Medium Balance,0,High Balance / Low Salary (Unusual Profile),False,False
15649150,Medium Balance,2,Aligned,False,False
15691647,Zero Balance,1,Aligned,False,False
15668270,Medium Balance,0,High Balance / Low Salary (Unusual Profile),False,False
15624820,Low Balance,1,Aligned,False,False
15736254,Low Balance,0,Aligned,False,False
15720814,Low Balance,0,Aligned,False,False
15642997,High Balance,1,High Balance / Low Salary (Unusual Profile),False,False
15693200,Zero Balance,3,High Salary / Low Balance (Wallet-Share Risk),False,False
15624596,Low Balance,3,High Salary / Low Balance (Wallet-Share Risk),False,False
15807167,High Balance,3,Aligned,True,False
15660301,High Balance,0,High Balance / Low Salary (Unusual Profile),False,False
15593094,Zero Balance,2,High Salary / Low Balance (Wallet-Share Risk),False,False
15618239,Zero Balance,1,Aligned,False,False
15574137,Zero Balance,3,High Salary / Low Balance (Wallet-Share Risk),False,False
15614740,Medium Balance,2,Aligned,False,False
15574071,Low Balance,2,Aligned,False,False
15671148,Low Balance,2,Aligned,False,False
15721921,High Balance,1,High Balance / Low Salary (Unusual Profile),False,False
15717995,Zero Balance,3,High Salary / Low Balance (Wallet-Share Risk),False,False
15632050,Low Balance,1,Aligned,False,False
15647111,Low Balance,2,Aligned,False,False
15759991,High Balance,1,High Balance / Low Salary (Unusual Profile),False,False
15790204,Zero Balance,0,Aligned,False,False
15686780,Medium Balance,0,High Balance / Low Salary (Unusual Profile),False,False
15640491,High Balance,2,Aligned,False,False
15783225,Zero Balance,1,Aligned,False,False
15734438,Zero Balance,2,High Salary / Low Balance (Wallet-Share Risk),False,False
15688760,Low Balance,2,Aligned,False,False
15768124,Zero Balance,1,Aligned,False,False
15661330,Zero Balance,2,High Salary / Low Balance (Wallet-Share Risk),False,False
15781272,High Balance,2,Aligned,False,False
15573888,Low Balance,3,High Salary / Low Balance (Wallet-Share Risk),False,False
15575858,Zero Balance,2,High Salary / Low Balance (Wallet-Share Risk),False,False
15645937,Zero Balance,1,Aligned,False,False
15702337,Zero Balance,1,Aligned,False,False
15764537,Zero Balance,0,Aligned,False,False
15619616,Low Balance,2,Aligned,False,False
15585133,Zero Balance,0,Aligned,False,False
15573971,Zero Balance,1,Aligned,False,False
15579433,Low Balance,3,High Salary / Low Balance (Wallet-Share Risk),False,False
15777045,Low Balance,3,High Salary / Low Balance (Wallet-Share Risk),False,False
15611580,Low Balance,2,Aligned,False,False
15614778,Zero Balance,0,Aligned,False,False
15771750,Medium Balance,0,High Balance / Low Salary (Unusual Profile),False,False
15593280,High Balance,3,Aligned,True,False
15569274,Low Balance,3,High Salary / Low Balance (Wallet-Share Risk),False,False
15654408,High Balance,1,High Balance / Low Salary (Unusual Profile),False,False
15657468,Medium Balance,2,Aligned,False,False
15614213,Low Balance,1,Aligned,False,False
15589869,Low Balance,3,High Salary / Low Balance (Wallet-Share Risk),False,False
15693205,Low Balance,2,Aligned,False,False
15797113,Zero Balance,2,High Salary / Low Balance (Wallet-Share Risk),False,False
15676958,Low Balance,2,Aligned,False,False
15739592,Low Balance,1,Aligned,False,False
15656263,Zero Balance,1,Aligned,False,False
15636872,High Balance,3,Aligned,True,True
15589435,Zero Balance,2,High Salary / Low Balance (Wallet-Share Risk),False,False
15640464,Low Balance,0,Aligned,False,False
15723851,Zero Balance,1,Aligned,False,False
15722122,Zero Balance,3,High Salary / Low Balance (Wallet-Share Risk),False,False
15696852,High Balance,1,High Balance / Low Salary (Unusual Profile),False,False
15634936,High Balance,2,Aligned,False,False
15575935,High Balance,0,High Balance / Low Salary (Unusual Profile),False,False
15634491,High Balance,3,Aligned,True,False
15628530,High Balance,1,High Balance / Low Salary (Unusual Profile),False,False
15678720,Zero Balance,3,High Salary / Low Balance (Wallet-Share Risk),False,False
15627999,Zero Balance,1,Aligned,False,False
15571244,Zero Balance,2,High Salary / Low Balance (Wallet-Share Risk),False,False
15739931,High Balance,1,High Balance / Low Salary (Unusual Profile),False,False
15806256,Low Balance,1,Aligned,False,False
15787258,Zero Balance,2,High Salary / Low Balance (Wallet-Share Risk),False,False
15706463,Zero Balance,0,Aligned,False,False
15691004,Zero Balance,0,Aligned,False,False
15792228,High Balance,2,Aligned,False,False
15733447,Medium Balance,1,Aligned,False,False
15679062,Low Balance,2,Aligned,False,False
15594409,Zero Balance,0,Aligned,False,False
15613816,Low Balance,1,Aligned,False,False
15681991,Low Balance,2,Aligned,False,False
15796074,Low Balance,1,Aligned,False,False
15625941,Medium Balance,2,Aligned,False,False
15615016,Zero Balance,2,High Salary / Low Balance (Wallet-Share Risk),False,False
15748414,Low Balance,2,Aligned,False,False
15751203,Low Balance,2,Aligned,False,False
15662658,Low Balance,3,High Salary / Low Balance (Wallet-Share Risk),False,False
15574868,Low Balance,0,Aligned,False,False
15790282,Low Balance,0,Aligned,False,False
15762927,Low Balance,3,High Salary / Low Balance (Wallet-Share Risk),False,False
15803456,Zero Balance,3,High Salary / Low Balance (Wallet-Share Risk),False,False
15771857,Low Balance,2,Aligned,False,False
15700601,Low Balance,0,Aligned,False,False
15569670,Low Balance,2,Aligned,False,False
15772341,Medium Balance,0,High Balance / Low Salary (Unusual Profile),False,False
15661548,High Balance,2,Aligned,False,False
15787597,Low Balance,0,Aligned,False,False
15806913,Low Balance,1,Aligned,False,False
15804862,Medium Balance,2,Aligned,False,False
15792986,Medium Balance,0,High Balance / Low Salary (Unusual Profile),False,False
15625632,Medium Balance,2,Aligned,False,False
15727703,Medium Balance,0,High Balance / Low Salary (Unusual Profile),False,False
15606273,High Balance,3,Aligned,True,True
15799652,High Balance,0,High Balance / Low Salary (Unusual Profile),False,False
15715047,High Balance,3,Aligned,True,True
15784687,Medium Balance,3,Aligned,False,False
15615322,Low Balance,3,High Salary / Low Balance (Wallet-Share Risk),False,False
15722072,Medium Balance,2,Aligned,False,False
15646784,High Balance,1,High Balance / Low Salary (Unusual Profile),False,False
15644692,Zero Balance,1,Aligned,False,False
15670354,Zero Balance,2,High Salary / Low Balance (Wallet-Share Risk),False,False
15716357,Medium Balance,2,Aligned,False,False
15786717,Zero Balance,0,Aligned,False,False
15771383,Low Balance,2,Aligned,False,False
15649793,Zero Balance,3,High Salary / Low Balance (Wallet-Share Risk),False,False
15731543,Low Balance,0,Aligned,False,False
15684516,Medium Balance,2,Aligned,False,False
15677249,Low Balance,3,High Salary / Low Balance (Wallet-Share Risk),False,False
15581525,Low Balance,2,Aligned,False,False
15628420,Low Balance,3,High Salary / Low Balance (Wallet-Share Risk),False,False
15600478,Zero Balance,3,High Salary / Low Balance (Wallet-Share Risk),False,False
15594502,Low Balance,0,Aligned,False,False
15784361,High Balance,1,High Balance / Low Salary (Unusual Profile),False,False
15767626,Zero Balance,0,Aligned,False,False
15632521,Medium Balance,3,Aligned,False,False
15665088,Zero Balance,1,Aligned,False,False
15652084,Low Balance,3,High Salary / Low Balance (Wallet-Share Risk),False,False
15574761,Low Balance,3,High Salary / Low Balance (Wallet-Share Risk),False,False
15729515,High Balance,3,Aligned,True,False
15682070,Zero Balance,1,Aligned,False,False
15743817,High Balance,3,Aligned,True,True
15572158,Zero Balance,0,Aligned,False,False
15584477,Low Balance,1,Aligned,False,False
15614893,Zero Balance,1,Aligned,False,False
15665963,Medium Balance,3,Aligned,False,False
15612524,Medium Balance,3,Aligned,False,False
15596962,Medium Balance,1,Aligned,False,False
15744942,High Balance,2,Aligned,False,False
15573278,Zero Balance,0,Aligned,False,False
15717056,High Balance,2,Aligned,False,False
15795881,Low Balance,2,Aligned,False,False
15758939,Medium Balance,1,Aligned,False,False
15792250,Medium Balance,1,Aligned,False,False
15740406,Low Balance,0,Aligned,False,False
15768137,Medium Balance,3,Aligned,False,False
15569120,Zero Balance,3,High Salary / Low Balance (Wallet-Share Risk),False,False
15723721,High Balance,3,Aligned,True,True
15777122,Zero Balance,1,Aligned,False,False
15742681,Medium Balance,0,High Balance / Low Salary (Unusual Profile),False,False
15582090,Zero Balance,2,High Salary / Low Balance (Wallet-Share Risk),False,False
15711254,Zero Balance,3,High Salary / Low Balance (Wallet-Share Risk),False,False
15775067,Low Balance,2,Aligned,False,False
15602851,Zero Balance,0,Aligned,False,False
15802857,Low Balance,0,Aligned,False,False
15701175,Low Balance,1,Aligned,False,False
15783019,Medium Balance,3,Aligned,False,False
15728912,Low Balance,2,Aligned,False,False
15585580,High Balance,1,High Balance / Low Salary (Unusual Profile),False,False
15583480,Zero Balance,2,High Salary / Low Balance (Wallet-Share Risk),False,False
15620341,High Balance,3,Aligned,True,True
15613886,Zero Balance,0,Aligned,False,False
15792916,High Balance,0,High Balance / Low Salary (Unusual Profile),False,False
15710408,Zero Balance,0,Aligned,False,False
15598695,Medium Balance,1,Aligned,False,False
15649354,Zero Balance,0,Aligned,False,False
15737556,Low Balance,3,High Salary / Low Balance (Wallet-Share Risk),False,False
15671610,Zero Balance,0,Aligned,False,False
15625092,Low Balance,0,Aligned,False,False
15741032,Zero Balance,2,High Salary / Low Balance (Wallet-Share Risk),False,False
15750014,Low Balance,2,Aligned,False,False
15784761,Low Balance,1,Aligned,False,False
15768359,Medium Balance,0,High Balance / Low Salary (Unusual Profile),False,False
15805769,Zero Balance,2,High Salary / Low Balance (Wallet-Share Risk),False,False
15719508,Medium Balance,3,Aligned,False,False
15609011,Low Balance,0,Aligned,False,False
15703106,Zero Balance,2,High Salary / Low Balance (Wallet-Share Risk),False,False
15626795,Zero Balance,2,High Salary / Low Balance (Wallet-Share Risk),False,False
15773731,Zero Balance,2,High Salary / Low Balance (Wallet-Share Risk),False,False
15756196,Medium Balance,2,Aligned,False,False
15687903,Zero Balance,2,High Salary / Low Balance (Wallet-Share Risk),False,False
15777599,High Balance,3,Aligned,True,False
15754577,Low Balance,3,High Salary / Low Balance (Wallet-Share Risk),False,False
15584113,Medium Balance,2,Aligned,False,False
15669589,Low Balance,2,Aligned,False,False
15632793,Low Balance,0,Aligned,False,False
15711130,Zero Balance,1,Aligned,False,False
15615254,Low Balance,3,High Salary / Low Balance (Wallet-Share Risk),False,False
15720583,Low Balance,0,Aligned,False,False
15780432,Medium Balance,2,Aligned,False,False
15673223,Zero Balance,3,High Salary / Low Balance (Wallet-Share Risk),False,False
15807989,Low Balance,0,Aligned,False,False
15761168,High Balance,1,High Balance / Low Salary (Unusual Profile),False,False
15651272,Zero Balance,1,Aligned,False,False
15812832,Low Balance,0,Aligned,False,False
15680517,Medium Balance,1,Aligned,False,False
15750569,Low Balance,3,High Salary / Low Balance (Wallet-Share Risk),False,False
15690743,Low Balance,1,Aligned,False,False
15627741,Low Balance,0,Aligned,False,False
15712121,High Balance,0,High Balance / Low Salary (Unusual Profile),False,False
15805429,Low Balance,3,High Salary / Low Balance (Wallet-Share Risk),False,False
15814923,Medium Balance,3,Aligned,False,False
15589230,Medium Balance,2,Aligned,False,False
15775490,Low Balance,3,High Salary / Low Balance (Wallet-Share Risk),False,False
15749727,Zero Balance,3,High Salary / Low Balance (Wallet-Share Risk),False,False
15619238,Zero Balance,3,High Salary / Low Balance (Wallet-Share Risk),False,False
15593468,Zero Balance,0,Aligned,False,False
15718454,Zero Balance,0,Aligned,False,False
15789498,Low Balance,2,Aligned,False,False
15744691,Zero Balance,0,Aligned,False,False
15708289,Low Balance,0,Aligned,False,False
15790412,Zero Balance,3,High Salary / Low Balance (Wallet-Share Risk),False,False
15741416,Low Balance,1,Aligned,False,False
15598894,Medium Balance,2,Aligned,False,False
15663294,Medium Balance,1,Aligned,False,False
15572728,Medium Balance,3,Aligned,False,False
15706729,Low Balance,3,High Salary / Low Balance (Wallet-Share Risk),False,False
15674433,Low Balance,3,High Salary / Low Balance (Wallet-Share Risk),False,False
15641170,Zero Balance,3,High Salary / Low Balance (Wallet-Share Risk),False,False
15806284,Zero Balance,1,Aligned,False,False
15690958,High Balance,0,High Balance / Low Salary (Unusual Profile),False,False
15606386,Low Balance,3,High Salary / Low Balance (Wallet-Share Risk),False,False
15682322,High Balance,3,Aligned,True,False
15579915,Zero Balance,2,High Salary / Low Balance (Wallet-Share Risk),False,False
15681928,Low Balance,2,Aligned,False,False
15734005,Zero Balance,1,Aligned,False,False
15650432,Low Balance,3,High Salary / Low Balance (Wallet-Share Risk),False,False
15592578,High Balance,2,Aligned,False,False
15671243,Zero Balance,2,High Salary / Low Balance (Wallet-Share Risk),False,False
15775709,Low Balance,0,Aligned,False,False
15702631,Zero Balance,1,Aligned,False,False
15602282,Medium Balance,2,Aligned,False,False
15717879,Low Balance,3,High Salary / Low Balance (Wallet-Share Risk),False,False
15740878,Zero Balance,1,Aligned,False,False
15794468,Zero Balance,2,High Salary / Low Balance (Wallet-Share Risk),False,False
15773277,Low Balance,1,Aligned,False,False
15572657,Low Balance,3,High Salary / Low Balance (Wallet-Share Risk),False,False
15800295,Low Balance,2,Aligned,False,False
15672397,Medium Balance,3,Aligned,False,False
15684921,High Balance,2,Aligned,False,False
15720676,Zero Balance,0,Aligned,False,False
15731829,Zero Balance,0,Aligned,False,False
15732672,Low Balance,3,High Salary / Low Balance (Wallet-Share Risk),False,False
15692406,Zero Balance,2,High Salary / Low Balance (Wallet-Share Risk),False,False
15764405,Zero Balance,3,High Salary / Low Balance (Wallet-Share Risk),False,False
15757537,Low Balance,2,Aligned,False,False
15793307,High Balance,3,Aligned,True,True
15660679,High Balance,2,Aligned,False,False
15666856,High Balance,0,High Balance / Low Salary (Unusual Profile),False,False
15687372,Medium Balance,0,High Balance / Low Salary (Unusual Profile),False,False
15667289,Zero Balance,0,Aligned,False,False
15624641,Zero Balance,3,High Salary / Low Balance (Wallet-Share Risk),False,False
15734610,Low Balance,1,Aligned,False,False
15631882,Low Balance,2,Aligned,False,False
15642709,Zero Balance,1,Aligned,False,False
15811026,Medium Balance,3,Aligned,False,False
15596303,Zero Balance,1,Aligned,False,False
15787255,High Balance,3,Aligned,True,False
15617166,Zero Balance,2,High Salary / Low Balance (Wallet-Share Risk),False,False
15742442,Low Balance,2,Aligned,False,False
15758692,High Balance,0,High Balance / Low Salary (Unusual Profile),False,False
15568238,Zero Balance,2,High Salary / Low Balance (Wallet-Share Risk),False,False
15730353,High Balance,2,Aligned,False,False
15731555,Low Balance,3,High Salary / Low Balance (Wallet-Share Risk),False,False
15582404,Zero Balance,2,High Salary / Low Balance (Wallet-Share Risk),False,False
15721462,Zero Balance,0,Aligned,False,False
15632899,Low Balance,1,Aligned,False,False
15808526,Medium Balance,1,Aligned,False,False
15694349,Zero Balance,0,Aligned,False,False
15718465,Low Balance,3,High Salary / Low Balance (Wallet-Share Risk),False,False
15682995,Low Balance,1,Aligned,False,False
15584776,Low Balance,2,Aligned,False,False
15777772,Low Balance,0,Aligned,False,False
15576156,Zero Balance,0,Aligned,False,False
15646756,Low Balance,0,Aligned,False,False
15742886,Medium Balance,2,Aligned,False,False
15586135,Zero Balance,2,High Salary / Low Balance (Wallet-Share Risk),False,False
15616152,High Balance,0,High Balance / Low Salary (Unusual Profile),False,False
15721460,High Balance,3,Aligned,True,True
15727317,Low Balance,1,Aligned,False,False
15649536,Medium Balance,1,Aligned,False,False
15754929,Low Balance,3,High Salary / Low Balance (Wallet-Share Risk),False,False
15572051,Zero Balance,2,High Salary / Low Balance (Wallet-Share Risk),False,False
15668142,Low Balance,3,High Salary / Low Balance (Wallet-Share Risk),False,False
15701176,High Balance,0,High Balance / Low Salary (Unusual Profile),False,False
15708422,Zero Balance,1,Aligned,False,False
15655632,Medium Balance,0,High Balance / Low Salary (Unusual Profile),False,False
15744606,Low Balance,0,Aligned,False,False
15612140,Medium Balance,1,Aligned,False,False
15656086,Low Balance,2,Aligned,False,False
15655298,Zero Balance,0,Aligned,False,False
15644796,Zero Balance,2,High Salary / Low Balance (Wallet-Share Risk),False,False
15726250,High Balance,0,High Balance / Low Salary (Unusual Profile),False,False
15764432,High Balance,0,High Balance / Low Salary (Unusual Profile),False,False
15631721,High Balance,2,Aligned,False,False
15707479,Medium Balance,2,Aligned,False,False
15579826,Zero Balance,1,Aligned,False,False
15668104,Low Balance,3,High Salary / Low Balance (Wallet-Share Risk),False,False
15641604,Low Balance,3,High Salary / Low Balance (Wallet-Share Risk),False,False
15587240,Zero Balance,3,High Salary / Low Balance (Wallet-Share Risk),False,False
15680767,Low Balance,0,Aligned,False,False
15601594,High Balance,3,Aligned,True,True
15589969,Zero Balance,1,Aligned,False,False
15703728,Zero Balance,2,High Salary / Low Balance (Wallet-Share Risk),False,False
15617790,Low Balance,0,Aligned,False,False
15662500,Zero Balance,0,Aligned,False,False
15778526,Zero Balance,1,Aligned,False,False
15670584,Zero Balance,3,High Salary / Low Balance (Wallet-Share Risk),False,False
15748069,Medium Balance,2,Aligned,False,False
15680597,Medium Balance,3,Aligned,False,False
15628992,Medium Balance,1,Aligned,False,False
15719624,Medium Balance,2,Aligned,False,False
15812767,Zero Balance,2,High Salary / Low Balance (Wallet-Share Risk),False,False
15689201,Medium Balance,3,Aligned,False,False
15614716,High Balance,2,Aligned,False,False
15683618,Medium Balance,0,High Balance / Low Salary (Unusual Profile),False,False
15799631,Zero Balance,3,High Salary / Low Balance (Wallet-Share Risk),False,False
15692259,Zero Balance,2,High Salary / Low Balance (Wallet-Share Risk),False,False
15590966,Low Balance,0,Aligned,False,False
15656426,Zero Balance,1,Aligned,False,False
15675256,Medium Balance,2,Aligned,False,False
15751185,High Balance,3,Aligned,True,True
15789582,Zero Balance,1,Aligned,False,False
15651103,High Balance,3,Aligned,True,False
15672299,Zero Balance,3,High Salary / Low Balance (Wallet-Share Risk),False,False
15772250,Zero Balance,0,Aligned,False,False
15763922,Low Balance,1,Aligned,False,False
15633870,Zero Balance,2,High Salary / Low Balance (Wallet-Share Risk),False,False
15624323,Zero Balance,3,High Salary / Low Balance (Wallet-Share Risk),False,False
15688612,High Balance,0,High Balance / Low Salary (Unusual Profile),False,False
15694644,Zero Balance,1,Aligned,False,False
15587174,Zero Balance,1,Aligned,False,False
15579559,High Balance,1,High Balance / Low Salary (Unusual Profile),False,False
15775430,Medium Balance,2,Aligned,False,False
15623695,Zero Balance,2,High Salary / Low Balance (Wallet-Share Risk),False,False
15760849,Zero Balance,2,High Salary / Low Balance (Wallet-Share Risk),False,False
15813095,Zero Balance,0,Aligned,False,False
15705281,Zero Balance,1,Aligned,False,False
15812594,Zero Balance,1,Aligned,False,False
15626322,Medium Balance,3,Aligned,False,False
15723105,Zero Balance,3,High Salary / Low Balance (Wallet-Share Risk),False,False
15588449,Low Balance,3,High Salary / Low Balance (Wallet-Share Risk),False,False
15794849,Low Balance,0,Aligned,False,False
15620000,Medium Balance,1,Aligned,False,False
15799720,High Balance,3,Aligned,True,False
15711287,Medium Balance,2,Aligned,False,False
15613102,Low Balance,3,High Salary / Low Balance (Wallet-Share Risk),False,False
15621440,Zero Balance,3,High Salary / Low Balance (Wallet-Share Risk),False,False
15677146,High Balance,0,High Balance / Low Salary (Unusual Profile),False,False
15801169,Medium Balance,0,High Balance / Low Salary (Unusual Profile),False,False
15722425,Zero Balance,2,High Salary / Low Balance (Wallet-Share Risk),False,False
15682421,Zero Balance,2,High Salary / Low Balance (Wallet-Share Risk),False,False
15691910,Zero Balance,2,High Salary / Low Balance (Wallet-Share Risk),False,False
15721779,High Balance,3,Aligned,True,True
15579548,Zero Balance,2,High Salary / Low Balance (Wallet-Share Risk),False,False
15681075,Zero Balance,0,Aligned,False,False
15607884,Zero Balance,2,High Salary / Low Balance (Wallet-Share Risk),False,False
15767757,Medium Balance,0,High Balance / Low Salary (Unusual Profile),False,False
15791550,Low Balance,3,High Salary / Low Balance (Wallet-Share Risk),False,False
15658589,Low Balance,3,High Salary / Low Balance (Wallet-Share Risk),False,False
15670822,Low Balance,3,High Salary / Low Balance (Wallet-Share Risk),False,False
15629744,Zero Balance,2,High Salary / Low Balance (Wallet-Share Risk),False,False
15660768,Low Balance,0,Aligned,False,False
15726310,Zero Balance,2,High Salary / Low Balance (Wallet-Share Risk),False,False
15641298,Low Balance,0,Aligned,False,False
15625675,Low Balance,3,High Salary / Low Balance (Wallet-Share Risk),False,False
15713354,Low Balance,1,Aligned,False,False
15633866,Low Balance,1,Aligned,False,False
15704231,Zero Balance,1,Aligned,False,False
15735400,High Balance,1,High Balance / Low Salary (Unusual Profile),False,False
15632826,Medium Balance,1,Aligned,False,False
15751022,Medium Balance,1,Aligned,False,False
15664737,Zero Balance,2,High Salary / Low Balance (Wallet-Share Risk),False,False
15681126,Zero Balance,3,High Salary / Low Balance (Wallet-Share Risk),False,False
15738954,Medium Balance,1,Aligned,False,False
15662263,Low Balance,0,Aligned,False,False
15621611,High Balance,2,Aligned,False,False
15783752,Medium Balance,2,Aligned,False,False
15709474,Low Balance,1,Aligned,False,False
15701280,Zero Balance,1,Aligned,False,False
15671104,High Balance,2,Aligned,False,False
15796434,Low Balance,1,Aligned,False,False
15781505,Low Balance,0,Aligned,False,False
15625819,Zero Balance,3,High Salary / Low Balance (Wallet-Share Risk),False,False
15753174,High Balance,2,Aligned,False,False
15654067,Zero Balance,1,Aligned,False,False
15724719,Medium Balance,2,Aligned,False,False
15624695,High Balance,3,Aligned,True,False
15718216,Zero Balance,1,Aligned,False,False
15586300,Zero Balance,1,Aligned,False,False
15783349,Low Balance,2,Aligned,False,False
15725767,Zero Balance,0,Aligned,False,False
15791925,High Balance,1,High Balance / Low Salary (Unusual Profile),False,False
15793585,Zero Balance,1,Aligned,False,False
15576641,Medium Balance,0,High Balance / Low Salary (Unusual Profile),False,False
15749519,Medium Balance,0,High Balance / Low Salary (Unusual Profile),False,False
15684960,Zero Balance,0,Aligned,False,False
15591286,Low Balance,0,Aligned,False,False
15668323,High Balance,3,Aligned,True,True
15608528,Zero Balance,3,High Salary / Low Balance (Wallet-Share Risk),False,False
15645184,Zero Balance,3,High Salary / Low Balance (Wallet-Share Risk),False,False
15702566,High Balance,3,Aligned,True,False
15660840,Medium Balance,3,Aligned,False,False
15750811,Low Balance,3,High Salary / Low Balance (Wallet-Share Risk),False,False
15733842,Low Balance,1,Aligned,False,False
15581526,Zero Balance,1,Aligned,False,False
15662751,Low Balance,3,High Salary / Low Balance (Wallet-Share Risk),False,False
15684319,Low Balance,2,Aligned,False,False
15702190,Zero Balance,1,Aligned,False,False
15588517,Zero Balance,3,High Salary / Low Balance (Wallet-Share Risk),False,False
15801863,Medium Balance,2,Aligned,False,False
15584271,Zero Balance,2,High Salary / Low Balance (Wallet-Share Risk),False,False
15700366,Low Balance,3,High Salary / Low Balance (Wallet-Share Risk),False,False
15804038,Zero Balance,1,Aligned,False,False
15720820,Low Balance,1,Aligned,False,False
15743759,Zero Balance,3,High Salary / Low Balance (Wallet-Share Risk),False,False
15749947,Zero Balance,1,Aligned,False,False
15670496,Zero Balance,2,High Salary / Low Balance (Wallet-Share Risk),False,False
15746664,High Balance,2,Aligned,False,False
15745533,Low Balance,0,Aligned,False,False
15761497,High Balance,3,Aligned,True,True
15628600,High Balance,3,Aligned,True,False
15627002,Low Balance,2,Aligned,False,False
15614635,High Balance,0,High Balance / Low Salary (Unusual Profile),False,False
15731281,High Balance,0,High Balance / Low Salary (Unusual Profile),False,False
15814022,Low Balance,0,Aligned,False,False
15659194,Low Balance,0,Aligned,False,False
15745030,Low Balance,3,High Salary / Low Balance (Wallet-Share Risk),False,False
15691817,Zero Balance,0,Aligned,False,False
15707488,Zero Balance,2,High Salary / Low Balance (Wallet-Share Risk),False,False
15784700,Low Balance,3,High Salary / Low Balance (Wallet-Share Risk),False,False
15710397,Zero Balance,2,High Salary / Low Balance (Wallet-Share Risk),False,False
15687648,Zero Balance,1,Aligned,False,False
15732281,High Balance,1,High Balance / Low Salary (Unusual Profile),False,False
15607230,High Balance,1,High Balance / Low Salary (Unusual Profile),False,False
15567630,Low Balance,2,Aligned,False,False
15587507,Zero Balance,3,High Salary / Low Balance (Wallet-Share Risk),False,False
15733904,High Balance,0,High Balance / Low Salary (Unusual Profile),False,False
15709511,Zero Balance,2,High Salary / Low Balance (Wallet-Share Risk),False,False
15579616,Zero Balance,3,High Salary / Low Balance (Wallet-Share Risk),False,False
15694852,Medium Balance,0,High Balance / Low Salary (Unusual Profile),False,False
15589924,Zero Balance,2,High Salary / Low Balance (Wallet-Share Risk),False,False
15799300,Low Balance,0,Aligned,False,False
15731330,Low Balance,2,Aligned,False,False
15694129,Low Balance,0,Aligned,False,False
15620372,Zero Balance,0,Aligned,False,False
15744622,Low Balance,2,Aligned,False,False
15799815,High Balance,0,High Balance / Low Salary (Unusual Profile),False,False
15759250,Low Balance,0,Aligned,False,False
15732643,Medium Balance,1,Aligned,False,False
15690540,Medium Balance,3,Aligned,False,False
15803078,Zero Balance,1,Aligned,False,False
15652180,Zero Balance,2,High Salary / Low Balance (Wallet-Share Risk),False,False
15741195,Zero Balance,3,High Salary / Low Balance (Wallet-Share Risk),False,False
15743490,Low Balance,0,Aligned,False,False
15575510,High Balance,3,Aligned,True,False
15732610,Zero Balance,3,High Salary / Low Balance (Wallet-Share Risk),False,False
15602909,Zero Balance,3,High Salary / Low Balance (Wallet-Share Risk),False,False
15734058,High Balance,0,High Balance / Low Salary (Unusual Profile),False,False
15801788,High Balance,3,Aligned,True,True
15702462,Low Balance,2,Aligned,False,False
15683416,Low Balance,3,High Salary / Low Balance (Wallet-Share Risk),False,False
15794187,Low Balance,2,Aligned,False,False
15792989,Low Balance,0,Aligned,False,False
15613734,Low Balance,2,Aligned,False,False
15606177,Zero Balance,1,Aligned,False,False
15636700,High Balance,2,Aligned,False,False
15645766,Zero Balance,0,Aligned,False,False
15671345,Low Balance,1,Aligned,False,False
15652469,Zero Balance,1,Aligned,False,False
15749638,Low Balance,3,High Salary / Low Balance (Wallet-Share Risk),False,False
15728706,Zero Balance,0,Aligned,False,False
15735439,Low Balance,1,Aligned,False,False
15778696,High Balance,2,Aligned,False,False
15624744,Low Balance,1,Aligned,False,False
15584338,Zero Balance,1,Aligned,False,False
15726178,Zero Balance,3,High Salary / Low Balance (Wallet-Share Risk),False,False
15794939,Medium Balance,2,Aligned,False,False
15788068,High Balance,0,High Balance / Low Salary (Unusual Profile),False,False
15572956,Low Balance,2,Aligned,False,False
15780386,Low Balance,3,High Salary / Low Balance (Wallet-Share Risk),False,False
15791114,Medium Balance,3,Aligned,False,False
15708046,Low Balance,3,High Salary / Low Balance (Wallet-Share Risk),False,False
15719779,High Balance,1,High Balance / Low Salary (Unusual Profile),False,False
15591550,Low Balance,1,Aligned,False,False
15639368,Low Balance,3,High Salary / Low Balance (Wallet-Share Risk),False,False
15699830,Zero Balance,2,High Salary / Low Balance (Wallet-Share Risk),False,False
15569264,High Balance,2,Aligned,False,False
15595158,High Balance,2,Aligned,False,False
15599126,Medium Balance,1,Aligned,False,False
15650575,Zero Balance,3,High Salary / Low Balance (Wallet-Share Risk),False,False
15641490,Low Balance,1,Aligned,False,False
15680234,Medium Balance,3,Aligned,False,False
15592230,Zero Balance,2,High Salary / Low Balance (Wallet-Share Risk),False,False
15626212,Zero Balance,3,High Salary / Low Balance (Wallet-Share Risk),False,False
15700627,High Balance,3,Aligned,True,True
15782641,Low Balance,3,High Salary / Low Balance (Wallet-Share Risk),False,False
15784445,Low Balance,3,High Salary / Low Balance (Wallet-Share Risk),False,False
15813681,Medium Balance,2,Aligned,False,False
15596649,Zero Balance,2,High Salary / Low Balance (Wallet-Share Risk),False,False
15700460,Medium Balance,2,Aligned,False,False
15724076,Zero Balance,0,Aligned,False,False
15784000,Low Balance,3,High Salary / Low Balance (Wallet-Share Risk),False,False
15733966,Medium Balance,0,High Balance / Low Salary (Unusual Profile),False,False
15612667,Zero Balance,2,High Salary / Low Balance (Wallet-Share Risk),False,False
15654025,Low Balance,2,Aligned,False,False
15589431,High Balance,1,High Balance / Low Salary (Unusual Profile),False,False
15578238,Zero Balance,3,High Salary / Low Balance (Wallet-Share Risk),False,False
15566269,Zero Balance,0,Aligned,False,False
15639217,Zero Balance,2,High Salary / Low Balance (Wallet-Share Risk),False,False
15688644,Medium Balance,2,Aligned,False,False
15662426,Zero Balance,1,Aligned,False,False
15720511,High Balance,3,Aligned,True,True
15567246,Low Balance,2,Aligned,False,False
15647965,Low Balance,1,Aligned,False,False
15679048,Medium Balance,2,Aligned,False,False
15675749,Zero Balance,2,High Salary / Low Balance (Wallet-Share Risk),False,False
15782181,Low Balance,1,Aligned,False,False
15795738,High Balance,3,Aligned,True,False
15773751,Medium Balance,3,Aligned,False,False
15655436,Medium Balance,3,Aligned,False,False
15691396,Medium Balance,1,Aligned,False,False
15796958,Zero Balance,0,Aligned,False,False
15801832,Low Balance,0,Aligned,False,False
15661349,Zero Balance,1,Aligned,False,False
15719265,Zero Balance,3,High Salary / Low Balance (Wallet-Share Risk),False,False
15779985,Medium Balance,0,High Balance / Low Salary (Unusual Profile),False,False
15663410,Medium Balance,3,Aligned,False,False
15704144,Medium Balance,2,Aligned,False,False
15774104,Zero Balance,0,Aligned,False,False
15812230,Low Balance,2,Aligned,False,False
15742848,Zero Balance,1,Aligned,False,False
15745326,Low Balance,0,Aligned,False,False
15674541,Medium Balance,2,Aligned,False,False
15728564,Zero Balance,2,High Salary / Low Balance (Wallet-Share Risk),False,False
15580701,High Balance,1,High Balance / Low Salary (Unusual Profile),False,False
15688973,Zero Balance,1,Aligned,False,False
15709412,Zero Balance,1,Aligned,False,False
15607753,Low Balance,1,Aligned,False,False
15705352,Low Balance,1,Aligned,False,False
15602500,High Balance,2,Aligned,False,False
15672437,High Balance,2,Aligned,False,False
15720968,Medium Balance,2,Aligned,False,False
15730796,Low Balance,3,High Salary / Low Balance (Wallet-Share Risk),False,False
15768219,Zero Balance,2,High Salary / Low Balance (Wallet-Share Risk),False,False
15663883,High Balance,3,Aligned,True,False
15589296,Low Balance,1,Aligned,False,False
15586425,Zero Balance,3,High Salary / Low Balance (Wallet-Share Risk),False,False
15679813,Zero Balance,0,Aligned,False,False
15681410,Low Balance,0,Aligned,False,False
15668283,Low Balance,1,Aligned,False,False
15624072,Zero Balance,3,High Salary / Low Balance (Wallet-Share Risk),False,False
15669664,Low Balance,0,Aligned,False,False
15682728,Zero Balance,2,High Salary / Low Balance (Wallet-Share Risk),False,False
15573851,Zero Balance,1,Aligned,False,False
15733661,Medium Balance,0,High Balance / Low Salary (Unusual Profile),False,False
15710012,Zero Balance,0,Aligned,False,False
15763327,Medium Balance,0,High Balance / Low Salary (Unusual Profile),False,False
15668853,High Balance,2,Aligned,False,False
15639303,Medium Balance,2,Aligned,False,False
15691011,High Balance,2,Aligned,False,False
15638513,High Balance,0,High Balance / Low Salary (Unusual Profile),False,False
15648933,Low Balance,0,Aligned,False,False
15628904,Low Balance,0,Aligned,False,False
15644788,Zero Balance,3,High Salary / Low Balance (Wallet-Share Risk),False,False
15598161,Zero Balance,3,High Salary / Low Balance (Wallet-Share Risk),False,False
15745624,Zero Balance,1,Aligned,False,False
15733169,Medium Balance,3,Aligned,False,False
15801417,Low Balance,2,Aligned,False,False
15592707,High Balance,1,High Balance / Low Salary (Unusual Profile),False,False
15593954,Low Balance,2,Aligned,False,False
15714431,Low Balance,2,Aligned,False,False
15638257,Low Balance,1,Aligned,False,False
15690939,Zero Balance,0,Aligned,False,False
15723613,Zero Balance,0,Aligned,False,False
15813640,Zero Balance,0,Aligned,False,False
15707322,Low Balance,1,Aligned,False,False
15588918,Zero Balance,3,High Salary / Low Balance (Wallet-Share Risk),False,False
15600357,High Balance,3,Aligned,True,True
15747014,Low Balance,1,Aligned,False,False
15809830,Zero Balance,1,Aligned,False,False
15662245,Zero Balance,0,Aligned,False,False
15651075,High Balance,3,Aligned,True,False
15594456,Low Balance,1,Aligned,False,False
15583462,High Balance,1,High Balance / Low Salary (Unusual Profile),False,False
15757661,Zero Balance,1,Aligned,False,False
15729117,Low Balance,3,High Salary / Low Balance (Wallet-Share Risk),False,False
15749671,Zero Balance,1,Aligned,False,False
15566253,High Balance,2,Aligned,False,False
15595153,Low Balance,2,Aligned,False,False
15698572,Zero Balance,0,Aligned,False,False
15674149,Medium Balance,0,High Balance / Low Salary (Unusual Profile),False,False
15623082,Zero Balance,1,Aligned,False,False
15797905,Zero Balance,1,Aligned,False,False
15746028,Zero Balance,3,High Salary / Low Balance (Wallet-Share Risk),False,False
15582951,Medium Balance,2,Aligned,False,False
15616471,Zero Balance,3,High Salary / Low Balance (Wallet-Share Risk),False,False
15641575,Medium Balance,1,Aligned,False,False
15638803,Zero Balance,2,High Salary / Low Balance (Wallet-Share Risk),False,False
15808283,Zero Balance,3,High Salary / Low Balance (Wallet-Share Risk),False,False
15811200,Zero Balance,3,High Salary / Low Balance (Wallet-Share Risk),False,False
15733476,Low Balance,3,High Salary / Low Balance (Wallet-Share Risk),False,False
15633274,High Balance,2,Aligned,False,False
15582168,High Balance,2,Aligned,False,False
15807269,High Balance,2,Aligned,False,False
15602979,Medium Balance,1,Aligned,False,False
15660417,Medium Balance,1,Aligned,False,False
15590199,Low Balance,1,Aligned,False,False
15641794,Medium Balance,0,High Balance / Low Salary (Unusual Profile),False,False
15779174,Zero Balance,3,High Salary / Low Balance (Wallet-Share Risk),False,False
15785547,High Balance,1,High Balance / Low Salary (Unusual Profile),False,False
15795124,Low Balance,0,Aligned,False,False
15718912,Medium Balance,2,Aligned,False,False
15592028,Zero Balance,2,High Salary / Low Balance (Wallet-Share Risk),False,False
15580227,Zero Balance,2,High Salary / Low Balance (Wallet-Share Risk),False,False
15657830,Low Balance,3,High Salary / Low Balance (Wallet-Share Risk),False,False
15798256,High Balance,1,High Balance / Low Salary (Unusual Profile),False,False
15643819,Zero Balance,1,Aligned,False,False
15754301,Zero Balance,0,Aligned,False,False
15726855,Low Balance,3,High Salary / Low Balance (Wallet-Share Risk),False,False
15755225,Medium Balance,3,Aligned,False,False
15725221,Low Balance,0,Aligned,False,False
15789055,Low Balance,1,Aligned,False,False
15617507,Zero Balance,1,Aligned,False,False
15668894,Medium Balance,2,Aligned,False,False
15589563,Low Balance,0,Aligned,False,False
15693162,Low Balance,2,Aligned,False,False
15750099,Zero Balance,3,High Salary / Low Balance (Wallet-Share Risk),False,False
15795540,Medium Balance,3,Aligned,False,False
15794941,Low Balance,3,High Salary / Low Balance (Wallet-Share Risk),False,False
15611848,Medium Balance,3,Aligned,False,False
15581237,High Balance,3,Aligned,True,False
15738150,Zero Balance,3,High Salary / Low Balance (Wallet-Share Risk),False,False
15678571,Zero Balance,0,Aligned,False,False
15736124,Low Balance,2,Aligned,False,False
15623202,Low Balance,3,High Salary / Low Balance (Wallet-Share Risk),False,False
15804201,Medium Balance,2,Aligned,False,False
15596863,High Balance,0,High Balance / Low Salary (Unusual Profile),False,False
15696277,Zero Balance,2,High Salary / Low Balance (Wallet-Share Risk),False,False
15748608,High Balance,0,High Balance / Low Salary (Unusual Profile),False,False
15723864,Low Balance,1,Aligned,False,False
15802390,Zero Balance,2,High Salary / Low Balance (Wallet-Share Risk),False,False
15774336,Low Balance,1,Aligned,False,False
15648766,Low Balance,1,Aligned,False,False
15659094,Medium Balance,0,High Balance / Low Salary (Unusual Profile),False,False
15606397,High Balance,0,High Balance / Low Salary (Unusual Profile),False,False
15642619,Zero Balance,3,High Salary / Low Balance (Wallet-Share Risk),False,False
15666032,Medium Balance,0,High Balance / Low Salary (Unusual Profile),False,False
15595842,Medium Balance,1,Aligned,False,False
15753837,Zero Balance,3,High Salary / Low Balance (Wallet-Share Risk),False,False
15783882,Zero Balance,1,Aligned,False,False
15799790,Zero Balance,0,Aligned,False,False
15628155,Low Balance,2,Aligned,False,False
15703778,Medium Balance,0,High Balance / Low Salary (Unusual Profile),False,False
15722322,Zero Balance,3,High Salary / Low Balance (Wallet-Share Risk),False,False
15639278,High Balance,3,Aligned,True,False
15568487,Medium Balance,1,Aligned,False,False
15682084,Zero Balance,0,Aligned,False,False
15642821,Low Balance,2,Aligned,False,False
15601387,Zero Balance,1,Aligned,False,False
15642515,Zero Balance,1,Aligned,False,False
15710421,Low Balance,2,Aligned,False,False
15726774,Low Balance,0,Aligned,False,False
15649078,Low Balance,2,Aligned,False,False
15641877,Low Balance,0,Aligned,False,False
15796496,Medium Balance,3,Aligned,False,False
15815690,Low Balance,1,Aligned,False,False
15631739,Medium Balance,2,Aligned,False,False
15625584,Medium Balance,1,Aligned,False,False
15802466,Zero Balance,1,Aligned,False,False
15697028,Low Balance,3,High Salary / Low Balance (Wallet-Share Risk),False,False
15575759,Low Balance,2,Aligned,False,False
15567442,Zero Balance,0,Aligned,False,False
15746805,Zero Balance,0,Aligned,False,False
15636330,High Balance,0,High Balance / Low Salary (Unusual Profile),False,False
15714970,Low Balance,0,Aligned,False,False
15653784,Medium Balance,1,Aligned,False,False
15693543,Zero Balance,0,Aligned,False,False
15773283,Low Balance,0,Aligned,False,False
15742534,Medium Balance,3,Aligned,False,False
15569878,Low Balance,0,Aligned,False,False
15729454,Zero Balance,3,High Salary / Low Balance (Wallet-Share Risk),False,False
15578375,Zero Balance,2,High Salary / Low Balance (Wallet-Share Risk),False,False
15785559,Medium Balance,2,Aligned,False,False
15649414,High Balance,0,High Balance / Low Salary (Unusual Profile),False,False
15701605,High Balance,1,High Balance / Low Salary (Unusual Profile),False,False
15686696,Low Balance,1,Aligned,False,False
15625586,Zero Balance,3,High Salary / Low Balance (Wallet-Share Risk),False,False
15654975,Medium Balance,3,Aligned,False,False
15782993,Medium Balance,2,Aligned,False,False
15774382,High Balance,2,Aligned,False,False
15689602,Medium Balance,0,High Balance / Low Salary (Unusual Profile),False,False
15756155,Zero Balance,1,Aligned,False,False
15812647,Medium Balance,1,Aligned,False,False
15736043,Low Balance,1,Aligned,False,False
15696744,Low Balance,3,High Salary / Low Balance (Wallet-Share Risk),False,False
15602572,Zero Balance,2,High Salary / Low Balance (Wallet-Share Risk),False,False
15674765,Zero Balance,0,Aligned,False,False
15678725,Zero Balance,2,High Salary / Low Balance (Wallet-Share Risk),False,False
15694444,High Balance,3,Aligned,True,True
15795878,Zero Balance,3,High Salary / Low Balance (Wallet-Share Risk),False,False
15735346,Medium Balance,1,Aligned,False,False
15687094,Low Balance,0,Aligned,False,False
15790067,High Balance,1,High Balance / Low Salary (Unusual Profile),False,False
15605742,Low Balance,0,Aligned,False,False
15566740,Low Balance,2,Aligned,False,False
15664897,High Balance,1,High Balance / Low Salary (Unusual Profile),False,False
15585777,Medium Balance,3,Aligned,False,False
15650864,Zero Balance,0,Aligned,False,False
15806709,Low Balance,1,Aligned,False,False
15633818,Zero Balance,2,High Salary / Low Balance (Wallet-Share Risk),False,False
15713845,High Balance,3,Aligned,True,True
15639662,Zero Balance,0,Aligned,False,False
15567013,Zero Balance,0,Aligned,False,False
15777784,High Balance,3,Aligned,True,False
15800251,Low Balance,1,Aligned,False,False
15651315,Zero Balance,2,High Salary / Low Balance (Wallet-Share Risk),False,False
15651450,Medium Balance,2,Aligned,False,False
15784218,Zero Balance,0,Aligned,False,False
15572398,Zero Balance,3,High Salary / Low Balance (Wallet-Share Risk),False,False
15707962,Low Balance,0,Aligned,False,False
15705663,High Balance,3,Aligned,True,False
15645355,Medium Balance,0,High Balance / Low Salary (Unusual Profile),False,False
15729557,Medium Balance,3,Aligned,False,False
15631436,Zero Balance,3,High Salary / Low Balance (Wallet-Share Risk),False,False
15583073,Zero Balance,0,Aligned,False,False
15614361,Medium Balance,0,High Balance / Low Salary (Unusual Profile),False,False
15724684,Low Balance,1,Aligned,False,False
15700083,Medium Balance,0,High Balance / Low Salary (Unusual Profile),False,False
15636541,High Balance,0,High Balance / Low Salary (Unusual Profile),False,False
15796015,Medium Balance,0,High Balance / Low Salary (Unusual Profile),False,False
15787222,Low Balance,2,Aligned,False,False
15594270,High Balance,0,High Balance / Low Salary (Unusual Profile),False,False
15701524,Zero Balance,0,Aligned,False,False
15645847,Low Balance,2,Aligned,False,False
15708867,Medium Balance,0,High Balance / Low Salary (Unusual Profile),False,False
15613140,Zero Balance,1,Aligned,False,False
15628893,Zero Balance,1,Aligned,False,False
15764073,Zero Balance,0,Aligned,False,False
15782879,Zero Balance,3,High Salary / Low Balance (Wallet-Share Risk),False,False
15635964,Medium Balance,2,Aligned,False,False
15726087,Zero Balance,2,High Salary / Low Balance (Wallet-Share Risk),False,False
15726313,Zero Balance,2,High Salary / Low Balance (Wallet-Share Risk),False,False
15578073,Zero Balance,2,High Salary / Low Balance (Wallet-Share Risk),False,False
15786249,Zero Balance,3,High Salary / Low Balance (Wallet-Share Risk),False,False
15812850,Zero Balance,1,Aligned,False,False
15596972,Zero Balance,2,High Salary / Low Balance (Wallet-Share Risk),False,False
15620579,Zero Balance,2,High Salary / Low Balance (Wallet-Share Risk),False,False
15768270,Zero Balance,2,High Salary / Low Balance (Wallet-Share Risk),False,False
15656597,Medium Balance,1,Aligned,False,False
15699446,High Balance,0,High Balance / Low Salary (Unusual Profile),False,False
15615004,Zero Balance,2,High Salary / Low Balance (Wallet-Share Risk),False,False
15704771,Medium Balance,1,Aligned,False,False
15588372,Low Balance,2,Aligned,False,False
15681439,Low Balance,0,Aligned,False,False
15607509,Zero Balance,0,Aligned,False,False
15670343,Zero Balance,1,Aligned,False,False
15597968,Zero Balance,3,High Salary / Low Balance (Wallet-Share Risk),False,False
15658432,Zero Balance,0,Aligned,False,False
15616431,Zero Balance,2,High Salary / Low Balance (Wallet-Share Risk),False,False
15796957,Zero Balance,1,Aligned,False,False
15815552,Low Balance,1,Aligned,False,False
15631871,Low Balance,2,Aligned,False,False
15635870,Low Balance,3,High Salary / Low Balance (Wallet-Share Risk),False,False
15596713,High Balance,1,High Balance / Low Salary (Unusual Profile),False,False
15684211,High Balance,3,Aligned,True,True
15760521,Low Balance,3,High Salary / Low Balance (Wallet-Share Risk),False,False
15608408,Zero Balance,3,High Salary / Low Balance (Wallet-Share Risk),False,False
15804721,High Balance,1,High Balance / Low Salary (Unusual Profile),False,False
15730272,High Balance,1,High Balance / Low Salary (Unusual Profile),False,False
15741988,Medium Balance,0,High Balance / Low Salary (Unusual Profile),False,False
15771728,Low Balance,0,Aligned,False,False
15605113,Medium Balance,2,Aligned,False,False
15661945,Zero Balance,0,Aligned,False,False
15783816,Zero Balance,0,Aligned,False,False
15721207,Low Balance,1,Aligned,False,False
15764072,Low Balance,0,Aligned,False,False
15689412,Medium Balance,0,High Balance / Low Salary (Unusual Profile),False,False
15798385,Zero Balance,1,Aligned,False,False
15775339,Low Balance,0,Aligned,False,False
15585256,Zero Balance,0,Aligned,False,False
15797329,Medium Balance,2,Aligned,False,False
15780220,Zero Balance,2,High Salary / Low Balance (Wallet-Share Risk),False,False
15648951,Zero Balance,3,High Salary / Low Balance (Wallet-Share Risk),False,False
15752409,Zero Balance,2,High Salary / Low Balance (Wallet-Share Risk),False,False
15807524,Zero Balance,2,High Salary / Low Balance (Wallet-Share Risk),False,False
15766649,Low Balance,2,Aligned,False,False
15696812,Zero Balance,2,High Salary / Low Balance (Wallet-Share Risk),False,False
15581295,Zero Balance,2,High Salary / Low Balance (Wallet-Share Risk),False,False
15663234,High Balance,2,Aligned,False,False
15741417,Low Balance,0,Aligned,False,False
15695174,Medium Balance,2,Aligned,False,False
15665168,Low Balance,3,High Salary / Low Balance (Wallet-Share Risk),False,False
15601503,Zero Balance,0,Aligned,False,False
15706131,Low Balance,0,Aligned,False,False
15782758,High Balance,3,Aligned,True,False
15591091,Low Balance,3,High Salary / Low Balance (Wallet-Share Risk),False,False
15715877,Zero Balance,0,Aligned,False,False
15756918,Zero Balance,0,Aligned,False,False
15746662,Low Balance,0,Aligned,False,False
15626679,Zero Balance,1,Aligned,False,False
15793343,Zero Balance,3,High Salary / Low Balance (Wallet-Share Risk),False,False
15576774,Zero Balance,0,Aligned,False,False
15801316,Low Balance,0,Aligned,False,False
15800514,Low Balance,3,High Salary / Low Balance (Wallet-Share Risk),False,False
15662232,Low Balance,0,Aligned,False,False
15737778,Zero Balance,2,High Salary / Low Balance (Wallet-Share Risk),False,False
15782096,Zero Balance,0,Aligned,False,False
15783522,Low Balance,2,Aligned,False,False
15785373,High Balance,1,High Balance / Low Salary (Unusual Profile),False,False
15756272,Low Balance,0,Aligned,False,False
15615245,Medium Balance,0,High Balance / Low Salary (Unusual Profile),False,False
15600174,High Balance,1,High Balance / Low Salary (Unusual Profile),False,False
15752956,Zero Balance,1,Aligned,False,False
15644882,Low Balance,2,Aligned,False,False
15766272,Medium Balance,2,Aligned,False,False
15800620,Zero Balance,3,High Salary / Low Balance (Wallet-Share Risk),False,False
15569764,High Balance,3,Aligned,True,True
15747458,Medium Balance,1,Aligned,False,False
15573171,High Balance,2,Aligned,False,False
15736769,Zero Balance,3,High Salary / Low Balance (Wallet-Share Risk),False,False
15763381,Low Balance,0,Aligned,False,False
15814430,Zero Balance,0,Aligned,False,False
15638607,Zero Balance,2,High Salary / Low Balance (Wallet-Share Risk),False,False
15737133,Low Balance,0,Aligned,False,False
15613945,Zero Balance,2,High Salary / Low Balance (Wallet-Share Risk),False,False
15659937,Zero Balance,2,High Salary / Low Balance (Wallet-Share Risk),False,False
15765287,Zero Balance,0,Aligned,False,False
15661723,Medium Balance,1,Aligned,False,False
15766064,Low Balance,2,Aligned,False,False
15649616,Medium Balance,2,Aligned,False,False
15719017,Zero Balance,0,Aligned,False,False
15720919,Zero Balance,2,High Salary / Low Balance (Wallet-Share Risk),False,False
15706706,Medium Balance,3,Aligned,False,False
15709653,Zero Balance,1,Aligned,False,False
15805104,Zero Balance,2,High Salary / Low Balance (Wallet-Share Risk),False,False
15622442,Zero Balance,3,High Salary / Low Balance (Wallet-Share Risk),False,False
15572801,Medium Balance,0,High Balance / Low Salary (Unusual Profile),False,False
15767598,Zero Balance,3,High Salary / Low Balance (Wallet-Share Risk),False,False
15757897,Low Balance,0,Aligned,False,False
15568104,Zero Balance,0,Aligned,False,False
15763414,Low Balance,1,Aligned,False,False
15732265,Zero Balance,1,Aligned,False,False
15621974,Low Balance,1,Aligned,False,False
15803947,High Balance,1,High Balance / Low Salary (Unusual Profile),False,False
15720706,Low Balance,2,Aligned,False,False
15759290,Zero Balance,0,Aligned,False,False
15651664,Low Balance,1,Aligned,False,False
15795132,Low Balance,0,Aligned,False,False
15811565,Low Balance,0,Aligned,False,False
15713774,Low Balance,3,High Salary / Low Balance (Wallet-Share Risk),False,False
15691840,High Balance,2,Aligned,False,False
15682021,Low Balance,2,Aligned,False,False
15612931,Medium Balance,2,Aligned,False,False
15676707,Zero Balance,1,Aligned,False,False
15601383,Medium Balance,1,Aligned,False,False
15662662,Zero Balance,1,Aligned,False,False
15752694,Low Balance,0,Aligned,False,False
15590683,High Balance,0,High Balance / Low Salary (Unusual Profile),False,False
15773591,Low Balance,1,Aligned,False,False
15723620,Zero Balance,0,Aligned,False,False
15671779,Zero Balance,3,High Salary / Low Balance (Wallet-Share Risk),False,False
15672966,Zero Balance,2,High Salary / Low Balance (Wallet-Share Risk),False,False
15624667,Medium Balance,1,Aligned,False,False
15812888,Zero Balance,3,High Salary / Low Balance (Wallet-Share Risk),False,False
15724154,Medium Balance,2,Aligned,False,False
15749540,Zero Balance,1,Aligned,False,False
15621063,Low Balance,0,Aligned,False,False
15661626,Low Balance,1,Aligned,False,False
15698703,High Balance,2,Aligned,False,False
15801431,Low Balance,0,Aligned,False,False
15649451,Zero Balance,1,Aligned,False,False
15626156,Zero Balance,1,Aligned,False,False
15606158,Zero Balance,0,Aligned,False,False
15589496,Medium Balance,1,Aligned,False,False
15730345,Low Balance,2,Aligned,False,False
15572038,Low Balance,3,High Salary / Low Balance (Wallet-Share Risk),False,False
15643439,Zero Balance,0,Aligned,False,False
15604158,Zero Balance,0,Aligned,False,False
15657396,Zero Balance,2,High Salary / Low Balance (Wallet-Share Risk),False,False
15709478,Low Balance,3,High Salary / Low Balance (Wallet-Share Risk),False,False
15628824,High Balance,3,Aligned,True,False
15814519,Zero Balance,3,High Salary / Low Balance (Wallet-Share Risk),False,False
15636520,Medium Balance,0,High Balance / Low Salary (Unusual Profile),False,False
15794414,Low Balance,1,Aligned,False,False
15643671,Low Balance,3,High Salary / Low Balance (Wallet-Share Risk),False,False
15700650,Zero Balance,1,Aligned,False,False
15680224,Zero Balance,0,Aligned,False,False
15784286,Low Balance,2,Aligned,False,False
15693996,Low Balance,2,Aligned,False,False
15764343,High Balance,0,High Balance / Low Salary (Unusual Profile),False,False
15704168,Medium Balance,1,Aligned,False,False
15680197,Zero Balance,2,High Salary / Low Balance (Wallet-Share Risk),False,False
15633729,Low Balance,0,Aligned,False,False
15577683,Zero Balance,2,High Salary / Low Balance (Wallet-Share Risk),False,False
15800746,High Balance,2,Aligned,False,False
15788686,Zero Balance,0,Aligned,False,False
15742798,High Balance,3,Aligned,True,True
15596647,Low Balance,1,Aligned,False,False
15756070,Zero Balance,2,High Salary / Low Balance (Wallet-Share Risk),False,False
15775116,Zero Balance,1,Aligned,False,False
15575428,Low Balance,0,Aligned,False,False
15654074,Low Balance,3,High Salary / Low Balance (Wallet-Share Risk),False,False
15695872,Low Balance,3,High Salary / Low Balance (Wallet-Share Risk),False,False
15568885,Low Balance,2,Aligned,False,False
15725036,Low Balance,1,Aligned,False,False
15632665,Zero Balance,2,High Salary / Low Balance (Wallet-Share Risk),False,False
15571476,Low Balance,3,High Salary / Low Balance (Wallet-Share Risk),False,False
15776850,Medium Balance,3,Aligned,False,False
15623649,Zero Balance,0,Aligned,False,False
15751131,High Balance,3,Aligned,True,False
15688128,Low Balance,2,Aligned,False,False
15678412,Low Balance,0,Aligned,False,False
15770291,Zero Balance,2,High Salary / Low Balance (Wallet-Share Risk),False,False
15583392,Medium Balance,1,Aligned,False,False
15690731,Medium Balance,3,Aligned,False,False
15697948,Zero Balance,0,Aligned,False,False
15608328,Zero Balance,2,High Salary / Low Balance (Wallet-Share Risk),False,False
15766378,Low Balance,3,High Salary / Low Balance (Wallet-Share Risk),False,False
15600813,Low Balance,2,Aligned,False,False
15706217,Low Balance,0,Aligned,False,False
15601417,High Balance,1,High Balance / Low Salary (Unusual Profile),False,False
15610972,Low Balance,0,Aligned,False,False
15674620,Low Balance,3,High Salary / Low Balance (Wallet-Share Risk),False,False
15785350,Low Balance,3,High Salary / Low Balance (Wallet-Share Risk),False,False
15749119,Zero Balance,2,High Salary / Low Balance (Wallet-Share Risk),False,False
15756535,Low Balance,1,Aligned,False,False
15700965,Zero Balance,3,High Salary / Low Balance (Wallet-Share Risk),False,False
15791851,High Balance,2,Aligned,False,False
15717156,High Balance,0,High Balance / Low Salary (Unusual Profile),False,False
15740846,Medium Balance,1,Aligned,False,False
15573284,Zero Balance,0,Aligned,False,False
15729083,High Balance,0,High Balance / Low Salary (Unusual Profile),False,False
15611612,Zero Balance,0,Aligned,False,False
15694381,Low Balance,3,High Salary / Low Balance (Wallet-Share Risk),False,False
15651737,Low Balance,1,Aligned,False,False
15663168,Low Balance,3,High Salary / Low Balance (Wallet-Share Risk),False,False
15643426,Low Balance,0,Aligned,False,False
15618245,Low Balance,1,Aligned,False,False
15717527,High Balance,0,High Balance / Low Salary (Unusual Profile),False,False
15793478,High Balance,0,High Balance / Low Salary (Unusual Profile),False,False
15642248,Medium Balance,1,Aligned,False,False
15640377,Zero Balance,1,Aligned,False,False
15723950,Low Balance,2,Aligned,False,False
15590327,High Balance,1,High Balance / Low Salary (Unusual Profile),False,False
15706199,Low Balance,3,High Salary / Low Balance (Wallet-Share Risk),False,False
15671514,Zero Balance,2,High Salary / Low Balance (Wallet-Share Risk),False,False
15727041,Zero Balance,2,High Salary / Low Balance (Wallet-Share Risk),False,False
15738063,Zero Balance,0,Aligned,False,False
15711733,Zero Balance,2,High Salary / Low Balance (Wallet-Share Risk),False,False
15652320,Zero Balance,2,High Salary / Low Balance (Wallet-Share Risk),False,False
15634180,Low Balance,0,Aligned,False,False
15694566,Zero Balance,3,High Salary / Low Balance (Wallet-Share Risk),False,False
15726103,Low Balance,0,Aligned,False,False
15646351,Zero Balance,0,Aligned,False,False
15730044,Low Balance,3,High Salary / Low Balance (Wallet-Share Risk),False,False
15795186,Zero Balance,2,High Salary / Low Balance (Wallet-Share Risk),False,False
15784890,Zero Balance,0,Aligned,False,False
15694125,Zero Balance,1,Aligned,False,False
15565891,Zero Balance,1,Aligned,False,False
15674254,Zero Balance,3,High Salary / Low Balance (Wallet-Share Risk),False,False
15775206,Zero Balance,1,Aligned,False,False
15797627,Medium Balance,0,High Balance / Low Salary (Unusual Profile),False,False
15649853,Zero Balance,3,High Salary / Low Balance (Wallet-Share Risk),False,False
15610379,Low Balance,2,Aligned,False,False
15659800,Zero Balance,3,High Salary / Low Balance (Wallet-Share Risk),False,False
15716236,Zero Balance,0,Aligned,False,False
15672053,Zero Balance,1,Aligned,False,False
15663933,Low Balance,3,High Salary / Low Balance (Wallet-Share Risk),False,False
15814236,Low Balance,2,Aligned,False,False
15583597,Low Balance,1,Aligned,False,False
15607395,Low Balance,3,High Salary / Low Balance (Wallet-Share Risk),False,False
15694556,Low Balance,2,Aligned,False,False
15744109,Zero Balance,3,High Salary / Low Balance (Wallet-Share Risk),False,False
15800688,Zero Balance,2,High Salary / Low Balance (Wallet-Share Risk),False,False
15810878,High Balance,2,Aligned,False,False
15587835,Medium Balance,1,Aligned,False,False
15763515,Zero Balance,3,High Salary / Low Balance (Wallet-Share Risk),False,False
15725882,Medium Balance,1,Aligned,False,False
15788022,Low Balance,3,High Salary / Low Balance (Wallet-Share Risk),False,False
15663917,Low Balance,1,Aligned,False,False
15656865,Low Balance,0,Aligned,False,False
15667971,Low Balance,2,Aligned,False,False
15800366,Zero Balance,1,Aligned,False,False
15717231,Low Balance,1,Aligned,False,False
15643188,Low Balance,3,High Salary / Low Balance (Wallet-Share Risk),False,False
15671351,Zero Balance,1,Aligned,False,False
15573628,High Balance,2,Aligned,False,False
15698953,Zero Balance,1,Aligned,False,False
15753888,Low Balance,0,Aligned,False,False
15737961,Low Balance,1,Aligned,False,False
15801701,Zero Balance,0,Aligned,False,False
15684419,Zero Balance,1,Aligned,False,False
15794266,High Balance,2,Aligned,False,False
15810711,Medium Balance,1,Aligned,False,False
15771270,Medium Balance,3,Aligned,False,False
15607786,High Balance,0,High Balance / Low Salary (Unusual Profile),False,False
15624519,Low Balance,1,Aligned,False,False
15799910,Zero Balance,3,High Salary / Low Balance (Wallet-Share Risk),False,False
15602479,Medium Balance,0,High Balance / Low Salary (Unusual Profile),False,False
15617419,Low Balance,0,Aligned,False,False
15657603,Low Balance,0,Aligned,False,False
15570379,Low Balance,1,Aligned,False,False
15772996,High Balance,1,High Balance / Low Salary (Unusual Profile),False,False
15729574,Zero Balance,3,High Salary / Low Balance (Wallet-Share Risk),False,False
15737267,Zero Balance,1,Aligned,False,False
15799128,Low Balance,1,Aligned,False,False
15813327,Low Balance,1,Aligned,False,False
15711921,Zero Balance,0,Aligned,False,False
15654300,Low Balance,2,Aligned,False,False
15569945,Zero Balance,1,Aligned,False,False
15569666,Zero Balance,3,High Salary / Low Balance (Wallet-Share Risk),False,False
15681887,Medium Balance,0,High Balance / Low Salary (Unusual Profile),False,False
15608873,Zero Balance,1,Aligned,False,False
15762091,Medium Balance,1,Aligned,False,False
15722053,Zero Balance,3,High Salary / Low Balance (Wallet-Share Risk),False,False
15782100,Low Balance,2,Aligned,False,False
15765300,Low Balance,2,Aligned,False,False
15743570,Zero Balance,2,High Salary / Low Balance (Wallet-Share Risk),False,False
15608541,Low Balance,2,Aligned,False,False
15750671,Zero Balance,3,High Salary / Low Balance (Wallet-Share Risk),False,False
15813659,Zero Balance,0,Aligned,False,False
15757867,High Balance,1,High Balance / Low Salary (Unusual Profile),False,False
15652914,Zero Balance,1,Aligned,False,False
15723818,Medium Balance,0,High Balance / Low Salary (Unusual Profile),False,False
15713819,Low Balance,3,High Salary / Low Balance (Wallet-Share Risk),False,False
15656484,Zero Balance,2,High Salary / Low Balance (Wallet-Share Risk),False,False
15778515,Low Balance,3,High Salary / Low Balance (Wallet-Share Risk),False,False
15803840,Zero Balance,3,High Salary / Low Balance (Wallet-Share Risk),False,False
15735339,Zero Balance,1,Aligned,False,False
15600392,Medium Balance,3,Aligned,False,False
15625740,High Balance,2,Aligned,False,False
15663817,Zero Balance,1,Aligned,False,False
15734461,Low Balance,3,High Salary / Low Balance (Wallet-Share Risk),False,False
15780142,Low Balance,0,Aligned,False,False
15709920,High Balance,0,High Balance / Low Salary (Unusual Profile),False,False
15684248,Zero Balance,3,High Salary / Low Balance (Wallet-Share Risk),False,False
15643158,Zero Balance,1,Aligned,False,False
15693902,Zero Balance,1,Aligned,False,False
15578307,Medium Balance,1,Aligned,False,False
15585379,Low Balance,3,High Salary / Low Balance (Wallet-Share Risk),False,False
15758510,Zero Balance,3,High Salary / Low Balance (Wallet-Share Risk),False,False
15692918,Low Balance,2,Aligned,False,False
15705301,Low Balance,3,High Salary / Low Balance (Wallet-Share Risk),False,False
15718231,Low Balance,3,High Salary / Low Balance (Wallet-Share Risk),False,False
15567991,High Balance,3,Aligned,True,False
15772650,Medium Balance,0,High Balance / Low Salary (Unusual Profile),False,False
15574795,Low Balance,0,Aligned,False,False
15706036,Medium Balance,0,High Balance / Low Salary (Unusual Profile),False,False
15723856,Low Balance,1,Aligned,False,False
15812920,Low Balance,3,High Salary / Low Balance (Wallet-Share Risk),False,False
15691287,High Balance,1,High Balance / Low Salary (Unusual Profile),False,False
15804797,Medium Balance,1,Aligned,False,False
15708650,Low Balance,3,High Salary / Low Balance (Wallet-Share Risk),False,False
15712777,Medium Balance,0,High Balance / Low Salary (Unusual Profile),False,False
15786469,Zero Balance,1,Aligned,False,False
15669219,Low Balance,1,Aligned,False,False
15641004,High Balance,2,Aligned,False,False
15648067,Medium Balance,1,Aligned,False,False
15704014,High Balance,3,Aligned,True,True
15645136,Medium Balance,2,Aligned,False,False
15709604,Low Balance,3,High Salary / Low Balance (Wallet-Share Risk),False,False
15713637,Low Balance,3,High Salary / Low Balance (Wallet-Share Risk),False,False
15793901,Zero Balance,2,High Salary / Low Balance (Wallet-Share Risk),False,False
15569759,Zero Balance,3,High Salary / Low Balance (Wallet-Share Risk),False,False
15712930,Zero Balance,2,High Salary / Low Balance (Wallet-Share Risk),False,False
15586504,Zero Balance,0,Aligned,False,False
15677317,High Balance,2,Aligned,False,False
15664270,High Balance,3,Aligned,True,True
15731519,Zero Balance,2,High Salary / Low Balance (Wallet-Share Risk),False,False
15745623,Low Balance,1,Aligned,False,False
15813862,Medium Balance,3,Aligned,False,False
15641934,Low Balance,1,Aligned,False,False
15713043,Zero Balance,2,High Salary / Low Balance (Wallet-Share Risk),False,False
15700749,Zero Balance,0,Aligned,False,False
15697567,Zero Balance,0,Aligned,False,False
15715414,Low Balance,3,High Salary / Low Balance (Wallet-Share Risk),False,False
15639530,Zero Balance,3,High Salary / Low Balance (Wallet-Share Risk),False,False
15726058,Low Balance,1,Aligned,False,False
15725665,High Balance,3,Aligned,True,True
15698872,Zero Balance,3,High Salary / Low Balance (Wallet-Share Risk),False,False
15812184,Zero Balance,2,High Salary / Low Balance (Wallet-Share Risk),False,False
15742609,Low Balance,1,Aligned,False,False
15815043,Zero Balance,3,High Salary / Low Balance (Wallet-Share Risk),False,False
15640648,Zero Balance,0,Aligned,False,False
15627203,Zero Balance,3,High Salary / Low Balance (Wallet-Share Risk),False,False
15786196,Low Balance,1,Aligned,False,False
15612095,Zero Balance,2,High Salary / Low Balance (Wallet-Share Risk),False,False
15674368,Low Balance,3,High Salary / Low Balance (Wallet-Share Risk),False,False
15783477,Low Balance,0,Aligned,False,False
15757559,Zero Balance,0,Aligned,False,False
15591036,Medium Balance,2,Aligned,False,False
15761241,Medium Balance,2,Aligned,False,False
15695078,Zero Balance,3,High Salary / Low Balance (Wallet-Share Risk),False,False
15645744,Zero Balance,3,High Salary / Low Balance (Wallet-Share Risk),False,False
15566988,High Balance,0,High Balance / Low Salary (Unusual Profile),False,False
15749300,High Balance,0,High Balance / Low Salary (Unusual Profile),False,False
15594340,Medium Balance,3,Aligned,False,False
15607065,Low Balance,2,Aligned,False,False
15778089,Zero Balance,2,High Salary / Low Balance (Wallet-Share Risk),False,False
15773723,Low Balance,3,High Salary / Low Balance (Wallet-Share Risk),False,False
15697035,Zero Balance,1,Aligned,False,False
15679668,Low Balance,3,High Salary / Low Balance (Wallet-Share Risk),False,False
15709861,Medium Balance,0,High Balance / Low Salary (Unusual Profile),False,False
15791958,Zero Balance,3,High Salary / Low Balance (Wallet-Share Risk),False,False
15791030,Low Balance,2,Aligned,False,False
15695339,Low Balance,1,Aligned,False,False
15658813,Zero Balance,0,Aligned,False,False
15715709,Low Balance,3,High Salary / Low Balance (Wallet-Share Risk),False,False
15722533,Zero Balance,3,High Salary / Low Balance (Wallet-Share Risk),False,False
15683118,Zero Balance,2,High Salary / Low Balance (Wallet-Share Risk),False,False
15672798,High Balance,3,Aligned,True,False
15680112,Medium Balance,3,Aligned,False,False
15714575,Low Balance,0,Aligned,False,False
15806808,Low Balance,2,Aligned,False,False
15590637,Zero Balance,1,Aligned,False,False
15657535,Zero Balance,1,Aligned,False,False
15696141,Zero Balance,0,Aligned,False,False
15811947,Medium Balance,0,High Balance / Low Salary (Unusual Profile),False,False
15649024,Medium Balance,1,Aligned,False,False
15594928,Medium Balance,3,Aligned,False,False
15765532,Low Balance,3,High Salary / Low Balance (Wallet-Share Risk),False,False
15741719,High Balance,3,Aligned,True,False
15665629,Zero Balance,0,Aligned,False,False
15728917,Medium Balance,0,High Balance / Low Salary (Unusual Profile),False,False
15762993,Low Balance,2,Aligned,False,False
15571193,High Balance,0,High Balance / Low Salary (Unusual Profile),False,False
15653521,Low Balance,0,Aligned,False,False
15802220,Medium Balance,1,Aligned,False,False
15644132,High Balance,2,Aligned,False,False
15600832,Zero Balance,2,High Salary / Low Balance (Wallet-Share Risk),False,False
15797919,Low Balance,3,High Salary / Low Balance (Wallet-Share Risk),False,False
15603743,Low Balance,2,Aligned,False,False
15579714,Zero Balance,3,High Salary / Low Balance (Wallet-Share Risk),False,False
15634295,Low Balance,0,Aligned,False,False
15786680,Zero Balance,0,Aligned,False,False
15623499,Low Balance,2,Aligned,False,False
15691823,High Balance,3,Aligned,True,False
15809279,Low Balance,2,Aligned,False,False
15758039,Zero Balance,2,High Salary / Low Balance (Wallet-Share Risk),False,False
15807163,Zero Balance,1,Aligned,False,False
15631639,Low Balance,3,High Salary / Low Balance (Wallet-Share Risk),False,False
15713770,Low Balance,1,Aligned,False,False
15698167,High Balance,3,Aligned,True,True
15781710,Zero Balance,3,High Salary / Low Balance (Wallet-Share Risk),False,False
15801296,High Balance,3,Aligned,True,True
15704378,Medium Balance,3,Aligned,False,False
15767891,Low Balance,0,Aligned,False,False
15640667,Zero Balance,2,High Salary / Low Balance (Wallet-Share Risk),False,False
15702145,Low Balance,1,Aligned,False,False
15679738,Zero Balance,1,Aligned,False,False
15636634,Low Balance,1,Aligned,False,False
15809227,Zero Balance,1,Aligned,False,False
15601811,Low Balance,3,High Salary / Low Balance (Wallet-Share Risk),False,False
15625494,Medium Balance,2,Aligned,False,False
15723737,Zero Balance,0,Aligned,False,False
15682955,Low Balance,1,Aligned,False,False
15758856,Zero Balance,3,High Salary / Low Balance (Wallet-Share Risk),False,False
15746065,Medium Balance,0,High Balance / Low Salary (Unusual Profile),False,False
15783865,Low Balance,1,Aligned,False,False
15745455,Low Balance,1,Aligned,False,False
15583033,Zero Balance,1,Aligned,False,False
15644212,Zero Balance,2,High Salary / Low Balance (Wallet-Share Risk),False,False
15735688,Low Balance,1,Aligned,False,False
15658577,Low Balance,0,Aligned,False,False
15606887,Zero Balance,3,High Salary / Low Balance (Wallet-Share Risk),False,False
15783026,Zero Balance,0,Aligned,False,False
15579892,Low Balance,0,Aligned,False,False
15802088,Zero Balance,2,High Salary / Low Balance (Wallet-Share Risk),False,False
15589323,Zero Balance,0,Aligned,False,False
15636395,Zero Balance,0,Aligned,False,False
15712772,Low Balance,3,High Salary / Low Balance (Wallet-Share Risk),False,False
15700937,Zero Balance,1,Aligned,False,False
15766659,Zero Balance,3,High Salary / Low Balance (Wallet-Share Risk),False,False
15814033,Zero Balance,0,Aligned,False,False
15783007,Medium Balance,0,High Balance / Low Salary (Unusual Profile),False,False
15654183,Zero Balance,1,Aligned,False,False
15609899,Zero Balance,2,High Salary / Low Balance (Wallet-Share Risk),False,False
15747323,Low Balance,3,High Salary / Low Balance (Wallet-Share Risk),False,False
15582591,High Balance,2,Aligned,False,False
15738835,Low Balance,0,Aligned,False,False
15782404,Low Balance,0,Aligned,False,False
15697480,Zero Balance,2,High Salary / Low Balance (Wallet-Share Risk),False,False
15697045,Zero Balance,2,High Salary / Low Balance (Wallet-Share Risk),False,False
15781234,High Balance,2,Aligned,False,False
15579891,Low Balance,3,High Salary / Low Balance (Wallet-Share Risk),False,False
15805690,Zero Balance,2,High Salary / Low Balance (Wallet-Share Risk),False,False
15612139,Low Balance,3,High Salary / Low Balance (Wallet-Share Risk),False,False
15568834,Medium Balance,0,High Balance / Low Salary (Unusual Profile),False,False
15709917,Low Balance,2,Aligned,False,False
15718843,Low Balance,0,Aligned,False,False
15799494,High Balance,3,Aligned,True,False
15673439,High Balance,2,Aligned,False,False
15669011,Low Balance,3,High Salary / Low Balance (Wallet-Share Risk),False,False
15581388,High Balance,0,High Balance / Low Salary (Unusual Profile),False,False
15743153,Medium Balance,0,High Balance / Low Salary (Unusual Profile),False,False
15579787,Zero Balance,3,High Salary / Low Balance (Wallet-Share Risk),False,False
15759966,Low Balance,3,High Salary / Low Balance (Wallet-Share Risk),False,False
15601045,High Balance,1,High Balance / Low Salary (Unusual Profile),False,False
15764021,Low Balance,2,Aligned,False,False
15687218,Low Balance,0,Aligned,False,False
15626452,Zero Balance,2,High Salary / Low Balance (Wallet-Share Risk),False,False
15700964,Low Balance,3,High Salary / Low Balance (Wallet-Share Risk),False,False
15768887,Zero Balance,1,Aligned,False,False
15735358,Zero Balance,0,Aligned,False,False
15749472,Zero Balance,2,High Salary / Low Balance (Wallet-Share Risk),False,False
15685872,High Balance,3,Aligned,True,False
15760851,Zero Balance,1,Aligned,False,False
15734588,Zero Balance,0,Aligned,False,False
15784594,Medium Balance,2,Aligned,False,False
15606435,High Balance,2,Aligned,False,False
15790247,Zero Balance,0,Aligned,False,False
15676433,Zero Balance,1,Aligned,False,False
15625905,Zero Balance,1,Aligned,False,False
15626414,Low Balance,3,High Salary / Low Balance (Wallet-Share Risk),False,False
15623220,Zero Balance,0,Aligned,False,False
15752857,Low Balance,1,Aligned,False,False
15677908,Zero Balance,3,High Salary / Low Balance (Wallet-Share Risk),False,False
15773013,Zero Balance,0,Aligned,False,False
15623972,Medium Balance,1,Aligned,False,False
15738627,Zero Balance,0,Aligned,False,False
15643392,Low Balance,0,Aligned,False,False
15684868,Low Balance,2,Aligned,False,False
15627854,Zero Balance,2,High Salary / Low Balance (Wallet-Share Risk),False,False
15669253,High Balance,2,Aligned,False,False
15758023,Low Balance,1,Aligned,False,False
15574558,Zero Balance,0,Aligned,False,False
15635256,Low Balance,3,High Salary / Low Balance (Wallet-Share Risk),False,False
15680399,Zero Balance,0,Aligned,False,False
15674720,Medium Balance,1,Aligned,False,False
15580249,Zero Balance,1,Aligned,False,False
15675431,Zero Balance,0,Aligned,False,False
15698285,Low Balance,1,Aligned,False,False
15810775,Low Balance,0,Aligned,False,False
15678173,High Balance,3,Aligned,True,False
15665222,Medium Balance,0,High Balance / Low Salary (Unusual Profile),False,False
15803908,Zero Balance,1,Aligned,False,False
15586039,Low Balance,1,Aligned,False,False
15802570,Zero Balance,2,High Salary / Low Balance (Wallet-Share Risk),False,False
15781451,Medium Balance,2,Aligned,False,False
15721019,Low Balance,3,High Salary / Low Balance (Wallet-Share Risk),False,False
15738588,Medium Balance,1,Aligned,False,False
15730657,Low Balance,1,Aligned,False,False
15739292,Low Balance,3,High Salary / Low Balance (Wallet-Share Risk),False,False
15725945,Zero Balance,3,High Salary / Low Balance (Wallet-Share Risk),False,False
15813159,Low Balance,0,Aligned,False,False
15636820,Low Balance,1,Aligned,False,False
15603880,Low Balance,1,Aligned,False,False
15619494,Low Balance,2,Aligned,False,False
15596992,High Balance,1,High Balance / Low Salary (Unusual Profile),False,False
15735025,High Balance,0,High Balance / Low Salary (Unusual Profile),False,False
15730759,Medium Balance,3,Aligned,False,False
15752912,Zero Balance,1,Aligned,False,False
15711316,Zero Balance,3,High Salary / Low Balance (Wallet-Share Risk),False,False
15738785,Zero Balance,3,High Salary / Low Balance (Wallet-Share Risk),False,False
15777896,Low Balance,1,Aligned,False,False
15628963,High Balance,2,Aligned,False,False
15742126,Medium Balance,1,Aligned,False,False
15575623,Low Balance,2,Aligned,False,False
15741652,High Balance,1,High Balance / Low Salary (Unusual Profile),False,False
15738884,High Balance,1,High Balance / Low Salary (Unusual Profile),False,False
15615050,Low Balance,1,Aligned,False,False
15803005,Low Balance,2,Aligned,False,False
15743498,Medium Balance,3,Aligned,False,False
15720463,Medium Balance,1,Aligned,False,False
15588695,Zero Balance,0,Aligned,False,False
15665802,Zero Balance,1,Aligned,False,False
15571144,Zero Balance,2,High Salary / Low Balance (Wallet-Share Risk),False,False
15750731,Low Balance,3,High Salary / Low Balance (Wallet-Share Risk),False,False
15605134,Medium Balance,3,Aligned,False,False
15626044,Medium Balance,2,Aligned,False,False
15737910,High Balance,3,Aligned,True,True
15761076,Low Balance,2,Aligned,False,False
15710105,Low Balance,3,High Salary / Low Balance (Wallet-Share Risk),False,False
15577402,Zero Balance,0,Aligned,False,False
15803337,High Balance,2,Aligned,False,False
15654372,Low Balance,2,Aligned,False,False
15585867,Zero Balance,2,High Salary / Low Balance (Wallet-Share Risk),False,False
15662488,Zero Balance,1,Aligned,False,False
15604813,Zero Balance,3,High Salary / Low Balance (Wallet-Share Risk),False,False
15611644,High Balance,0,High Balance / Low Salary (Unusual Profile),False,False
15674928,Zero Balance,2,High Salary / Low Balance (Wallet-Share Risk),False,False
15656100,High Balance,2,Aligned,False,False
15764293,Zero Balance,1,Aligned,False,False
15636423,Zero Balance,2,High Salary / Low Balance (Wallet-Share Risk),False,False
15607629,Zero Balance,0,Aligned,False,False
15577313,Low Balance,0,Aligned,False,False
15714493,Zero Balance,1,Aligned,False,False
15643359,Zero Balance,1,Aligned,False,False
15687913,Low Balance,3,High Salary / Low Balance (Wallet-Share Risk),False,False
15790935,Zero Balance,1,Aligned,False,False
15708693,Zero Balance,1,Aligned,False,False
15672016,Zero Balance,0,Aligned,False,False
15727605,Low Balance,0,Aligned,False,False
15651144,High Balance,1,High Balance / Low Salary (Unusual Profile),False,False
15749401,Zero Balance,1,Aligned,False,False
15691874,Medium Balance,3,Aligned,False,False
15620735,Medium Balance,1,Aligned,False,False
15769781,Zero Balance,1,Aligned,False,False
15624611,Medium Balance,3,Aligned,False,False
15773071,High Balance,3,Aligned,True,False
15720371,Zero Balance,3,High Salary / Low Balance (Wallet-Share Risk),False,False
15717984,High Balance,1,High Balance / Low Salary (Unusual Profile),False,False
15806407,Zero Balance,2,High Salary / Low Balance (Wallet-Share Risk),False,False
15785042,Low Balance,2,Aligned,False,False
15809302,Zero Balance,3,High Salary / Low Balance (Wallet-Share Risk),False,False
15677550,Zero Balance,0,Aligned,False,False
15654096,Medium Balance,0,High Balance / Low Salary (Unusual Profile),False,False
15617320,High Balance,3,Aligned,True,True
15653065,Zero Balance,2,High Salary / Low Balance (Wallet-Share Risk),False,False
15649112,Medium Balance,0,High Balance / Low Salary (Unusual Profile),False,False
15690526,Medium Balance,1,Aligned,False,False
15806945,Low Balance,3,High Salary / Low Balance (Wallet-Share Risk),False,False
15670066,Zero Balance,2,High Salary / Low Balance (Wallet-Share Risk),False,False
15625761,Medium Balance,1,Aligned,False,False
15761525,Low Balance,1,Aligned,False,False
15735080,Zero Balance,0,Aligned,False,False
15619537,High Balance,2,Aligned,False,False
15598162,High Balance,0,High Balance / Low Salary (Unusual Profile),False,False
15694300,Zero Balance,2,High Salary / Low Balance (Wallet-Share Risk),False,False
15637235,Zero Balance,1,Aligned,False,False
15612444,Zero Balance,2,High Salary / Low Balance (Wallet-Share Risk),False,False
15626457,Low Balance,3,High Salary / Low Balance (Wallet-Share Risk),False,False
15627995,High Balance,2,Aligned,False,False
15706128,Zero Balance,1,Aligned,False,False
15666430,Zero Balance,1,Aligned,False,False
15627385,Low Balance,2,Aligned,False,False
15581323,Medium Balance,2,Aligned,False,False
15608109,High Balance,0,High Balance / Low Salary (Unusual Profile),False,False
15801942,Zero Balance,1,Aligned,False,False
15567431,High Balance,3,Aligned,True,False
15810167,Medium Balance,1,Aligned,False,False
15644501,High Balance,0,High Balance / Low Salary (Unusual Profile),False,False
15785290,Zero Balance,0,Aligned,False,False
15611157,Low Balance,2,Aligned,False,False
15673837,Low Balance,0,Aligned,False,False
15656822,Low Balance,2,Aligned,False,False
15580560,Zero Balance,0,Aligned,False,False
15760641,Low Balance,0,Aligned,False,False
15587584,Zero Balance,0,Aligned,False,False
15604146,Low Balance,2,Aligned,False,False
15813974,Low Balance,3,High Salary / Low Balance (Wallet-Share Risk),False,False
15746986,Low Balance,2,Aligned,False,False
15759741,High Balance,1,High Balance / Low Salary (Unusual Profile),False,False
15734892,Zero Balance,0,Aligned,False,False
15797194,Medium Balance,1,Aligned,False,False
15723786,Zero Balance,0,Aligned,False,False
15642726,Low Balance,0,Aligned,False,False
15664339,High Balance,0,High Balance / Low Salary (Unusual Profile),False,False
15754526,High Balance,0,High Balance / Low Salary (Unusual Profile),False,False
15703037,Zero Balance,3,High Salary / Low Balance (Wallet-Share Risk),False,False
15751412,Low Balance,1,Aligned,False,False
15609558,Low Balance,0,Aligned,False,False
15572408,High Balance,1,High Balance / Low Salary (Unusual Profile),False,False
15613923,High Balance,2,Aligned,False,False
15747000,Zero Balance,0,Aligned,False,False
15731781,Zero Balance,3,High Salary / Low Balance (Wallet-Share Risk),False,False
15727198,Low Balance,1,Aligned,False,False
15794273,Low Balance,2,Aligned,False,False
15804950,Zero Balance,0,Aligned,False,False
15576304,Low Balance,3,High Salary / Low Balance (Wallet-Share Risk),False,False
15645200,High Balance,3,Aligned,True,True
15779627,Medium Balance,1,Aligned,False,False
15750755,Zero Balance,3,High Salary / Low Balance (Wallet-Share Risk),False,False
15569654,Low Balance,0,Aligned,False,False
15753079,Zero Balance,3,High Salary / Low Balance (Wallet-Share Risk),False,False
15684995,Low Balance,1,Aligned,False,False
15790763,Zero Balance,2,High Salary / Low Balance (Wallet-Share Risk),False,False
15766458,High Balance,1,High Balance / Low Salary (Unusual Profile),False,False
15616221,Low Balance,1,Aligned,False,False
15776124,Zero Balance,0,Aligned,False,False
15665811,High Balance,1,High Balance / Low Salary (Unusual Profile),False,False
15729804,Zero Balance,1,Aligned,False,False
15714062,Low Balance,3,High Salary / Low Balance (Wallet-Share Risk),False,False
15592197,Zero Balance,2,High Salary / Low Balance (Wallet-Share Risk),False,False
15793116,Low Balance,3,High Salary / Low Balance (Wallet-Share Risk),False,False
15638231,Zero Balance,3,High Salary / Low Balance (Wallet-Share Risk),False,False
15697678,Low Balance,3,High Salary / Low Balance (Wallet-Share Risk),False,False
15800412,High Balance,0,High Balance / Low Salary (Unusual Profile),False,False
15597610,High Balance,0,High Balance / Low Salary (Unusual Profile),False,False
15726634,Zero Balance,1,Aligned,False,False
15670866,Zero Balance,2,High Salary / Low Balance (Wallet-Share Risk),False,False
15667462,Zero Balance,2,High Salary / Low Balance (Wallet-Share Risk),False,False
15662574,Low Balance,1,Aligned,False,False
15716926,Low Balance,3,High Salary / Low Balance (Wallet-Share Risk),False,False
15603554,High Balance,0,High Balance / Low Salary (Unusual Profile),False,False
15716800,Zero Balance,0,Aligned,False,False
15679429,Low Balance,1,Aligned,False,False
15616122,Zero Balance,0,Aligned,False,False
15742172,Medium Balance,3,Aligned,False,False
15792305,Medium Balance,1,Aligned,False,False
15636016,Medium Balance,2,Aligned,False,False
15733138,Low Balance,1,Aligned,False,False
15669741,Zero Balance,2,High Salary / Low Balance (Wallet-Share Risk),False,False
15616954,Zero Balance,0,Aligned,False,False
15729238,Low Balance,3,High Salary / Low Balance (Wallet-Share Risk),False,False
15718242,Low Balance,1,Aligned,False,False
15682914,Low Balance,2,Aligned,False,False
15654274,Zero Balance,2,High Salary / Low Balance (Wallet-Share Risk),False,False
15691457,Zero Balance,3,High Salary / Low Balance (Wallet-Share Risk),False,False
15719649,Low Balance,3,High Salary / Low Balance (Wallet-Share Risk),False,False
15778897,Zero Balance,2,High Salary / Low Balance (Wallet-Share Risk),False,False
15589437,High Balance,2,Aligned,False,False
15682369,High Balance,1,High Balance / Low Salary (Unusual Profile),False,False
15626507,High Balance,3,Aligned,True,True
15571995,Low Balance,0,Aligned,False,False
15673333,Low Balance,3,High Salary / Low Balance (Wallet-Share Risk),False,False
15748752,Low Balance,1,Aligned,False,False
15725302,Zero Balance,2,High Salary / Low Balance (Wallet-Share Risk),False,False
15722083,Zero Balance,0,Aligned,False,False
15771442,High Balance,0,High Balance / Low Salary (Unusual Profile),False,False
15803633,Zero Balance,1,Aligned,False,False
15672185,Zero Balance,3,High Salary / Low Balance (Wallet-Share Risk),False,False
15806486,Zero Balance,3,High Salary / Low Balance (Wallet-Share Risk),False,False
15570895,High Balance,0,High Balance / Low Salary (Unusual Profile),False,False
15614520,High Balance,0,High Balance / Low Salary (Unusual Profile),False,False
15687492,Low Balance,0,Aligned,False,False
15675337,Low Balance,0,Aligned,False,False
15721047,Medium Balance,3,Aligned,False,False
15589017,Low Balance,0,Aligned,False,False
15611186,Low Balance,3,High Salary / Low Balance (Wallet-Share Risk),False,False
15617301,Medium Balance,3,Aligned,False,False
15726046,Medium Balance,2,Aligned,False,False
15585748,Medium Balance,0,High Balance / Low Salary (Unusual Profile),False,False
15672826,Low Balance,0,Aligned,False,False
15595162,Medium Balance,3,Aligned,False,False
15650026,Low Balance,1,Aligned,False,False
15745826,Zero Balance,3,High Salary / Low Balance (Wallet-Share Risk),False,False
15708610,Low Balance,0,Aligned,False,False
15624471,Zero Balance,2,High Salary / Low Balance (Wallet-Share Risk),False,False
15590097,Medium Balance,1,Aligned,False,False
15689328,Low Balance,3,High Salary / Low Balance (Wallet-Share Risk),False,False
15582154,Low Balance,1,Aligned,False,False
15734626,Zero Balance,0,Aligned,False,False
15702806,Zero Balance,0,Aligned,False,False
15620756,High Balance,0,High Balance / Low Salary (Unusual Profile),False,False
15611331,Zero Balance,2,High Salary / Low Balance (Wallet-Share Risk),False,False
15576935,High Balance,1,High Balance / Low Salary (Unusual Profile),False,False
15661275,Low Balance,2,Aligned,False,False
15814940,Zero Balance,3,High Salary / Low Balance (Wallet-Share Risk),False,False
15768471,Low Balance,0,Aligned,False,False
15697391,Zero Balance,0,Aligned,False,False
15793346,Zero Balance,3,High Salary / Low Balance (Wallet-Share Risk),False,False
15608338,Low Balance,1,Aligned,False,False
15578546,Low Balance,2,Aligned,False,False
15656921,Zero Balance,3,High Salary / Low Balance (Wallet-Share Risk),False,False
15761340,Zero Balance,1,Aligned,False,False
15591135,Medium Balance,0,High Balance / Low Salary (Unusual Profile),False,False
15623219,Zero Balance,2,High Salary / Low Balance (Wallet-Share Risk),False,False
15655229,Low Balance,2,Aligned,False,False
15805884,Zero Balance,2,High Salary / Low Balance (Wallet-Share Risk),False,False
15668289,Low Balance,3,High Salary / Low Balance (Wallet-Share Risk),False,False
15568562,High Balance,0,High Balance / Low Salary (Unusual Profile),False,False
15773276,Low Balance,1,Aligned,False,False
15622801,Low Balance,2,Aligned,False,False
15779886,Zero Balance,0,Aligned,False,False
15713673,Medium Balance,1,Aligned,False,False
15783083,Zero Balance,3,High Salary / Low Balance (Wallet-Share Risk),False,False
15742824,High Balance,2,Aligned,False,False
15621550,High Balance,1,High Balance / Low Salary (Unusual Profile),False,False
15799480,Zero Balance,0,Aligned,False,False
15625247,Zero Balance,2,High Salary / Low Balance (Wallet-Share Risk),False,False
15755241,Zero Balance,2,High Salary / Low Balance (Wallet-Share Risk),False,False
15575679,Medium Balance,1,Aligned,False,False
15668235,Medium Balance,3,Aligned,False,False
15683183,Low Balance,2,Aligned,False,False
15684592,Zero Balance,1,Aligned,False,False
15591169,Medium Balance,3,Aligned,False,False
15653455,Zero Balance,0,Aligned,False,False
15732563,Low Balance,1,Aligned,False,False
15656471,Zero Balance,0,Aligned,False,False
15598510,Low Balance,3,High Salary / Low Balance (Wallet-Share Risk),False,False
15766427,Low Balance,3,High Salary / Low Balance (Wallet-Share Risk),False,False
15785342,Zero Balance,2,High Salary / Low Balance (Wallet-Share Risk),False,False
15641595,Low Balance,0,Aligned,False,False
15798429,Zero Balance,2,High Salary / Low Balance (Wallet-Share Risk),False,False
15648136,High Balance,3,Aligned,True,True
15812482,Medium Balance,1,Aligned,False,False
15790810,Low Balance,2,Aligned,False,False
15687421,Medium Balance,3,Aligned,False,False
15765643,Medium Balance,3,Aligned,False,False
15654878,Low Balance,0,Aligned,False,False
15686835,High Balance,3,Aligned,True,True
15768340,Low Balance,3,High Salary / Low Balance (Wallet-Share Risk),False,False
15673599,Medium Balance,3,Aligned,False,False
15689096,Low Balance,0,Aligned,False,False
15684294,Zero Balance,2,High Salary / Low Balance (Wallet-Share Risk),False,False
15615828,Medium Balance,2,Aligned,False,False
15746012,Zero Balance,0,Aligned,False,False
15615797,Low Balance,3,High Salary / Low Balance (Wallet-Share Risk),False,False
15788494,High Balance,2,Aligned,False,False
15793856,Medium Balance,3,Aligned,False,False
15629545,Low Balance,1,Aligned,False,False
15661198,High Balance,1,High Balance / Low Salary (Unusual Profile),False,False
15715117,Zero Balance,0,Aligned,False,False
15701074,Low Balance,1,Aligned,False,False
15793046,Low Balance,0,Aligned,False,False
15623744,Low Balance,2,Aligned,False,False
15611329,Zero Balance,2,High Salary / Low Balance (Wallet-Share Risk),False,False
15740428,Zero Balance,1,Aligned,False,False
15781534,Medium Balance,1,Aligned,False,False
15618243,Low Balance,3,High Salary / Low Balance (Wallet-Share Risk),False,False
15784161,Low Balance,1,Aligned,False,False
15700325,Low Balance,0,Aligned,False,False
15659064,Zero Balance,3,High Salary / Low Balance (Wallet-Share Risk),False,False
15658364,Medium Balance,0,High Balance / Low Salary (Unusual Profile),False,False
15704340,Low Balance,1,Aligned,False,False
15793455,Zero Balance,1,Aligned,False,False
15579777,Zero Balance,2,High Salary / Low Balance (Wallet-Share Risk),False,False
15632345,Zero Balance,0,Aligned,False,False
15814468,Medium Balance,1,Aligned,False,False
15754820,High Balance,1,High Balance / Low Salary (Unusual Profile),False,False
15707505,Medium Balance,2,Aligned,False,False
15699507,Zero Balance,1,Aligned,False,False
15799600,Low Balance,2,Aligned,False,False
15794472,Zero Balance,3,High Salary / Low Balance (Wallet-Share Risk),False,False
15646632,Zero Balance,0,Aligned,False,False
15676353,Low Balance,1,Aligned,False,False
15566312,Zero Balance,3,High Salary / Low Balance (Wallet-Share Risk),False,False
15570414,Low Balance,2,Aligned,False,False
15776743,Zero Balance,1,Aligned,False,False
15674637,Low Balance,2,Aligned,False,False
15730418,Zero Balance,1,Aligned,False,False
15739972,High Balance,3,Aligned,True,True
15661591,Medium Balance,3,Aligned,False,False
15675585,Low Balance,3,High Salary / Low Balance (Wallet-Share Risk),False,False
15814750,Zero Balance,3,High Salary / Low Balance (Wallet-Share Risk),False,False
15593454,Low Balance,0,Aligned,False,False
15663421,Medium Balance,1,Aligned,False,False
15576196,Low Balance,3,High Salary / Low Balance (Wallet-Share Risk),False,False
15677324,Medium Balance,1,Aligned,False,False
15568742,Zero Balance,2,High Salary / Low Balance (Wallet-Share Risk),False,False
15693764,Medium Balance,2,Aligned,False,False
15714260,Zero Balance,3,High Salary / Low Balance (Wallet-Share Risk),False,False
15798200,Zero Balance,1,Aligned,False,False
15656627,Zero Balance,1,Aligned,False,False
15791111,Medium Balance,1,Aligned,False,False
15638269,Zero Balance,2,High Salary / Low Balance (Wallet-Share Risk),False,False
15807473,Zero Balance,1,Aligned,False,False
15708534,Zero Balance,2,High Salary / Low Balance (Wallet-Share Risk),False,False
15640686,Low Balance,1,Aligned,False,False
15588904,Zero Balance,2,High Salary / Low Balance (Wallet-Share Risk),False,False
15768763,Zero Balance,1,Aligned,False,False
15770543,Low Balance,3,High Salary / Low Balance (Wallet-Share Risk),False,False
15642162,Medium Balance,3,Aligned,False,False
15714046,Medium Balance,2,Aligned,False,False
15575060,Zero Balance,3,High Salary / Low Balance (Wallet-Share Risk),False,False
15812040,High Balance,2,Aligned,False,False
15812073,Zero Balance,3,High Salary / Low Balance (Wallet-Share Risk),False,False
15706810,Low Balance,1,Aligned,False,False
15584090,Zero Balance,2,High Salary / Low Balance (Wallet-Share Risk),False,False
15810807,Zero Balance,3,High Salary / Low Balance (Wallet-Share Risk),False,False
15582033,Medium Balance,0,High Balance / Low Salary (Unusual Profile),False,False
15687607,Medium Balance,3,Aligned,False,False
15588406,Zero Balance,0,Aligned,False,False
15784099,Medium Balance,2,Aligned,False,False
15701352,Low Balance,3,High Salary / Low Balance (Wallet-Share Risk),False,False
15789371,Low Balance,2,Aligned,False,False
15602845,High Balance,3,Aligned,True,True
15707918,Medium Balance,1,Aligned,False,False
15602812,Medium Balance,0,High Balance / Low Salary (Unusual Profile),False,False
15675888,Low Balance,2,Aligned,False,False
15591822,Low Balance,3,High Salary / Low Balance (Wallet-Share Risk),False,False
15738501,High Balance,0,High Balance / Low Salary (Unusual Profile),False,False
15585907,Zero Balance,3,High Salary / Low Balance (Wallet-Share Risk),False,False
15579040,Zero Balance,2,High Salary / Low Balance (Wallet-Share Risk),False,False
15804211,High Balance,3,Aligned,True,False
15736126,Low Balance,1,Aligned,False,False
15745399,Zero Balance,1,Aligned,False,False
15760749,Medium Balance,2,Aligned,False,False
15637118,High Balance,2,Aligned,False,False
15657829,High Balance,1,High Balance / Low Salary (Unusual Profile),False,False
15738497,Low Balance,3,High Salary / Low Balance (Wallet-Share Risk),False,False
15690695,Zero Balance,0,Aligned,False,False
15762351,Zero Balance,3,High Salary / Low Balance (Wallet-Share Risk),False,False
15791172,Low Balance,0,Aligned,False,False
15598982,Low Balance,0,Aligned,False,False
15734765,Medium Balance,3,Aligned,False,False
15642912,Medium Balance,1,Aligned,False,False
15769516,Zero Balance,0,Aligned,False,False
15789379,Medium Balance,3,Aligned,False,False
15695103,Zero Balance,2,High Salary / Low Balance (Wallet-Share Risk),False,False
15801924,Zero Balance,2,High Salary / Low Balance (Wallet-Share Risk),False,False
15767804,Zero Balance,3,High Salary / Low Balance (Wallet-Share Risk),False,False
15718039,Medium Balance,1,Aligned,False,False
15579994,Low Balance,1,Aligned,False,False
15595037,High Balance,0,High Balance / Low Salary (Unusual Profile),False,False
15600720,Low Balance,3,High Salary / Low Balance (Wallet-Share Risk),False,False
15782608,Zero Balance,2,High Salary / Low Balance (Wallet-Share Risk),False,False
15566894,Medium Balance,1,Aligned,False,False
15749123,High Balance,2,Aligned,False,False
15668943,Zero Balance,2,High Salary / Low Balance (Wallet-Share Risk),False,False
15577423,Medium Balance,1,Aligned,False,False
15623102,Low Balance,1,Aligned,False,False
15728012,Medium Balance,3,Aligned,False,False
15683363,Zero Balance,2,High Salary / Low Balance (Wallet-Share Risk),False,False
15699335,Medium Balance,3,Aligned,False,False
15574369,High Balance,0,High Balance / Low Salary (Unusual Profile),False,False
15703167,Zero Balance,3,High Salary / Low Balance (Wallet-Share Risk),False,False
15754874,Low Balance,2,Aligned,False,False
15723216,Low Balance,2,Aligned,False,False
15725094,High Balance,1,High Balance / Low Salary (Unusual Profile),False,False
15647974,Low Balance,0,Aligned,False,False
15583371,Medium Balance,1,Aligned,False,False
15772559,High Balance,0,High Balance / Low Salary (Unusual Profile),False,False
15711251,High Balance,1,High Balance / Low Salary (Unusual Profile),False,False
15719212,Low Balance,3,High Salary / Low Balance (Wallet-Share Risk),False,False
15764927,Medium Balance,3,Aligned,False,False
15731412,Low Balance,0,Aligned,False,False
15719170,Low Balance,3,High Salary / Low Balance (Wallet-Share Risk),False,False
15596011,Zero Balance,1,Aligned,False,False
15614834,High Balance,1,High Balance / Low Salary (Unusual Profile),False,False
15600510,Medium Balance,1,Aligned,False,False
15625706,Low Balance,0,Aligned,False,False
15781409,Zero Balance,1,Aligned,False,False
15722583,High Balance,2,Aligned,False,False
15677243,Zero Balance,2,High Salary / Low Balance (Wallet-Share Risk),False,False
15815070,High Balance,1,High Balance / Low Salary (Unusual Profile),False,False
15705899,Medium Balance,3,Aligned,False,False
15701522,Zero Balance,0,Aligned,False,False
15755978,Zero Balance,3,High Salary / Low Balance (Wallet-Share Risk),False,False
15722090,Low Balance,3,High Salary / Low Balance (Wallet-Share Risk),False,False
15783526,Low Balance,1,Aligned,False,False
15632125,Low Balance,1,Aligned,False,False
15688395,Zero Balance,3,High Salary / Low Balance (Wallet-Share Risk),False,False
15666975,Low Balance,1,Aligned,False,False
15682211,Zero Balance,2,High Salary / Low Balance (Wallet-Share Risk),False,False
15637411,Zero Balance,2,High Salary / Low Balance (Wallet-Share Risk),False,False
15591512,Low Balance,2,Aligned,False,False
15606855,Zero Balance,3,High Salary / Low Balance (Wallet-Share Risk),False,False
15763683,High Balance,2,Aligned,False,False
15641782,Zero Balance,3,High Salary / Low Balance (Wallet-Share Risk),False,False
15677184,Low Balance,0,Aligned,False,False
15775042,Zero Balance,3,High Salary / Low Balance (Wallet-Share Risk),False,False
15616630,Low Balance,3,High Salary / Low Balance (Wallet-Share Risk),False,False
15800233,Zero Balance,0,Aligned,False,False
15588419,High Balance,1,High Balance / Low Salary (Unusual Profile),False,False
15595557,Zero Balance,2,High Salary / Low Balance (Wallet-Share Risk),False,False
15626143,Zero Balance,1,Aligned,False,False
15566030,Low Balance,1,Aligned,False,False
15701412,Zero Balance,3,High Salary / Low Balance (Wallet-Share Risk),False,False
15702464,Zero Balance,2,High Salary / Low Balance (Wallet-Share Risk),False,False
15573348,Low Balance,0,Aligned,False,False
15704160,Zero Balance,3,High Salary / Low Balance (Wallet-Share Risk),False,False
15693704,Low Balance,2,Aligned,False,False
15664752,Medium Balance,0,High Balance / Low Salary (Unusual Profile),False,False
15628292,High Balance,3,Aligned,True,False
15621195,High Balance,3,Aligned,True,True
15668629,Zero Balance,3,High Salary / Low Balance (Wallet-Share Risk),False,False
15635197,Low Balance,0,Aligned,False,False
15592761,Zero Balance,3,High Salary / Low Balance (Wallet-Share Risk),False,False
15574283,Zero Balance,1,Aligned,False,False
15598097,Zero Balance,0,Aligned,False,False
15711352,High Balance,2,Aligned,False,False
15620751,Zero Balance,3,High Salary / Low Balance (Wallet-Share Risk),False,False
15656717,Zero Balance,3,High Salary / Low Balance (Wallet-Share Risk),False,False
15643121,Low Balance,0,Aligned,False,False
15723671,Low Balance,1,Aligned,False,False
15752846,Zero Balance,0,Aligned,False,False
15640852,Low Balance,0,Aligned,False,False
15789313,Low Balance,2,Aligned,False,False
15793688,High Balance,3,Aligned,True,True
15770405,Medium Balance,3,Aligned,False,False
15702561,Zero Balance,1,Aligned,False,False
15625964,High Balance,3,Aligned,True,True
15761364,Zero Balance,3,High Salary / Low Balance (Wallet-Share Risk),False,False
15590286,Medium Balance,1,Aligned,False,False
15587978,High Balance,1,High Balance / Low Salary (Unusual Profile),False,False
15773242,Zero Balance,3,High Salary / Low Balance (Wallet-Share Risk),False,False
15761053,Medium Balance,0,High Balance / Low Salary (Unusual Profile),False,False
15702095,Medium Balance,3,Aligned,False,False
15764253,High Balance,0,High Balance / Low Salary (Unusual Profile),False,False
15700801,Low Balance,1,Aligned,False,False
15730590,Low Balance,3,High Salary / Low Balance (Wallet-Share Risk),False,False
15643916,Low Balance,2,Aligned,False,False
15720636,High Balance,2,Aligned,False,False
15795429,Medium Balance,1,Aligned,False,False
15609254,Low Balance,3,High Salary / Low Balance (Wallet-Share Risk),False,False
15625141,Zero Balance,0,Aligned,False,False
15810898,High Balance,0,High Balance / Low Salary (Unusual Profile),False,False
15775797,Zero Balance,0,Aligned,False,False
15795246,High Balance,1,High Balance / Low Salary (Unusual Profile),False,False
15795275,Low Balance,1,Aligned,False,False
15571869,Low Balance,3,High Salary / Low Balance (Wallet-Share Risk),False,False
15694143,Zero Balance,2,High Salary / Low Balance (Wallet-Share Risk),False,False
15748231,Low Balance,3,High Salary / Low Balance (Wallet-Share Risk),False,False
15632185,Low Balance,1,Aligned,False,False
15806249,Zero Balance,1,Aligned,False,False
15743293,High Balance,0,High Balance / Low Salary (Unusual Profile),False,False
15598157,Low Balance,1,Aligned,False,False
15700946,High Balance,2,Aligned,False,False
15722692,Low Balance,1,Aligned,False,False
15696506,Low Balance,0,Aligned,False,False
15728823,Zero Balance,2,High Salary / Low Balance (Wallet-Share Risk),False,False
15808851,Low Balance,2,Aligned,False,False
15675231,Zero Balance,0,Aligned,False,False
15732299,Zero Balance,1,Aligned,False,False
15706269,Low Balance,2,Aligned,False,False
15590078,High Balance,3,Aligned,True,False
15776985,Low Balance,2,Aligned,False,False
15756743,Low Balance,0,Aligned,False,False
15782364,High Balance,1,High Balance / Low Salary (Unusual Profile),False,False
15604093,High Balance,0,High Balance / Low Salary (Unusual Profile),False,False
15749328,Zero Balance,0,Aligned,False,False
15656322,Low Balance,0,Aligned,False,False
15685564,Low Balance,3,High Salary / Low Balance (Wallet-Share Risk),False,False
15785831,High Balance,1,High Balance / Low Salary (Unusual Profile),False,False
15796218,Medium Balance,2,Aligned,False,False
15716218,Low Balance,3,High Salary / Low Balance (Wallet-Share Risk),False,False
15572735,Zero Balance,3,High Salary / Low Balance (Wallet-Share Risk),False,False
15633840,Medium Balance,2,Aligned,False,False
15608760,Low Balance,0,Aligned,False,False
15627848,Low Balance,2,Aligned,False,False
15792029,Zero Balance,1,Aligned,False,False
15617331,Low Balance,1,Aligned,False,False
15651740,Zero Balance,2,High Salary / Low Balance (Wallet-Share Risk),False,False
15636407,Medium Balance,2,Aligned,False,False
15607526,Low Balance,3,High Salary / Low Balance (Wallet-Share Risk),False,False
15632576,Low Balance,1,Aligned,False,False
15581505,Zero Balance,1,Aligned,False,False
15612207,Low Balance,0,Aligned,False,False
15707242,Zero Balance,2,High Salary / Low Balance (Wallet-Share Risk),False,False
15721937,Medium Balance,2,Aligned,False,False
15773852,Low Balance,2,Aligned,False,False
15719778,Zero Balance,0,Aligned,False,False
15650538,High Balance,0,High Balance / Low Salary (Unusual Profile),False,False
15797475,Low Balance,3,High Salary / Low Balance (Wallet-Share Risk),False,False
15780359,Low Balance,2,Aligned,False,False
15737104,Medium Balance,0,High Balance / Low Salary (Unusual Profile),False,False
15789936,Zero Balance,3,High Salary / Low Balance (Wallet-Share Risk),False,False
15709523,High Balance,2,Aligned,False,False
15593425,High Balance,2,Aligned,False,False
15776725,High Balance,2,Aligned,False,False
15604706,Medium Balance,2,Aligned,False,False
15790958,Zero Balance,0,Aligned,False,False
15747534,Zero Balance,1,Aligned,False,False
15574237,Zero Balance,2,High Salary / Low Balance (Wallet-Share Risk),False,False
15690332,High Balance,0,High Balance / Low Salary (Unusual Profile),False,False
15661290,Low Balance,2,Aligned,False,False
15651883,Low Balance,3,High Salary / Low Balance (Wallet-Share Risk),False,False
15808905,High Balance,3,Aligned,True,False
15715532,Low Balance,1,Aligned,False,False
15786078,Zero Balance,3,High Salary / Low Balance (Wallet-Share Risk),False,False
15652401,Zero Balance,2,High Salary / Low Balance (Wallet-Share Risk),False,False
15673074,Medium Balance,3,Aligned,False,False
15598744,High Balance,3,Aligned,True,False
15785975,Zero Balance,3,High Salary / Low Balance (Wallet-Share Risk),False,False
15613180,High Balance,3,Aligned,True,False
15584229,Medium Balance,3,Aligned,False,False
15773804,Zero Balance,1,Aligned,False,False
15699515,Low Balance,0,Aligned,False,False
15705313,Low Balance,1,Aligned,False,False
15693817,Zero Balance,0,Aligned,False,False
15673790,Low Balance,3,High Salary / Low Balance (Wallet-Share Risk),False,False
15674868,Zero Balance,0,Aligned,False,False
15692110,Zero Balance,3,High Salary / Low Balance (Wallet-Share Risk),False,False
15645904,Zero Balance,3,High Salary / Low Balance (Wallet-Share Risk),False,False
15581332,Low Balance,3,High Salary / Low Balance (Wallet-Share Risk),False,False
15808544,Zero Balance,1,Aligned,False,False
15734948,Zero Balance,2,High Salary / Low Balance (Wallet-Share Risk),False,False
15654531,Low Balance,3,High Salary / Low Balance (Wallet-Share Risk),False,False
15637774,Low Balance,2,Aligned,False,False
15677141,Medium Balance,0,High Balance / Low Salary (Unusual Profile),False,False
15739578,Medium Balance,1,Aligned,False,False
15697360,Low Balance,3,High Salary / Low Balance (Wallet-Share Risk),False,False
15655213,Medium Balance,3,Aligned,False,False
15580872,Medium Balance,2,Aligned,False,False
15683213,Low Balance,3,High Salary / Low Balance (Wallet-Share Risk),False,False
15801188,Low Balance,1,Aligned,False,False
15645029,Zero Balance,0,Aligned,False,False
15633181,Low Balance,2,Aligned,False,False
15598259,Low Balance,3,High Salary / Low Balance (Wallet-Share Risk),False,False
15576000,Medium Balance,1,Aligned,False,False
15766047,Low Balance,1,Aligned,False,False
15596339,High Balance,1,High Balance / Low Salary (Unusual Profile),False,False
15715199,Medium Balance,2,Aligned,False,False
15615938,High Balance,2,Aligned,False,False
15679991,Zero Balance,2,High Salary / Low Balance (Wallet-Share Risk),False,False
15626135,High Balance,3,Aligned,True,True
15792934,Zero Balance,3,High Salary / Low Balance (Wallet-Share Risk),False,False
15744046,Zero Balance,1,Aligned,False,False
15700826,Medium Balance,2,Aligned,False,False
15756301,Low Balance,2,Aligned,False,False
15586517,Low Balance,0,Aligned,False,False
15751297,Zero Balance,3,High Salary / Low Balance (Wallet-Share Risk),False,False
15710365,Low Balance,3,High Salary / Low Balance (Wallet-Share Risk),False,False
15679307,Zero Balance,1,Aligned,False,False
15610753,Low Balance,0,Aligned,False,False
15811036,Medium Balance,2,Aligned,False,False
15610912,Low Balance,0,Aligned,False,False
15619932,Medium Balance,1,Aligned,False,False
15746199,Zero Balance,2,High Salary / Low Balance (Wallet-Share Risk),False,False
15584967,Zero Balance,1,Aligned,False,False
15734365,Zero Balance,0,Aligned,False,False
15726960,Zero Balance,1,Aligned,False,False
15665177,Zero Balance,2,High Salary / Low Balance (Wallet-Share Risk),False,False
15779915,Zero Balance,0,Aligned,False,False
15729110,Zero Balance,1,Aligned,False,False
15575399,High Balance,2,Aligned,False,False
15678374,Zero Balance,3,High Salary / Low Balance (Wallet-Share Risk),False,False
15792679,Zero Balance,2,High Salary / Low Balance (Wallet-Share Risk),False,False
15668767,Zero Balance,3,High Salary / Low Balance (Wallet-Share Risk),False,False
15761886,High Balance,1,High Balance / Low Salary (Unusual Profile),False,False
15583076,Low Balance,3,High Salary / Low Balance (Wallet-Share Risk),False,False
15815615,High Balance,3,Aligned,True,False
15591942,Zero Balance,0,Aligned,False,False
15724924,Medium Balance,0,High Balance / Low Salary (Unusual Profile),False,False
15762123,Zero Balance,2,High Salary / Low Balance (Wallet-Share Risk),False,False
15567893,Medium Balance,1,Aligned,False,False
15648989,Medium Balance,3,Aligned,False,False
15662021,Zero Balance,3,High Salary / Low Balance (Wallet-Share Risk),False,False
15691627,Zero Balance,0,Aligned,False,False
15731751,Medium Balance,1,Aligned,False,False
15635277,High Balance,3,Aligned,True,True
15655252,Low Balance,1,Aligned,False,False
15803941,Low Balance,0,Aligned,False,False
15714380,Zero Balance,2,High Salary / Low Balance (Wallet-Share Risk),False,False
15666559,High Balance,2,Aligned,False,False
15799998,Low Balance,2,Aligned,False,False
15703763,Low Balance,1,Aligned,False,False
15795640,Medium Balance,3,Aligned,False,False
15780056,Zero Balance,0,Aligned,False,False
15777873,Zero Balance,2,High Salary / Low Balance (Wallet-Share Risk),False,False
15584749,Low Balance,0,Aligned,False,False
15765258,Zero Balance,2,High Salary / Low Balance (Wallet-Share Risk),False,False
15623346,Zero Balance,0,Aligned,False,False
15614054,Zero Balance,2,High Salary / Low Balance (Wallet-Share Risk),False,False
15766185,High Balance,1,High Balance / Low Salary (Unusual Profile),False,False
15667632,Zero Balance,1,Aligned,False,False
15599024,Zero Balance,3,High Salary / Low Balance (Wallet-Share Risk),False,False
15798709,Low Balance,0,Aligned,False,False
15741921,Zero Balance,2,High Salary / Low Balance (Wallet-Share Risk),False,False
15793671,Zero Balance,3,High Salary / Low Balance (Wallet-Share Risk),False,False
15797900,High Balance,0,High Balance / Low Salary (Unusual Profile),False,False
15667932,Zero Balance,1,Aligned,False,False
15795933,Zero Balance,3,High Salary / Low Balance (Wallet-Share Risk),False,False
15660403,Zero Balance,3,High Salary / Low Balance (Wallet-Share Risk),False,False
15736299,Low Balance,2,Aligned,False,False
15759034,Low Balance,0,Aligned,False,False
15724663,Zero Balance,3,High Salary / Low Balance (Wallet-Share Risk),False,False
15594556,Zero Balance,2,High Salary / Low Balance (Wallet-Share Risk),False,False
15737169,High Balance,3,Aligned,True,False
15632472,High Balance,1,High Balance / Low Salary (Unusual Profile),False,False
15722813,Medium Balance,1,Aligned,False,False
15588450,Low Balance,0,Aligned,False,False
15736717,High Balance,3,Aligned,True,False
15680683,High Balance,2,Aligned,False,False
15710316,High Balance,1,High Balance / Low Salary (Unusual Profile),False,False
15746333,Zero Balance,0,Aligned,False,False
15606861,Zero Balance,0,Aligned,False,False
15641285,High Balance,2,Aligned,False,False
15662908,Medium Balance,2,Aligned,False,False
15814267,High Balance,1,High Balance / Low Salary (Unusual Profile),False,False
15614923,Low Balance,0,Aligned,False,False
15579223,Medium Balance,3,Aligned,False,False
15651389,High Balance,3,Aligned,True,False
15677087,Medium Balance,0,High Balance / Low Salary (Unusual Profile),False,False
15665784,Medium Balance,0,High Balance / Low Salary (Unusual Profile),False,False
15576706,Low Balance,3,High Salary / Low Balance (Wallet-Share Risk),False,False
15615473,Zero Balance,3,High Salary / Low Balance (Wallet-Share Risk),False,False
15587299,Zero Balance,1,Aligned,False,False
15655389,Medium Balance,0,High Balance / Low Salary (Unusual Profile),False,False
15784491,Zero Balance,1,Aligned,False,False
15809999,High Balance,1,High Balance / Low Salary (Unusual Profile),False,False
15681115,Low Balance,2,Aligned,False,False
15629390,Medium Balance,2,Aligned,False,False
15792668,Low Balance,2,Aligned,False,False
15583863,High Balance,3,Aligned,True,True
15681878,Low Balance,3,High Salary / Low Balance (Wallet-Share Risk),False,False
15782875,High Balance,0,High Balance / Low Salary (Unusual Profile),False,False
15732235,Low Balance,0,Aligned,False,False
15735909,Low Balance,2,Aligned,False,False
15653448,Zero Balance,1,Aligned,False,False
15587647,Medium Balance,2,Aligned,False,False
15701037,Zero Balance,1,Aligned,False,False
15727499,Medium Balance,2,Aligned,False,False
15724838,Zero Balance,3,High Salary / Low Balance (Wallet-Share Risk),False,False
15666711,Zero Balance,2,High Salary / Low Balance (Wallet-Share Risk),False,False
15588933,High Balance,2,Aligned,False,False
15763111,Medium Balance,3,Aligned,False,False
15805676,High Balance,0,High Balance / Low Salary (Unusual Profile),False,False
15586674,High Balance,1,High Balance / Low Salary (Unusual Profile),False,False
15744553,High Balance,2,Aligned,False,False
15776629,Zero Balance,3,High Salary / Low Balance (Wallet-Share Risk),False,False
15647207,Zero Balance,1,Aligned,False,False
15715638,Low Balance,0,Aligned,False,False
15750602,High Balance,0,High Balance / Low Salary (Unusual Profile),False,False
15766810,Low Balance,1,Aligned,False,False
15756625,Zero Balance,2,High Salary / Low Balance (Wallet-Share Risk),False,False
15639552,High Balance,2,Aligned,False,False
15633213,Zero Balance,2,High Salary / Low Balance (Wallet-Share Risk),False,False
15610416,Zero Balance,0,Aligned,False,False
15715208,Medium Balance,1,Aligned,False,False
15619608,Low Balance,3,High Salary / Low Balance (Wallet-Share Risk),False,False
15628697,High Balance,1,High Balance / Low Salary (Unusual Profile),False,False
15643826,Zero Balance,3,High Salary / Low Balance (Wallet-Share Risk),False,False
15718588,Zero Balance,1,Aligned,False,False
15709741,Low Balance,3,High Salary / Low Balance (Wallet-Share Risk),False,False
15723318,Zero Balance,1,Aligned,False,False
15717328,Medium Balance,1,Aligned,False,False
15771299,Low Balance,3,High Salary / Low Balance (Wallet-Share Risk),False,False
15706223,Low Balance,0,Aligned,False,False
15612358,Medium Balance,2,Aligned,False,False
15769191,Medium Balance,3,Aligned,False,False
15618816,High Balance,1,High Balance / Low Salary (Unusual Profile),False,False
15730810,Low Balance,0,Aligned,False,False
15783463,Zero Balance,0,Aligned,False,False
15616213,Medium Balance,3,Aligned,False,False
15611287,Zero Balance,2,High Salary / Low Balance (Wallet-Share Risk),False,False
15786454,Zero Balance,0,Aligned,False,False
15768682,Zero Balance,2,High Salary / Low Balance (Wallet-Share Risk),False,False
15766172,Medium Balance,2,Aligned,False,False
15637646,Medium Balance,1,Aligned,False,False
15653404,Low Balance,3,High Salary / Low Balance (Wallet-Share Risk),False,False
15690546,Zero Balance,2,High Salary / Low Balance (Wallet-Share Risk),False,False
15735636,Medium Balance,0,High Balance / Low Salary (Unusual Profile),False,False
15605424,Medium Balance,2,Aligned,False,False
15568449,High Balance,0,High Balance / Low Salary (Unusual Profile),False,False
15688085,High Balance,0,High Balance / Low Salary (Unusual Profile),False,False
15683483,Medium Balance,3,Aligned,False,False
15659567,Low Balance,1,Aligned,False,False
15766667,Low Balance,0,Aligned,False,False
15624975,High Balance,1,High Balance / Low Salary (Unusual Profile),False,False
15660878,Medium Balance,0,High Balance / Low Salary (Unusual Profile),False,False
15586557,Zero Balance,1,Aligned,False,False
15746183,Zero Balance,3,High Salary / Low Balance (Wallet-Share Risk),False,False
15631457,Low Balance,3,High Salary / Low Balance (Wallet-Share Risk),False,False
15754053,Zero Balance,1,Aligned,False,False
15645839,Zero Balance,3,High Salary / Low Balance (Wallet-Share Risk),False,False
15689955,Zero Balance,3,High Salary / Low Balance (Wallet-Share Risk),False,False
15593510,Medium Balance,1,Aligned,False,False
15654964,Low Balance,2,Aligned,False,False
15594039,Zero Balance,2,High Salary / Low Balance (Wallet-Share Risk),False,False
15625929,High Balance,0,High Balance / Low Salary (Unusual Profile),False,False
15815295,Low Balance,2,Aligned,False,False
15621818,Low Balance,3,High Salary / Low Balance (Wallet-Share Risk),False,False
15652700,Zero Balance,1,Aligned,False,False
15636860,Medium Balance,1,Aligned,False,False
15569432,Zero Balance,1,Aligned,False,False
15751455,Zero Balance,3,High Salary / Low Balance (Wallet-Share Risk),False,False
15800583,Zero Balance,2,High Salary / Low Balance (Wallet-Share Risk),False,False
15770214,Zero Balance,2,High Salary / Low Balance (Wallet-Share Risk),False,False
15613463,Medium Balance,3,Aligned,False,False
15587066,Low Balance,3,High Salary / Low Balance (Wallet-Share Risk),False,False
15693752,Zero Balance,2,High Salary / Low Balance (Wallet-Share Risk),False,False
15714874,Zero Balance,3,High Salary / Low Balance (Wallet-Share Risk),False,False
15657809,Low Balance,2,Aligned,False,False
15651955,Zero Balance,0,Aligned,False,False
15570912,Medium Balance,3,Aligned,False,False
15640266,Low Balance,1,Aligned,False,False
15652069,Zero Balance,2,High Salary / Low Balance (Wallet-Share Risk),False,False
15596074,Zero Balance,1,Aligned,False,False
15800268,Low Balance,1,Aligned,False,False
15809847,Zero Balance,0,Aligned,False,False
15599074,Medium Balance,3,Aligned,False,False
15599591,Low Balance,1,Aligned,False,False
15776096,High Balance,3,Aligned,True,False
15611669,Medium Balance,0,High Balance / Low Salary (Unusual Profile),False,False
15694098,Low Balance,2,Aligned,False,False
15713347,High Balance,3,Aligned,True,True
15713094,Zero Balance,2,High Salary / Low Balance (Wallet-Share Risk),False,False
15811978,Low Balance,1,Aligned,False,False
15799925,Low Balance,2,Aligned,False,False
15692575,High Balance,1,High Balance / Low Salary (Unusual Profile),False,False
15743149,Zero Balance,1,Aligned,False,False
15776947,Zero Balance,0,Aligned,False,False
15700656,Zero Balance,1,Aligned,False,False
15594515,Zero Balance,1,Aligned,False,False
15787884,Zero Balance,0,Aligned,False,False
15577988,Zero Balance,0,Aligned,False,False
15795586,Low Balance,3,High Salary / Low Balance (Wallet-Share Risk),False,False
15677739,Zero Balance,0,Aligned,False,False
15720134,Low Balance,2,Aligned,False,False
15688868,Low Balance,2,Aligned,False,False
15642996,Low Balance,1,Aligned,False,False
15771222,Zero Balance,0,Aligned,False,False
15605059,High Balance,1,High Balance / Low Salary (Unusual Profile),False,False
15568088,High Balance,1,High Balance / Low Salary (Unusual Profile),False,False
15665943,Zero Balance,2,High Salary / Low Balance (Wallet-Share Risk),False,False
15795571,Low Balance,2,Aligned,False,False
15662243,High Balance,3,Aligned,True,True
15593128,Medium Balance,2,Aligned,False,False
15589739,Low Balance,0,Aligned,False,False
15787602,Zero Balance,2,High Salary / Low Balance (Wallet-Share Risk),False,False
15685019,Low Balance,1,Aligned,False,False
15704209,Medium Balance,1,Aligned,False,False
15605264,Low Balance,3,High Salary / Low Balance (Wallet-Share Risk),False,False
15708265,High Balance,2,Aligned,False,False
15740264,Zero Balance,1,Aligned,False,False
15615477,Zero Balance,0,Aligned,False,False
15727361,Zero Balance,1,Aligned,False,False
15760216,Zero Balance,3,High Salary / Low Balance (Wallet-Share Risk),False,False
15806134,High Balance,1,High Balance / Low Salary (Unusual Profile),False,False
15601351,Medium Balance,1,Aligned,False,False
15669262,High Balance,2,Aligned,False,False
15696989,Medium Balance,3,Aligned,False,False
15688498,Low Balance,3,High Salary / Low Balance (Wallet-Share Risk),False,False
15686964,Low Balance,2,Aligned,False,False
15625035,High Balance,1,High Balance / Low Salary (Unusual Profile),False,False
15618391,Zero Balance,1,Aligned,False,False
15591344,Zero Balance,2,High Salary / Low Balance (Wallet-Share Risk),False,False
15605455,Zero Balance,3,High Salary / Low Balance (Wallet-Share Risk),False,False
15680804,Zero Balance,0,Aligned,False,False
15768282,Low Balance,0,Aligned,False,False
15685826,Low Balance,2,Aligned,False,False
15793491,Low Balance,1,Aligned,False,False
15797787,Low Balance,2,Aligned,False,False
15611171,Medium Balance,2,Aligned,False,False
15601627,High Balance,2,Aligned,False,False
15734085,Low Balance,2,Aligned,False,False
15809309,High Balance,2,Aligned,False,False
15809462,Zero Balance,0,Aligned,False,False
15634628,Low Balance,3,High Salary / Low Balance (Wallet-Share Risk),False,False
15775678,Zero Balance,3,High Salary / Low Balance (Wallet-Share Risk),False,False
15579526,Low Balance,0,Aligned,False,False
15779103,Low Balance,1,Aligned,False,False
15738715,Zero Balance,0,Aligned,False,False
15593943,Medium Balance,0,High Balance / Low Salary (Unusual Profile),False,False
15754574,Zero Balance,1,Aligned,False,False
15737814,Medium Balance,2,Aligned,False,False
15670889,Medium Balance,3,Aligned,False,False
15629299,Low Balance,0,Aligned,False,False
15771569,Medium Balance,0,High Balance / Low Salary (Unusual Profile),False,False
15811927,High Balance,0,High Balance / Low Salary (Unusual Profile),False,False
15785654,Low Balance,2,Aligned,False,False
15665524,Low Balance,2,Aligned,False,False
15736287,Zero Balance,0,Aligned,False,False
15765732,High Balance,3,Aligned,True,False
15797381,Medium Balance,1,Aligned,False,False
15598536,Low Balance,3,High Salary / Low Balance (Wallet-Share Risk),False,False
15664506,High Balance,1,High Balance / Low Salary (Unusual Profile),False,False
15575619,Low Balance,0,Aligned,False,False
15587394,High Balance,2,Aligned,False,False
15654457,Zero Balance,3,High Salary / Low Balance (Wallet-Share Risk),False,False
15762793,Medium Balance,1,Aligned,False,False
15658067,Medium Balance,3,Aligned,False,False
15642816,Low Balance,0,Aligned,False,False
15693088,Zero Balance,0,Aligned,False,False
15793883,Zero Balance,0,Aligned,False,False
15665283,Low Balance,2,Aligned,False,False
15680421,Zero Balance,3,High Salary / Low Balance (Wallet-Share Risk),False,False
15695148,Zero Balance,1,Aligned,False,False
15636592,High Balance,0,High Balance / Low Salary (Unusual Profile),False,False
15772618,Low Balance,2,Aligned,False,False
15724453,Zero Balance,3,High Salary / Low Balance (Wallet-Share Risk),False,False
15565878,Zero Balance,3,High Salary / Low Balance (Wallet-Share Risk),False,False
15609160,Zero Balance,0,Aligned,False,False
15678460,Zero Balance,0,Aligned,False,False
15662571,Zero Balance,3,High Salary / Low Balance (Wallet-Share Risk),False,False
15606849,Low Balance,0,Aligned,False,False
15670738,Low Balance,0,Aligned,False,False
15662641,Zero Balance,1,Aligned,False,False
15727539,Zero Balance,0,Aligned,False,False
15651020,Low Balance,0,Aligned,False,False
15673877,Zero Balance,3,High Salary / Low Balance (Wallet-Share Risk),False,False
15760865,High Balance,1,High Balance / Low Salary (Unusual Profile),False,False
15705009,High Balance,1,High Balance / Low Salary (Unusual Profile),False,False
15657540,High Balance,3,Aligned,True,True
15707441,Low Balance,1,Aligned,False,False
15694765,Low Balance,3,High Salary / Low Balance (Wallet-Share Risk),False,False
15649086,Zero Balance,2,High Salary / Low Balance (Wallet-Share Risk),False,False
15650488,Medium Balance,1,Aligned,False,False
15760924,Low Balance,2,Aligned,False,False
15700263,Zero Balance,2,High Salary / Low Balance (Wallet-Share Risk),False,False
15806922,Medium Balance,3,Aligned,False,False
15637522,Low Balance,0,Aligned,False,False
15636548,Zero Balance,3,High Salary / Low Balance (Wallet-Share Risk),False,False
15566891,Low Balance,3,High Salary / Low Balance (Wallet-Share Risk),False,False
15627185,Medium Balance,2,Aligned,False,False
15754012,Low Balance,0,Aligned,False,False
15627514,Zero Balance,2,High Salary / Low Balance (Wallet-Share Risk),False,False
15661433,Zero Balance,1,Aligned,False,False
15610653,Zero Balance,0,Aligned,False,False
15667002,Zero Balance,0,Aligned,False,False
15709199,Zero Balance,3,High Salary / Low Balance (Wallet-Share Risk),False,False
15710087,Medium Balance,1,Aligned,False,False
15679884,Low Balance,2,Aligned,False,False
15784180,High Balance,0,High Balance / Low Salary (Unusual Profile),False,False
15808849,High Balance,2,Aligned,False,False
15751549,Low Balance,0,Aligned,False,False
15588235,High Balance,2,Aligned,False,False
15640418,Low Balance,2,Aligned,False,False
15721116,Low Balance,3,High Salary / Low Balance (Wallet-Share Risk),False,False
15599084,High Balance,3,Aligned,True,False
15773394,Zero Balance,1,Aligned,False,False
15625713,Low Balance,0,Aligned,False,False
15766417,Zero Balance,0,Aligned,False,False
15622578,Low Balance,0,Aligned,False,False
15799924,High Balance,2,Aligned,False,False
15618363,Low Balance,1,Aligned,False,False
15637138,Zero Balance,0,Aligned,False,False
15781665,Zero Balance,0,Aligned,False,False
15804853,Low Balance,1,Aligned,False,False
15651627,Low Balance,2,Aligned,False,False
15680685,High Balance,2,Aligned,False,False
15808930,Zero Balance,0,Aligned,False,False
15570970,Zero Balance,1,Aligned,False,False
15679961,Low Balance,0,Aligned,False,False
15705458,Low Balance,3,High Salary / Low Balance (Wallet-Share Risk),False,False
15750396,Zero Balance,1,Aligned,False,False
15679928,Low Balance,2,Aligned,False,False
15711181,Zero Balance,3,High Salary / Low Balance (Wallet-Share Risk),False,False
15698324,Zero Balance,1,Aligned,False,False
15807433,Zero Balance,0,Aligned,False,False
15636590,Zero Balance,1,Aligned,False,False
15628950,Low Balance,2,Aligned,False,False
15617206,Medium Balance,2,Aligned,False,False
15603741,Medium Balance,3,Aligned,False,False
15742607,Low Balance,1,Aligned,False,False
15747821,Medium Balance,2,Aligned,False,False
15612043,Low Balance,1,Aligned,False,False
15809558,Zero Balance,3,High Salary / Low Balance (Wallet-Share Risk),False,False
15803750,High Balance,3,Aligned,True,False
15704681,Low Balance,2,Aligned,False,False
15667392,Medium Balance,3,Aligned,False,False
15738889,Low Balance,2,Aligned,False,False
15598838,High Balance,2,Aligned,False,False
15579109,High Balance,0,High Balance / Low Salary (Unusual Profile),False,False
15799042,Zero Balance,1,Aligned,False,False
15697042,Medium Balance,0,High Balance / Low Salary (Unusual Profile),False,False
15696605,High Balance,0,High Balance / Low Salary (Unusual Profile),False,False
15802274,Low Balance,3,High Salary / Low Balance (Wallet-Share Risk),False,False
15596808,Low Balance,0,Aligned,False,False
15705403,Low Balance,1,Aligned,False,False
15732903,Low Balance,2,Aligned,False,False
15581968,Zero Balance,3,High Salary / Low Balance (Wallet-Share Risk),False,False
15683892,Low Balance,2,Aligned,False,False
15595447,Low Balance,0,Aligned,False,False
15569249,Low Balance,1,Aligned,False,False
15656188,Zero Balance,3,High Salary / Low Balance (Wallet-Share Risk),False,False
15689661,Zero Balance,2,High Salary / Low Balance (Wallet-Share Risk),False,False
15644934,Low Balance,0,Aligned,False,False
15721793,Medium Balance,0,High Balance / Low Salary (Unusual Profile),False,False
15687413,Zero Balance,2,High Salary / Low Balance (Wallet-Share Risk),False,False
15761286,Low Balance,3,High Salary / Low Balance (Wallet-Share Risk),False,False
15658240,Medium Balance,2,Aligned,False,False
15706232,Zero Balance,2,High Salary / Low Balance (Wallet-Share Risk),False,False
15583394,Low Balance,3,High Salary / Low Balance (Wallet-Share Risk),False,False
15715643,Zero Balance,3,High Salary / Low Balance (Wallet-Share Risk),False,False
15644856,Low Balance,3,High Salary / Low Balance (Wallet-Share Risk),False,False
15785488,Zero Balance,2,High Salary / Low Balance (Wallet-Share Risk),False,False
15711571,Medium Balance,3,Aligned,False,False
15778604,Zero Balance,2,High Salary / Low Balance (Wallet-Share Risk),False,False
15751180,Low Balance,3,High Salary / Low Balance (Wallet-Share Risk),False,False
15748360,Medium Balance,3,Aligned,False,False
15770039,Low Balance,0,Aligned,False,False
15685096,Zero Balance,0,Aligned,False,False
15669501,Zero Balance,1,Aligned,False,False
15622631,High Balance,0,High Balance / Low Salary (Unusual Profile),False,False
15586699,Zero Balance,0,Aligned,False,False
15702377,Medium Balance,1,Aligned,False,False
15577170,Low Balance,0,Aligned,False,False
15769451,Zero Balance,0,Aligned,False,False
15811877,Zero Balance,2,High Salary / Low Balance (Wallet-Share Risk),False,False
15648725,Zero Balance,2,High Salary / Low Balance (Wallet-Share Risk),False,False
15752801,Medium Balance,3,Aligned,False,False
15808175,Low Balance,2,Aligned,False,False
15681342,Low Balance,2,Aligned,False,False
15589210,Zero Balance,0,Aligned,False,False
15696826,Low Balance,0,Aligned,False,False
15614962,Low Balance,2,Aligned,False,False
15689061,Low Balance,2,Aligned,False,False
15640074,Zero Balance,3,High Salary / Low Balance (Wallet-Share Risk),False,False
15776156,Medium Balance,3,Aligned,False,False
15739548,Low Balance,2,Aligned,False,False
15662854,High Balance,1,High Balance / Low Salary (Unusual Profile),False,False
15687688,High Balance,0,High Balance / Low Salary (Unusual Profile),False,False
15715750,Low Balance,1,Aligned,False,False
15571121,Medium Balance,0,High Balance / Low Salary (Unusual Profile),False,False
15726466,Low Balance,2,Aligned,False,False
15660390,Zero Balance,2,High Salary / Low Balance (Wallet-Share Risk),False,False
15663942,Zero Balance,1,Aligned,False,False
15638610,Low Balance,3,High Salary / Low Balance (Wallet-Share Risk),False,False
15644446,Zero Balance,0,Aligned,False,False
15585892,Zero Balance,3,High Salary / Low Balance (Wallet-Share Risk),False,False
15609356,Zero Balance,1,Aligned,False,False
15803378,Zero Balance,3,High Salary / Low Balance (Wallet-Share Risk),False,False
15599440,Zero Balance,1,Aligned,False,False
15692408,Zero Balance,0,Aligned,False,False
15683168,Zero Balance,3,High Salary / Low Balance (Wallet-Share Risk),False,False
15790254,Low Balance,0,Aligned,False,False
15767729,High Balance,0,High Balance / Low Salary (Unusual Profile),False,False
15768600,Medium Balance,1,Aligned,False,False
15699839,High Balance,1,High Balance / Low Salary (Unusual Profile),False,False
15786237,Zero Balance,0,Aligned,False,False
15694530,High Balance,3,Aligned,True,False
15796813,High Balance,3,Aligned,True,True
15605791,High Balance,0,High Balance / Low Salary (Unusual Profile),False,False
15714087,High Balance,1,High Balance / Low Salary (Unusual Profile),False,False
15711446,Zero Balance,1,Aligned,False,False
15588123,Zero Balance,2,High Salary / Low Balance (Wallet-Share Risk),False,False
15748552,High Balance,2,Aligned,False,False
15618410,High Balance,1,High Balance / Low Salary (Unusual Profile),False,False
15672432,Zero Balance,0,Aligned,False,False
15610042,Low Balance,2,Aligned,False,False
15580914,Low Balance,0,Aligned,False,False
15583680,Zero Balance,2,High Salary / Low Balance (Wallet-Share Risk),False,False
15813718,Zero Balance,3,High Salary / Low Balance (Wallet-Share Risk),False,False
15767264,Low Balance,1,Aligned,False,False
15686461,Medium Balance,2,Aligned,False,False
15678882,Medium Balance,0,High Balance / Low Salary (Unusual Profile),False,False
15789611,High Balance,1,High Balance / Low Salary (Unusual Profile),False,False
15668679,Zero Balance,0,Aligned,False,False
15631685,High Balance,1,High Balance / Low Salary (Unusual Profile),False,False
15655658,Zero Balance,0,Aligned,False,False
15753591,Zero Balance,2,High Salary / Low Balance (Wallet-Share Risk),False,False
15617348,Zero Balance,1,Aligned,False,False
15704581,Low Balance,3,High Salary / Low Balance (Wallet-Share Risk),False,False
15738487,Zero Balance,0,Aligned,False,False
15648069,Zero Balance,3,High Salary / Low Balance (Wallet-Share Risk),False,False
15737627,Medium Balance,0,High Balance / Low Salary (Unusual Profile),False,False
15731586,Medium Balance,1,Aligned,False,False
15757467,Zero Balance,0,Aligned,False,False
15597709,High Balance,3,Aligned,True,True
15720529,Zero Balance,2,High Salary / Low Balance (Wallet-Share Risk),False,False
15596797,Zero Balance,2,High Salary / Low Balance (Wallet-Share Risk),False,False
15681755,Zero Balance,0,Aligned,False,False
15815271,High Balance,0,High Balance / Low Salary (Unusual Profile),False,False
15682860,Zero Balance,2,High Salary / Low Balance (Wallet-Share Risk),False,False
15621546,Medium Balance,3,Aligned,False,False
15705918,Zero Balance,1,Aligned,False,False
15684512,Medium Balance,1,Aligned,False,False
15671769,High Balance,1,High Balance / Low Salary (Unusual Profile),False,False
15642934,Low Balance,3,High Salary / Low Balance (Wallet-Share Risk),False,False
15594305,Zero Balance,0,Aligned,False,False
15789201,High Balance,3,Aligned,True,True
15706762,High Balance,1,High Balance / Low Salary (Unusual Profile),False,False
15766183,Medium Balance,1,Aligned,False,False
15777994,Zero Balance,2,High Salary / Low Balance (Wallet-Share Risk),False,False
15568162,Zero Balance,1,Aligned,False,False
15680643,Zero Balance,3,High Salary / Low Balance (Wallet-Share Risk),False,False
15761854,Zero Balance,1,Aligned,False,False
15730793,Low Balance,3,High Salary / Low Balance (Wallet-Share Risk),False,False
15692137,Zero Balance,2,High Salary / Low Balance (Wallet-Share Risk),False,False
15608595,High Balance,1,High Balance / Low Salary (Unusual Profile),False,False
15709459,Zero Balance,3,High Salary / Low Balance (Wallet-Share Risk),False,False
15775750,Medium Balance,0,High Balance / Low Salary (Unusual Profile),False,False
15585855,Zero Balance,0,Aligned,False,False
15752139,Low Balance,0,Aligned,False,False
15768295,Low Balance,2,Aligned,False,False
15766906,Medium Balance,2,Aligned,False,False
15725776,Low Balance,2,Aligned,False,False
15682576,High Balance,2,Aligned,False,False
15704081,Medium Balance,1,Aligned,False,False
15719940,Low Balance,0,Aligned,False,False
15672894,Medium Balance,3,Aligned,False,False
15667451,Zero Balance,2,High Salary / Low Balance (Wallet-Share Risk),False,False
15636767,Zero Balance,0,Aligned,False,False
15571415,High Balance,0,High Balance / Low Salary (Unusual Profile),False,False
15575605,Zero Balance,3,High Salary / Low Balance (Wallet-Share Risk),False,False
15649160,Medium Balance,3,Aligned,False,False
15615832,High Balance,0,High Balance / Low Salary (Unusual Profile),False,False
15600975,High Balance,3,Aligned,True,True
15690772,Zero Balance,2,High Salary / Low Balance (Wallet-Share Risk),False,False
15565714,Low Balance,1,Aligned,False,False
15763108,Low Balance,1,Aligned,False,False
15723884,Zero Balance,1,Aligned,False,False
15644453,Medium Balance,3,Aligned,False,False
15655464,Zero Balance,0,Aligned,False,False
15783883,Low Balance,2,Aligned,False,False
15787693,High Balance,1,High Balance / Low Salary (Unusual Profile),False,False
15664793,High Balance,3,Aligned,True,False
15642391,Low Balance,3,High Salary / Low Balance (Wallet-Share Risk),False,False
15756538,Zero Balance,1,Aligned,False,False
15668830,Low Balance,2,Aligned,False,False
15796569,Zero Balance,0,Aligned,False,False
15677112,Low Balance,1,Aligned,False,False
15815040,Low Balance,3,High Salary / Low Balance (Wallet-Share Risk),False,False
15590434,Low Balance,2,Aligned,False,False
15597536,Medium Balance,2,Aligned,False,False
15723989,Low Balance,3,High Salary / Low Balance (Wallet-Share Risk),False,False
15767358,Low Balance,0,Aligned,False,False
15594812,Medium Balance,1,Aligned,False,False
15688210,Low Balance,1,Aligned,False,False
15681509,Zero Balance,1,Aligned,False,False
15572390,Zero Balance,2,High Salary / Low Balance (Wallet-Share Risk),False,False
15801441,Low Balance,3,High Salary / Low Balance (Wallet-Share Risk),False,False
15783859,High Balance,0,High Balance / Low Salary (Unusual Profile),False,False
15575243,Medium Balance,3,Aligned,False,False
15773421,Zero Balance,2,High Salary / Low Balance (Wallet-Share Risk),False,False
15788776,Medium Balance,0,High Balance / Low Salary (Unusual Profile),False,False
15765257,Medium Balance,0,High Balance / Low Salary (Unusual Profile),False,False
15661412,High Balance,3,Aligned,True,True
15636478,Medium Balance,2,Aligned,False,False
15603683,High Balance,2,Aligned,False,False
15651868,Zero Balance,0,Aligned,False,False
15815443,Medium Balance,1,Aligned,False,False
15682686,Zero Balance,3,High Salary / Low Balance (Wallet-Share Risk),False,False
15697460,Low Balance,0,Aligned,False,False
15748432,Zero Balance,1,Aligned,False,False
15698271,Zero Balance,3,High Salary / Low Balance (Wallet-Share Risk),False,False
15808662,Zero Balance,1,Aligned,False,False
15690372,High Balance,3,Aligned,True,True
15781875,Low Balance,2,Aligned,False,False
15801473,Low Balance,1,Aligned,False,False
15704509,Medium Balance,1,Aligned,False,False
15694666,Low Balance,2,Aligned,False,False
15731166,Medium Balance,2,Aligned,False,False
15728523,High Balance,0,High Balance / Low Salary (Unusual Profile),False,False
15788442,High Balance,2,Aligned,False,False
15689781,Zero Balance,3,High Salary / Low Balance (Wallet-Share Risk),False,False
15764226,Low Balance,0,Aligned,False,False
15809837,Medium Balance,3,Aligned,False,False
15805212,Zero Balance,2,High Salary / Low Balance (Wallet-Share Risk),False,False
15716082,High Balance,3,Aligned,True,True
15643056,Low Balance,0,Aligned,False,False
15654859,Medium Balance,2,Aligned,False,False
15761158,Zero Balance,2,High Salary / Low Balance (Wallet-Share Risk),False,False
15577515,Low Balance,2,Aligned,False,False
15723827,Low Balance,3,High Salary / Low Balance (Wallet-Share Risk),False,False
15646594,Low Balance,1,Aligned,False,False
15712877,Zero Balance,1,Aligned,False,False
15598802,Zero Balance,0,Aligned,False,False
15699340,Zero Balance,1,Aligned,False,False
15691150,Low Balance,2,Aligned,False,False
15608688,Zero Balance,1,Aligned,False,False
15737998,Zero Balance,2,High Salary / Low Balance (Wallet-Share Risk),False,False
15735837,Zero Balance,0,Aligned,False,False
15659100,Medium Balance,2,Aligned,False,False
15609070,Medium Balance,0,High Balance / Low Salary (Unusual Profile),False,False
15650313,Medium Balance,1,Aligned,False,False
15627699,Low Balance,3,High Salary / Low Balance (Wallet-Share Risk),False,False
15591010,Low Balance,1,Aligned,False,False
15798895,Low Balance,1,Aligned,False,False
15745375,Low Balance,3,High Salary / Low Balance (Wallet-Share Risk),False,False
15775235,Low Balance,1,Aligned,False,False
15780088,Medium Balance,3,Aligned,False,False
15649379,Zero Balance,3,High Salary / Low Balance (Wallet-Share Risk),False,False
15713983,Low Balance,3,High Salary / Low Balance (Wallet-Share Risk),False,False
15709252,Low Balance,0,Aligned,False,False
15699238,Zero Balance,1,Aligned,False,False
15732884,Medium Balance,3,Aligned,False,False
15587297,Zero Balance,1,Aligned,False,False
15684722,Medium Balance,3,Aligned,False,False
15621244,Low Balance,1,Aligned,False,False
15744273,Medium Balance,1,Aligned,False,False
15682540,Zero Balance,2,High Salary / Low Balance (Wallet-Share Risk),False,False
15636521,Medium Balance,2,Aligned,False,False
15785339,Low Balance,1,Aligned,False,False
15638983,Medium Balance,2,Aligned,False,False
15654625,Medium Balance,0,High Balance / Low Salary (Unusual Profile),False,False
15697310,High Balance,1,High Balance / Low Salary (Unusual Profile),False,False
15678210,Low Balance,3,High Salary / Low Balance (Wallet-Share Risk),False,False
15575438,Low Balance,1,Aligned,False,False
15632789,Zero Balance,0,Aligned,False,False
15621423,Low Balance,0,Aligned,False,False
15573520,Low Balance,2,Aligned,False,False
15740458,Medium Balance,2,Aligned,False,False
15762799,High Balance,2,Aligned,False,False
15686885,Medium Balance,1,Aligned,False,False
15565996,Zero Balance,3,High Salary / Low Balance (Wallet-Share Risk),False,False
15662152,Medium Balance,1,Aligned,False,False
15711742,Zero Balance,1,Aligned,False,False
15701885,Zero Balance,1,Aligned,False,False
15774262,Low Balance,3,High Salary / Low Balance (Wallet-Share Risk),False,False
15567839,Low Balance,1,Aligned,False,False
15644400,Medium Balance,2,Aligned,False,False
15797246,Low Balance,0,Aligned,False,False
15778290,Low Balance,0,Aligned,False,False
15708714,Zero Balance,0,Aligned,False,False
15586183,Zero Balance,1,Aligned,False,False
15761733,Zero Balance,3,High Salary / Low Balance (Wallet-Share Risk),False,False
15773934,Low Balance,1,Aligned,False,False
15705343,Zero Balance,0,Aligned,False,False
15593959,Low Balance,1,Aligned,False,False
15664615,Medium Balance,0,High Balance / Low Salary (Unusual Profile),False,False
15671014,Low Balance,1,Aligned,False,False
15657778,Low Balance,2,Aligned,False,False
15585192,Medium Balance,1,Aligned,False,False
15592914,Zero Balance,0,Aligned,False,False
15770995,Medium Balance,3,Aligned,False,False
15570990,High Balance,2,Aligned,False,False
15596165,Low Balance,1,Aligned,False,False
15788131,Zero Balance,0,Aligned,False,False
15800773,Low Balance,3,High Salary / Low Balance (Wallet-Share Risk),False,False
15690153,Low Balance,3,High Salary / Low Balance (Wallet-Share Risk),False,False
15638989,High Balance,1,High Balance / Low Salary (Unusual Profile),False,False
15623210,High Balance,2,Aligned,False,False
15652658,High Balance,0,High Balance / Low Salary (Unusual Profile),False,False
15684440,Low Balance,1,Aligned,False,False
15730287,High Balance,3,Aligned,True,True
15720353,Zero Balance,1,Aligned,False,False
15767231,High Balance,2,Aligned,False,False
15761554,Low Balance,0,Aligned,False,False
15706637,Zero Balance,2,High Salary / Low Balance (Wallet-Share Risk),False,False
15690492,Low Balance,1,Aligned,False,False
15694237,Low Balance,0,Aligned,False,False
15729771,High Balance,1,High Balance / Low Salary (Unusual Profile),False,False
15609823,Medium Balance,0,High Balance / Low Salary (Unusual Profile),False,False
15793366,Low Balance,3,High Salary / Low Balance (Wallet-Share Risk),False,False
15614813,Low Balance,0,Aligned,False,False
15566495,Zero Balance,0,Aligned,False,False
15707602,Medium Balance,3,Aligned,False,False
15635244,Zero Balance,1,Aligned,False,False
15805627,Zero Balance,1,Aligned,False,False
15607986,High Balance,2,Aligned,False,False
15799785,Low Balance,2,Aligned,False,False
15699963,Medium Balance,3,Aligned,False,False
15624595,Medium Balance,0,High Balance / Low Salary (Unusual Profile),False,False
15629750,Medium Balance,1,Aligned,False,False
15651460,Zero Balance,0,Aligned,False,False
15753550,Zero Balance,2,High Salary / Low Balance (Wallet-Share Risk),False,False
15594133,Zero Balance,2,High Salary / Low Balance (Wallet-Share Risk),False,False
15772329,Low Balance,0,Aligned,False,False
15591552,Low Balance,2,Aligned,False,False
15750921,Low Balance,1,Aligned,False,False
15701687,Low Balance,1,Aligned,False,False
15728906,Zero Balance,3,High Salary / Low Balance (Wallet-Share Risk),False,False
15670029,Zero Balance,2,High Salary / Low Balance (Wallet-Share Risk),False,False
15763579,Low Balance,1,Aligned,False,False
15728010,Zero Balance,3,High Salary / Low Balance (Wallet-Share Risk),False,False
15663194,Low Balance,3,High Salary / Low Balance (Wallet-Share Risk),False,False
15736510,Zero Balance,1,Aligned,False,False
15745804,Zero Balance,3,High Salary / Low Balance (Wallet-Share Risk),False,False
15631451,Zero Balance,1,Aligned,False,False
15746995,Medium Balance,0,High Balance / Low Salary (Unusual Profile),False,False
15730673,Medium Balance,2,Aligned,False,False
15734649,Medium Balance,0,High Balance / Low Salary (Unusual Profile),False,False
15701081,Zero Balance,1,Aligned,False,False
15632503,High Balance,3,Aligned,True,True
15585928,Low Balance,0,Aligned,False,False
15648681,High Balance,2,Aligned,False,False
15747757,Low Balance,0,Aligned,False,False
15718921,Low Balance,2,Aligned,False,False
15571081,High Balance,1,High Balance / Low Salary (Unusual Profile),False,False
15734578,Low Balance,0,Aligned,False,False
15579583,Low Balance,1,Aligned,False,False
15622729,Zero Balance,1,Aligned,False,False
15662189,Zero Balance,0,Aligned,False,False
15692718,Zero Balance,1,Aligned,False,False
15762716,High Balance,0,High Balance / Low Salary (Unusual Profile),False,False
15724851,Low Balance,3,High Salary / Low Balance (Wallet-Share Risk),False,False
15587266,High Balance,2,Aligned,False,False
15675926,Low Balance,1,Aligned,False,False
15706268,High Balance,1,High Balance / Low Salary (Unusual Profile),False,False
15581871,Medium Balance,3,Aligned,False,False
15666166,Medium Balance,3,Aligned,False,False
15671582,Low Balance,3,High Salary / Low Balance (Wallet-Share Risk),False,False
15680901,Low Balance,2,Aligned,False,False
15642336,Zero Balance,2,High Salary / Low Balance (Wallet-Share Risk),False,False
15653147,Medium Balance,1,Aligned,False,False
15571284,Low Balance,1,Aligned,False,False
15591360,Low Balance,1,Aligned,False,False
15810485,Low Balance,1,Aligned,False,False
15611973,Zero Balance,2,High Salary / Low Balance (Wallet-Share Risk),False,False
15735572,Low Balance,2,Aligned,False,False
15567860,High Balance,0,High Balance / Low Salary (Unusual Profile),False,False
15795690,Low Balance,3,High Salary / Low Balance (Wallet-Share Risk),False,False
15706464,Low Balance,1,Aligned,False,False
15725028,Zero Balance,1,Aligned,False,False
15751167,Zero Balance,1,Aligned,False,False
15633944,Medium Balance,0,High Balance / Low Salary (Unusual Profile),False,False
15672637,Low Balance,2,Aligned,False,False
15680895,Zero Balance,3,High Salary / Low Balance (Wallet-Share Risk),False,False
15793825,Zero Balance,0,Aligned,False,False
15611318,Low Balance,2,Aligned,False,False
15768474,Zero Balance,0,Aligned,False,False
15716276,Low Balance,1,Aligned,False,False
15623668,High Balance,0,High Balance / Low Salary (Unusual Profile),False,False
15696361,Medium Balance,2,Aligned,False,False
15607988,High Balance,2,Aligned,False,False
15637891,High Balance,0,High Balance / Low Salary (Unusual Profile),False,False
15789865,Low Balance,3,High Salary / Low Balance (Wallet-Share Risk),False,False
15627190,High Balance,1,High Balance / Low Salary (Unusual Profile),False,False
15788224,Medium Balance,2,Aligned,False,False
15702149,High Balance,2,Aligned,False,False
15708236,Low Balance,0,Aligned,False,False
15568469,Zero Balance,0,Aligned,False,False
15764444,Medium Balance,1,Aligned,False,False
15794204,Low Balance,0,Aligned,False,False
15807546,Zero Balance,0,Aligned,False,False
15782159,Low Balance,3,High Salary / Low Balance (Wallet-Share Risk),False,False
15618703,High Balance,3,Aligned,True,False
15793317,High Balance,2,Aligned,False,False
15740487,Zero Balance,2,High Salary / Low Balance (Wallet-Share Risk),False,False
15722479,Zero Balance,0,Aligned,False,False
15688264,Zero Balance,0,Aligned,False,False
15583067,Low Balance,1,Aligned,False,False
15686670,Zero Balance,1,Aligned,False,False
15593345,Medium Balance,3,Aligned,False,False
15811690,Medium Balance,0,High Balance / Low Salary (Unusual Profile),False,False
15734008,High Balance,1,High Balance / Low Salary (Unusual Profile),False,False
15771856,Zero Balance,0,Aligned,False,False
15762045,High Balance,2,Aligned,False,False
15778142,Medium Balance,0,High Balance / Low Salary (Unusual Profile),False,False
15689268,Zero Balance,2,High Salary / Low Balance (Wallet-Share Risk),False,False
15721507,Low Balance,3,High Salary / Low Balance (Wallet-Share Risk),False,False
15750476,Zero Balance,0,Aligned,False,False
15810723,Zero Balance,2,High Salary / Low Balance (Wallet-Share Risk),False,False
15787229,Zero Balance,1,Aligned,False,False
15570508,Low Balance,1,Aligned,False,False
15617065,High Balance,3,Aligned,True,True
15689786,High Balance,3,Aligned,True,True
15648876,Zero Balance,0,Aligned,False,False
15802106,High Balance,3,Aligned,True,True
15773869,Medium Balance,1,Aligned,False,False
15711635,Medium Balance,1,Aligned,False,False
15795527,Medium Balance,1,Aligned,False,False
15759133,Zero Balance,0,Aligned,False,False
15679394,Low Balance,2,Aligned,False,False
15801072,Zero Balance,3,High Salary / Low Balance (Wallet-Share Risk),False,False
15646082,Low Balance,1,Aligned,False,False
15796111,High Balance,2,Aligned,False,False
15670646,High Balance,0,High Balance / Low Salary (Unusual Profile),False,False
15578722,Zero Balance,3,High Salary / Low Balance (Wallet-Share Risk),False,False
15815095,Low Balance,0,Aligned,False,False
15730360,Zero Balance,1,Aligned,False,False
15763194,Zero Balance,2,High Salary / Low Balance (Wallet-Share Risk),False,False
15720725,Zero Balance,3,High Salary / Low Balance (Wallet-Share Risk),False,False
15567834,Low Balance,0,Aligned,False,False
15720644,Zero Balance,2,High Salary / Low Balance (Wallet-Share Risk),False,False
15811742,Zero Balance,0,Aligned,False,False
15813363,Zero Balance,1,Aligned,False,False
15717629,Low Balance,2,Aligned,False,False
15713160,High Balance,2,Aligned,False,False
15568878,Zero Balance,3,High Salary / Low Balance (Wallet-Share Risk),False,False
15809800,Zero Balance,0,Aligned,False,False
15736420,High Balance,3,Aligned,True,False
15757933,Low Balance,0,Aligned,False,False
15623072,Zero Balance,1,Aligned,False,False
15683993,High Balance,3,Aligned,True,True
15570947,High Balance,2,Aligned,False,False
15797767,Zero Balance,2,High Salary / Low Balance (Wallet-Share Risk),False,False
15731989,Medium Balance,0,High Balance / Low Salary (Unusual Profile),False,False
15591035,Zero Balance,1,Aligned,False,False
15586479,Zero Balance,3,High Salary / Low Balance (Wallet-Share Risk),False,False
15605872,Low Balance,1,Aligned,False,False
15666012,Low Balance,0,Aligned,False,False
15641733,High Balance,2,Aligned,False,False
15593178,High Balance,1,High Balance / Low Salary (Unusual Profile),False,False
15649183,Zero Balance,1,Aligned,False,False
15736399,Zero Balance,3,High Salary / Low Balance (Wallet-Share Risk),False,False
15751137,High Balance,3,Aligned,True,True
15757188,High Balance,1,High Balance / Low Salary (Unusual Profile),False,False
15726167,Zero Balance,2,High Salary / Low Balance (Wallet-Share Risk),False,False
15624850,High Balance,1,High Balance / Low Salary (Unusual Profile),False,False
15717700,Low Balance,0,Aligned,False,False
15716347,High Balance,3,Aligned,True,False
15696287,Low Balance,0,Aligned,False,False
15638871,Low Balance,1,Aligned,False,False
15765093,High Balance,3,Aligned,True,False
15592999,Low Balance,1,Aligned,False,False
15641715,Zero Balance,3,High Salary / Low Balance (Wallet-Share Risk),False,False
15607746,Zero Balance,1,Aligned,False,False
15625311,Low Balance,2,Aligned,False,False
15573077,High Balance,1,High Balance / Low Salary (Unusual Profile),False,False
15735106,High Balance,2,Aligned,False,False
15672912,Medium Balance,1,Aligned,False,False
15589881,Zero Balance,2,High Salary / Low Balance (Wallet-Share Risk),False,False
15660144,Zero Balance,1,Aligned,False,False
15664083,High Balance,1,High Balance / Low Salary (Unusual Profile),False,False
15690898,High Balance,1,High Balance / Low Salary (Unusual Profile),False,False
15808023,Medium Balance,3,Aligned,False,False
15676909,Zero Balance,3,High Salary / Low Balance (Wallet-Share Risk),False,False
15764922,High Balance,2,Aligned,False,False
15766734,Zero Balance,1,Aligned,False,False
15795079,Zero Balance,2,High Salary / Low Balance (Wallet-Share Risk),False,False
15757434,Low Balance,0,Aligned,False,False
15673747,Zero Balance,3,High Salary / Low Balance (Wallet-Share Risk),False,False
15808386,Medium Balance,1,Aligned,False,False
15603565,Low Balance,3,High Salary / Low Balance (Wallet-Share Risk),False,False
15744044,Low Balance,3,High Salary / Low Balance (Wallet-Share Risk),False,False
15577771,Low Balance,2,Aligned,False,False
15769548,Medium Balance,1,Aligned,False,False
15802071,Low Balance,3,High Salary / Low Balance (Wallet-Share Risk),False,False
15677395,Medium Balance,3,Aligned,False,False
15632010,Medium Balance,1,Aligned,False,False
15779492,Low Balance,2,Aligned,False,False
15694677,Zero Balance,2,High Salary / Low Balance (Wallet-Share Risk),False,False
15704315,High Balance,2,Aligned,False,False
15742009,Zero Balance,3,High Salary / Low Balance (Wallet-Share Risk),False,False
15766663,Zero Balance,0,Aligned,False,False
15742297,High Balance,1,High Balance / Low Salary (Unusual Profile),False,False
15688059,Low Balance,2,Aligned,False,False
15752344,Zero Balance,3,High Salary / Low Balance (Wallet-Share Risk),False,False
15698749,Low Balance,2,Aligned,False,False
15631693,Zero Balance,1,Aligned,False,False
15604536,High Balance,1,High Balance / Low Salary (Unusual Profile),False,False
15802869,Low Balance,1,Aligned,False,False
15635598,Zero Balance,3,High Salary / Low Balance (Wallet-Share Risk),False,False
15592326,Zero Balance,0,Aligned,False,False
15736533,Medium Balance,2,Aligned,False,False
15647191,Zero Balance,0,Aligned,False,False
15622507,Low Balance,0,Aligned,False,False
15765487,High Balance,3,Aligned,True,False
15646521,Zero Balance,2,High Salary / Low Balance (Wallet-Share Risk),False,False
15746258,Low Balance,0,Aligned,False,False
15692430,Medium Balance,2,Aligned,False,False
15625501,Medium Balance,2,Aligned,False,False
15640521,High Balance,1,High Balance / Low Salary (Unusual Profile),False,False
15790630,Zero Balance,0,Aligned,False,False
15664720,Medium Balance,3,Aligned,False,False
15750055,Low Balance,3,High Salary / Low Balance (Wallet-Share Risk),False,False
15644878,Low Balance,1,Aligned,False,False
15754578,Medium Balance,3,Aligned,False,False
15705379,Zero Balance,1,Aligned,False,False
15761047,High Balance,1,High Balance / Low Salary (Unusual Profile),False,False
15671293,Medium Balance,0,High Balance / Low Salary (Unusual Profile),False,False
15687527,Zero Balance,3,High Salary / Low Balance (Wallet-Share Risk),False,False
15647898,Medium Balance,3,Aligned,False,False
15671534,Low Balance,0,Aligned,False,False
15591248,Low Balance,0,Aligned,False,False
15676156,Low Balance,3,High Salary / Low Balance (Wallet-Share Risk),False,False
15812918,Low Balance,1,Aligned,False,False
15604130,High Balance,1,High Balance / Low Salary (Unusual Profile),False,False
15700549,Zero Balance,0,Aligned,False,False
15715519,Zero Balance,2,High Salary / Low Balance (Wallet-Share Risk),False,False
15707042,Low Balance,1,Aligned,False,False
15605276,Zero Balance,3,High Salary / Low Balance (Wallet-Share Risk),False,False
15630592,Zero Balance,1,Aligned,False,False
15636626,Low Balance,1,Aligned,False,False
15740411,High Balance,2,Aligned,False,False
15593834,Medium Balance,1,Aligned,False,False
15804235,High Balance,1,High Balance / Low Salary (Unusual Profile),False,False
15679801,High Balance,0,High Balance / Low Salary (Unusual Profile),False,False
15673907,Zero Balance,2,High Salary / Low Balance (Wallet-Share Risk),False,False
15636562,Zero Balance,1,Aligned,False,False
15702571,High Balance,2,Aligned,False,False
15627365,Zero Balance,3,High Salary / Low Balance (Wallet-Share Risk),False,False
15748499,Low Balance,0,Aligned,False,False
15598614,Zero Balance,3,High Salary / Low Balance (Wallet-Share Risk),False,False
15668889,Low Balance,0,Aligned,False,False
15800049,Zero Balance,2,High Salary / Low Balance (Wallet-Share Risk),False,False
15583724,Zero Balance,1,Aligned,False,False
15622083,High Balance,0,High Balance / Low Salary (Unusual Profile),False,False
15645571,Zero Balance,2,High Salary / Low Balance (Wallet-Share Risk),False,False
15598266,Zero Balance,3,High Salary / Low Balance (Wallet-Share Risk),False,False
15667934,Medium Balance,1,Aligned,False,False
15569682,Low Balance,0,Aligned,False,False
15772941,Low Balance,1,Aligned,False,False
15586174,Low Balance,2,Aligned,False,False
15803682,Low Balance,1,Aligned,False,False
15627328,Zero Balance,1,Aligned,False,False
15717065,Low Balance,0,Aligned,False,False
15602456,Low Balance,2,Aligned,False,False
15721569,Low Balance,2,Aligned,False,False
15573798,Low Balance,1,Aligned,False,False
15638272,Low Balance,2,Aligned,False,False
15799859,High Balance,2,Aligned,False,False
15599152,High Balance,2,Aligned,False,False
15737909,Low Balance,1,Aligned,False,False
15646190,Medium Balance,3,Aligned,False,False
15711249,Zero Balance,1,Aligned,False,False
15671987,High Balance,1,High Balance / Low Salary (Unusual Profile),False,False
15812766,High Balance,3,Aligned,True,True
15778589,Low Balance,1,Aligned,False,False
15750104,Medium Balance,0,High Balance / Low Salary (Unusual Profile),False,False
15784526,Low Balance,3,High Salary / Low Balance (Wallet-Share Risk),False,False
15646563,Zero Balance,0,Aligned,False,False
15744423,Zero Balance,1,Aligned,False,False
15593694,Zero Balance,3,High Salary / Low Balance (Wallet-Share Risk),False,False
15785367,Zero Balance,1,Aligned,False,False
15687765,Low Balance,2,Aligned,False,False
15789014,Low Balance,1,Aligned,False,False
15703177,Low Balance,1,Aligned,False,False
15660263,Low Balance,3,High Salary / Low Balance (Wallet-Share Risk),False,False
15776545,High Balance,1,High Balance / Low Salary (Unusual Profile),False,False
15683276,High Balance,2,Aligned,False,False
15599272,High Balance,2,Aligned,False,False
15589541,Zero Balance,0,Aligned,False,False
15608804,Medium Balance,1,Aligned,False,False
15645820,Zero Balance,2,High Salary / Low Balance (Wallet-Share Risk),False,False
15659031,Medium Balance,2,Aligned,False,False
15790113,Low Balance,2,Aligned,False,False
15652289,Zero Balance,3,High Salary / Low Balance (Wallet-Share Risk),False,False
15605341,Low Balance,2,Aligned,False,False
15697844,Zero Balance,2,High Salary / Low Balance (Wallet-Share Risk),False,False
15652048,Low Balance,3,High Salary / Low Balance (Wallet-Share Risk),False,False
15587038,Zero Balance,1,Aligned,False,False
15660528,Zero Balance,1,Aligned,False,False
15700300,Medium Balance,3,Aligned,False,False
15642001,Low Balance,2,Aligned,False,False
15580366,Low Balance,3,High Salary / Low Balance (Wallet-Share Risk),False,False
15657228,Low Balance,2,Aligned,False,False
15729377,Zero Balance,3,High Salary / Low Balance (Wallet-Share Risk),False,False
15686913,Zero Balance,1,Aligned,False,False
15631267,High Balance,2,Aligned,False,False
15632275,Zero Balance,2,High Salary / Low Balance (Wallet-Share Risk),False,False
15715907,Low Balance,0,Aligned,False,False
15764841,Medium Balance,0,High Balance / Low Salary (Unusual Profile),False,False
15748649,Low Balance,1,Aligned,False,False
15771409,High Balance,3,Aligned,True,True
15779207,Medium Balance,1,Aligned,False,False
15814116,Zero Balance,2,High Salary / Low Balance (Wallet-Share Risk),False,False
15665087,Low Balance,3,High Salary / Low Balance (Wallet-Share Risk),False,False
15611189,Low Balance,2,Aligned,False,False
15729718,Zero Balance,1,Aligned,False,False
15733602,Zero Balance,2,High Salary / Low Balance (Wallet-Share Risk),False,False
15620103,High Balance,3,Aligned,True,False
15770406,Medium Balance,0,High Balance / Low Salary (Unusual Profile),False,False
15800554,Zero Balance,1,Aligned,False,False
15611409,Zero Balance,2,High Salary / Low Balance (Wallet-Share Risk),False,False
15646535,Low Balance,1,Aligned,False,False
15575430,Low Balance,3,High Salary / Low Balance (Wallet-Share Risk),False,False
15711299,High Balance,2,Aligned,False,False
15642063,High Balance,1,High Balance / Low Salary (Unusual Profile),False,False
15706602,Low Balance,3,High Salary / Low Balance (Wallet-Share Risk),False,False
15592773,Low Balance,1,Aligned,False,False
15786539,Zero Balance,0,Aligned,False,False
15737542,Low Balance,3,High Salary / Low Balance (Wallet-Share Risk),False,False
15590234,Zero Balance,0,Aligned,False,False
15773776,Zero Balance,3,High Salary / Low Balance (Wallet-Share Risk),False,False
15728082,Zero Balance,0,Aligned,False,False
15609987,Medium Balance,3,Aligned,False,False
15735330,Zero Balance,0,Aligned,False,False
15649430,Zero Balance,2,High Salary / Low Balance (Wallet-Share Risk),False,False
15768777,Zero Balance,1,Aligned,False,False
15777893,Zero Balance,0,Aligned,False,False
15791326,Zero Balance,3,High Salary / Low Balance (Wallet-Share Risk),False,False
15615176,Zero Balance,3,High Salary / Low Balance (Wallet-Share Risk),False,False
15735221,Zero Balance,1,Aligned,False,False
15617991,Medium Balance,0,High Balance / Low Salary (Unusual Profile),False,False
15658504,Medium Balance,2,Aligned,False,False
15785705,Low Balance,2,Aligned,False,False
15801817,Medium Balance,3,Aligned,False,False
15752578,Medium Balance,2,Aligned,False,False
15781574,Medium Balance,0,High Balance / Low Salary (Unusual Profile),False,False
15792107,Zero Balance,3,High Salary / Low Balance (Wallet-Share Risk),False,False
15569917,Low Balance,2,Aligned,False,False
15721504,Zero Balance,2,High Salary / Low Balance (Wallet-Share Risk),False,False
15757306,Zero Balance,1,Aligned,False,False
15647295,Zero Balance,2,High Salary / Low Balance (Wallet-Share Risk),False,False
15642098,Low Balance,2,Aligned,False,False
15696120,Zero Balance,2,High Salary / Low Balance (Wallet-Share Risk),False,False
15675176,High Balance,3,Aligned,True,False
15700046,Low Balance,3,High Salary / Low Balance (Wallet-Share Risk),False,False
15782089,Zero Balance,1,Aligned,False,False
15706394,Zero Balance,1,Aligned,False,False
15759387,Low Balance,1,Aligned,False,False
15623369,Low Balance,0,Aligned,False,False
15732943,Low Balance,3,High Salary / Low Balance (Wallet-Share Risk),False,False
15750545,Zero Balance,2,High Salary / Low Balance (Wallet-Share Risk),False,False
15809909,Zero Balance,0,Aligned,False,False
15642448,Medium Balance,2,Aligned,False,False
15791944,High Balance,2,Aligned,False,False
15768342,Low Balance,0,Aligned,False,False
15567919,High Balance,2,Aligned,False,False
15674750,Zero Balance,0,Aligned,False,False
15778345,Low Balance,0,Aligned,False,False
15687634,Low Balance,0,Aligned,False,False
15666096,Zero Balance,2,High Salary / Low Balance (Wallet-Share Risk),False,False
15581700,Low Balance,3,High Salary / Low Balance (Wallet-Share Risk),False,False
15656417,Medium Balance,3,Aligned,False,False
15649101,Medium Balance,3,Aligned,False,False
15781975,Zero Balance,2,High Salary / Low Balance (Wallet-Share Risk),False,False
15700511,High Balance,2,Aligned,False,False
15770255,Low Balance,1,Aligned,False,False
15643574,Zero Balance,3,High Salary / Low Balance (Wallet-Share Risk),False,False
15595010,Zero Balance,1,Aligned,False,False
15580579,Zero Balance,0,Aligned,False,False
15748532,Zero Balance,3,High Salary / Low Balance (Wallet-Share Risk),False,False
15773789,Low Balance,1,Aligned,False,False
15600027,Zero Balance,1,Aligned,False,False
15620832,Zero Balance,1,Aligned,False,False
15568819,Medium Balance,3,Aligned,False,False
15748691,High Balance,3,Aligned,True,False
15583552,Low Balance,1,Aligned,False,False
15588019,Low Balance,2,Aligned,False,False
15713250,Zero Balance,2,High Salary / Low Balance (Wallet-Share Risk),False,False
15569595,Zero Balance,0,Aligned,False,False
15794868,Medium Balance,0,High Balance / Low Salary (Unusual Profile),False,False
15576680,Zero Balance,1,Aligned,False,False
15613699,Low Balance,3,High Salary / Low Balance (Wallet-Share Risk),False,False
15609758,High Balance,2,Aligned,False,False
15762392,Low Balance,1,Aligned,False,False
15693382,Zero Balance,3,High Salary / Low Balance (Wallet-Share Risk),False,False
15791769,Low Balance,1,Aligned,False,False
15712483,Zero Balance,0,Aligned,False,False
15636454,Low Balance,3,High Salary / Low Balance (Wallet-Share Risk),False,False
15710138,Zero Balance,1,Aligned,False,False
15571571,Medium Balance,3,Aligned,False,False
15638751,Zero Balance,1,Aligned,False,False
15598574,Zero Balance,0,Aligned,False,False
15796787,Low Balance,0,Aligned,False,False
15615670,Low Balance,0,Aligned,False,False
15705506,Zero Balance,1,Aligned,False,False
15599535,Medium Balance,1,Aligned,False,False
15768449,Low Balance,3,High Salary / Low Balance (Wallet-Share Risk),False,False
15725002,Zero Balance,0,Aligned,False,False
15611682,High Balance,2,Aligned,False,False
15749964,Low Balance,3,High Salary / Low Balance (Wallet-Share Risk),False,False
15678779,Zero Balance,0,Aligned,False,False
15752601,Zero Balance,2,High Salary / Low Balance (Wallet-Share Risk),False,False
15758477,Zero Balance,2,High Salary / Low Balance (Wallet-Share Risk),False,False
15629133,Zero Balance,2,High Salary / Low Balance (Wallet-Share Risk),False,False
15604963,Zero Balance,3,High Salary / Low Balance (Wallet-Share Risk),False,False
15796413,Zero Balance,3,High Salary / Low Balance (Wallet-Share Risk),False,False
15812470,Zero Balance,0,Aligned,False,False
15587443,Zero Balance,2,High Salary / Low Balance (Wallet-Share Risk),False,False
15689692,High Balance,3,Aligned,True,False
15779586,Low Balance,0,Aligned,False,False
15667588,Zero Balance,3,High Salary / Low Balance (Wallet-Share Risk),False,False
15624423,Low Balance,3,High Salary / Low Balance (Wallet-Share Risk),False,False
15591107,Low Balance,2,Aligned,False,False
15748986,High Balance,1,High Balance / Low Salary (Unusual Profile),False,False
15793896,Low Balance,1,Aligned,False,False
15620570,High Balance,1,High Balance / Low Salary (Unusual Profile),False,False
15727811,Low Balance,3,High Salary / Low Balance (Wallet-Share Risk),False,False
15707681,Low Balance,2,Aligned,False,False
15702030,Low Balance,3,High Salary / Low Balance (Wallet-Share Risk),False,False
15673238,High Balance,2,Aligned,False,False
15604196,High Balance,2,Aligned,False,False
15769356,Low Balance,0,Aligned,False,False
15665590,Zero Balance,1,Aligned,False,False
15572361,High Balance,3,Aligned,True,True
15667460,Zero Balance,0,Aligned,False,False
15654760,Low Balance,2,Aligned,False,False
15632669,Zero Balance,2,High Salary / Low Balance (Wallet-Share Risk),False,False
15613673,Zero Balance,2,High Salary / Low Balance (Wallet-Share Risk),False,False
15698522,Medium Balance,3,Aligned,False,False
15741633,High Balance,3,Aligned,True,False
15674583,Low Balance,0,Aligned,False,False
15665374,Zero Balance,1,Aligned,False,False
15588854,Low Balance,1,Aligned,False,False
15810716,High Balance,1,High Balance / Low Salary (Unusual Profile),False,False
15776921,Low Balance,0,Aligned,False,False
15569394,High Balance,3,Aligned,True,True
15788215,Medium Balance,1,Aligned,False,False
15641007,Low Balance,1,Aligned,False,False
15594651,Low Balance,1,Aligned,False,False
15575146,Low Balance,1,Aligned,False,False
15608916,High Balance,2,Aligned,False,False
15666297,Zero Balance,1,Aligned,False,False
15598586,Low Balance,2,Aligned,False,False
15665014,Zero Balance,1,Aligned,False,False
15701738,Low Balance,1,Aligned,False,False
15650591,Low Balance,2,Aligned,False,False
15652667,Zero Balance,2,High Salary / Low Balance (Wallet-Share Risk),False,False
15679622,Zero Balance,0,Aligned,False,False
15730150,Medium Balance,0,High Balance / Low Salary (Unusual Profile),False,False
15813192,Zero Balance,2,High Salary / Low Balance (Wallet-Share Risk),False,False
15606554,Zero Balance,3,High Salary / Low Balance (Wallet-Share Risk),False,False
15611794,Medium Balance,0,High Balance / Low Salary (Unusual Profile),False,False
15672357,Zero Balance,3,High Salary / Low Balance (Wallet-Share Risk),False,False
15711759,Low Balance,2,Aligned,False,False
15615296,Zero Balance,3,High Salary / Low Balance (Wallet-Share Risk),False,False
15699294,Zero Balance,1,Aligned,False,False
15788634,Low Balance,1,Aligned,False,False
15660871,Medium Balance,1,Aligned,False,False
15618258,High Balance,1,High Balance / Low Salary (Unusual Profile),False,False
15722535,Medium Balance,1,Aligned,False,False
15711977,High Balance,2,Aligned,False,False
15690169,High Balance,0,High Balance / Low Salary (Unusual Profile),False,False
15790689,Low Balance,2,Aligned,False,False
15665181,Zero Balance,0,Aligned,False,False
15633608,High Balance,1,High Balance / Low Salary (Unusual Profile),False,False
15805261,Zero Balance,3,High Salary / Low Balance (Wallet-Share Risk),False,False
15740356,Low Balance,3,High Salary / Low Balance (Wallet-Share Risk),False,False
15808223,Medium Balance,1,Aligned,False,False
15769980,Low Balance,2,Aligned,False,False
15675450,Zero Balance,1,Aligned,False,False
15776494,High Balance,0,High Balance / Low Salary (Unusual Profile),False,False
15592412,Medium Balance,1,Aligned,False,False
15777452,Low Balance,1,Aligned,False,False
15692258,Low Balance,2,Aligned,False,False
15791045,Medium Balance,2,Aligned,False,False
15807889,Low Balance,0,Aligned,False,False
15602043,High Balance,3,Aligned,True,True
15807335,Low Balance,1,Aligned,False,False
15629985,Low Balance,2,Aligned,False,False
15679453,Medium Balance,2,Aligned,False,False
15637315,Zero Balance,1,Aligned,False,False
15691513,Zero Balance,0,Aligned,False,False
15622289,Zero Balance,0,Aligned,False,False
15715184,High Balance,0,High Balance / Low Salary (Unusual Profile),False,False
15702801,Low Balance,1,Aligned,False,False
15719931,Zero Balance,3,High Salary / Low Balance (Wallet-Share Risk),False,False
15806081,Medium Balance,0,High Balance / Low Salary (Unusual Profile),False,False
15796336,Zero Balance,2,High Salary / Low Balance (Wallet-Share Risk),False,False
15647306,Medium Balance,3,Aligned,False,False
15742369,Zero Balance,0,Aligned,False,False
15655859,Medium Balance,1,Aligned,False,False
15675650,Low Balance,2,Aligned,False,False
15574119,Low Balance,3,High Salary / Low Balance (Wallet-Share Risk),False,False
15754168,Zero Balance,2,High Salary / Low Balance (Wallet-Share Risk),False,False
15763029,High Balance,1,High Balance / Low Salary (Unusual Profile),False,False
15765048,Zero Balance,3,High Salary / Low Balance (Wallet-Share Risk),False,False
15786215,Low Balance,0,Aligned,False,False
15707559,Zero Balance,3,High Salary / Low Balance (Wallet-Share Risk),False,False
15582129,Low Balance,3,High Salary / Low Balance (Wallet-Share Risk),False,False
15687540,Low Balance,1,Aligned,False,False
15787196,Zero Balance,2,High Salary / Low Balance (Wallet-Share Risk),False,False
15670898,Low Balance,0,Aligned,False,False
15775433,Low Balance,2,Aligned,False,False
15700693,Zero Balance,1,Aligned,False,False
15677955,Medium Balance,0,High Balance / Low Salary (Unusual Profile),False,False
15570086,Low Balance,0,Aligned,False,False
15794875,Zero Balance,3,High Salary / Low Balance (Wallet-Share Risk),False,False
15673591,High Balance,2,Aligned,False,False
15631756,High Balance,2,Aligned,False,False
15757617,Medium Balance,0,High Balance / Low Salary (Unusual Profile),False,False
15612729,Zero Balance,1,Aligned,False,False
15637857,Zero Balance,1,Aligned,False,False
15681007,Medium Balance,1,Aligned,False,False
15593622,Medium Balance,3,Aligned,False,False
15629273,High Balance,3,Aligned,True,True
15765846,Low Balance,2,Aligned,False,False
15596013,High Balance,2,Aligned,False,False
15722473,Zero Balance,1,Aligned,False,False
15774936,High Balance,3,Aligned,True,False
15685640,Medium Balance,2,Aligned,False,False
15566563,Medium Balance,0,High Balance / Low Salary (Unusual Profile),False,False
15768746,Zero Balance,3,High Salary / Low Balance (Wallet-Share Risk),False,False
15689952,Zero Balance,2,High Salary / Low Balance (Wallet-Share Risk),False,False
15725906,Zero Balance,0,Aligned,False,False
15634501,High Balance,3,Aligned,True,False
15571940,Low Balance,0,Aligned,False,False
15741643,Medium Balance,1,Aligned,False,False
15806822,Zero Balance,2,High Salary / Low Balance (Wallet-Share Risk),False,False
15701166,Medium Balance,0,High Balance / Low Salary (Unusual Profile),False,False
15718531,Zero Balance,3,High Salary / Low Balance (Wallet-Share Risk),False,False
15628308,Zero Balance,0,Aligned,False,False
15585287,Medium Balance,0,High Balance / Low Salary (Unusual Profile),False,False
15781619,Zero Balance,2,High Salary / Low Balance (Wallet-Share Risk),False,False
15805162,Zero Balance,3,High Salary / Low Balance (Wallet-Share Risk),False,False
15588535,Zero Balance,0,Aligned,False,False
15775307,Low Balance,1,Aligned,False,False
15777616,Low Balance,0,Aligned,False,False
15692291,Low Balance,3,High Salary / Low Balance (Wallet-Share Risk),False,False
15680843,Zero Balance,3,High Salary / Low Balance (Wallet-Share Risk),False,False
15606232,Low Balance,3,High Salary / Low Balance (Wallet-Share Risk),False,False
15641585,Low Balance,1,Aligned,False,False
15684358,Zero Balance,3,High Salary / Low Balance (Wallet-Share Risk),False,False
15806389,Medium Balance,2,Aligned,False,False
15641860,Low Balance,3,High Salary / Low Balance (Wallet-Share Risk),False,False
15814237,Medium Balance,0,High Balance / Low Salary (Unusual Profile),False,False
15808780,Zero Balance,1,Aligned,False,False
15767064,Low Balance,1,Aligned,False,False
15751177,Low Balance,2,Aligned,False,False
15613427,Low Balance,2,Aligned,False,False
15647259,Zero Balance,1,Aligned,False,False
15748660,Low Balance,2,Aligned,False,False
15726695,Medium Balance,1,Aligned,False,False
15757473,High Balance,0,High Balance / Low Salary (Unusual Profile),False,False
15809509,Medium Balance,3,Aligned,False,False
15715512,High Balance,3,Aligned,True,False
15614168,High Balance,0,High Balance / Low Salary (Unusual Profile),False,False
15679818,Medium Balance,1,Aligned,False,False
15609928,Medium Balance,0,High Balance / Low Salary (Unusual Profile),False,False
15731246,Zero Balance,2,High Salary / Low Balance (Wallet-Share Risk),False,False
15685243,Zero Balance,0,Aligned,False,False
15638730,Low Balance,0,Aligned,False,False
15697034,Zero Balance,0,Aligned,False,False
15699225,Zero Balance,0,Aligned,False,False
15677387,Low Balance,0,Aligned,False,False
15759184,Low Balance,0,Aligned,False,False
15595991,Low Balance,1,Aligned,False,False
15681332,Zero Balance,2,High Salary / Low Balance (Wallet-Share Risk),False,False
15756299,Low Balance,1,Aligned,False,False
15750547,Zero Balance,0,Aligned,False,False
15566380,Low Balance,2,Aligned,False,False
15675963,Zero Balance,2,High Salary / Low Balance (Wallet-Share Risk),False,False
15674671,Medium Balance,3,Aligned,False,False
15621466,Low Balance,0,Aligned,False,False
15607176,Zero Balance,3,High Salary / Low Balance (Wallet-Share Risk),False,False
15570299,High Balance,1,High Balance / Low Salary (Unusual Profile),False,False
15613197,Zero Balance,1,Aligned,False,False
15798885,Medium Balance,1,Aligned,False,False
15714883,Low Balance,0,Aligned,False,False
15604497,Low Balance,3,High Salary / Low Balance (Wallet-Share Risk),False,False
15773949,Zero Balance,0,Aligned,False,False
15774164,High Balance,0,High Balance / Low Salary (Unusual Profile),False,False
15774127,Zero Balance,1,Aligned,False,False
15619016,Low Balance,0,Aligned,False,False
15795759,Low Balance,3,High Salary / Low Balance (Wallet-Share Risk),False,False
15798844,Medium Balance,3,Aligned,False,False
15717962,Low Balance,1,Aligned,False,False
15691504,Medium Balance,0,High Balance / Low Salary (Unusual Profile),False,False
15693893,Medium Balance,0,High Balance / Low Salary (Unusual Profile),False,False
15672499,Medium Balance,1,Aligned,False,False
15750410,Medium Balance,1,Aligned,False,False
15568904,Low Balance,0,Aligned,False,False
15649033,Medium Balance,2,Aligned,False,False
15780989,High Balance,3,Aligned,True,False
15771059,High Balance,3,Aligned,True,True
15687852,Low Balance,3,High Salary / Low Balance (Wallet-Share Risk),False,False
15695280,High Balance,0,High Balance / Low Salary (Unusual Profile),False,False
15592751,Low Balance,1,Aligned,False,False
15598338,High Balance,1,High Balance / Low Salary (Unusual Profile),False,False
15735784,Zero Balance,0,Aligned,False,False
15629128,Medium Balance,3,Aligned,False,False
15642870,Zero Balance,3,High Salary / Low Balance (Wallet-Share Risk),False,False
15637977,Medium Balance,1,Aligned,False,False
15600792,Zero Balance,2,High Salary / Low Balance (Wallet-Share Risk),False,False
15576131,Zero Balance,2,High Salary / Low Balance (Wallet-Share Risk),False,False
15686588,Medium Balance,2,Aligned,False,False
15761018,High Balance,3,Aligned,True,True
15616029,Zero Balance,0,Aligned,False,False
15761149,Medium Balance,0,High Balance / Low Salary (Unusual Profile),False,False
15802758,Low Balance,1,Aligned,False,False
15647838,Low Balance,0,Aligned,False,False
15735968,Zero Balance,1,Aligned,False,False
15581286,High Balance,0,High Balance / Low Salary (Unusual Profile),False,False
15625445,Low Balance,0,Aligned,False,False
15600173,Zero Balance,0,Aligned,False,False
15635143,Low Balance,3,High Salary / Low Balance (Wallet-Share Risk),False,False
15664849,Low Balance,3,High Salary / Low Balance (Wallet-Share Risk),False,False
15762455,Low Balance,3,High Salary / Low Balance (Wallet-Share Risk),False,False
15797165,Zero Balance,1,Aligned,False,False
15788189,Low Balance,2,Aligned,False,False
15780492,Zero Balance,0,Aligned,False,False
15678497,Zero Balance,3,High Salary / Low Balance (Wallet-Share Risk),False,False
15588560,High Balance,2,Aligned,False,False
15606003,Zero Balance,0,Aligned,False,False
15611756,Medium Balance,0,High Balance / Low Salary (Unusual Profile),False,False
15789563,Low Balance,2,Aligned,False,False
15702416,Low Balance,3,High Salary / Low Balance (Wallet-Share Risk),False,False
15766288,Low Balance,3,High Salary / Low Balance (Wallet-Share Risk),False,False
15667633,Zero Balance,0,Aligned,False,False
15622774,Zero Balance,3,High Salary / Low Balance (Wallet-Share Risk),False,False
15755416,Low Balance,2,Aligned,False,False
15769915,Medium Balance,0,High Balance / Low Salary (Unusual Profile),False,False
15643908,Zero Balance,1,Aligned,False,False
15627395,High Balance,0,High Balance / Low Salary (Unusual Profile),False,False
15679663,Zero Balance,2,High Salary / Low Balance (Wallet-Share Risk),False,False
15651581,Low Balance,0,Aligned,False,False
15596379,Low Balance,0,Aligned,False,False
15746674,Zero Balance,0,Aligned,False,False
15801256,Zero Balance,0,Aligned,False,False
15663808,High Balance,3,Aligned,True,False
15598521,Medium Balance,1,Aligned,False,False
15621457,Low Balance,3,High Salary / Low Balance (Wallet-Share Risk),False,False
15764726,Medium Balance,0,High Balance / Low Salary (Unusual Profile),False,False
15646374,Low Balance,0,Aligned,False,False
15716501,Low Balance,3,High Salary / Low Balance (Wallet-Share Risk),False,False
15589948,Medium Balance,2,Aligned,False,False
15811343,High Balance,1,High Balance / Low Salary (Unusual Profile),False,False
15659677,High Balance,1,High Balance / Low Salary (Unusual Profile),False,False
15594436,Zero Balance,0,Aligned,False,False
15748995,Zero Balance,0,Aligned,False,False
15677062,Medium Balance,0,High Balance / Low Salary (Unusual Profile),False,False
15697201,Zero Balance,3,High Salary / Low Balance (Wallet-Share Risk),False,False
15666453,Low Balance,0,Aligned,False,False
15693771,Low Balance,1,Aligned,False,False
15569867,Zero Balance,0,Aligned,False,False
15711602,Low Balance,1,Aligned,False,False
15717736,Low Balance,2,Aligned,False,False
15750441,Low Balance,2,Aligned,False,False
15732791,Medium Balance,1,Aligned,False,False
15775104,High Balance,0,High Balance / Low Salary (Unusual Profile),False,False
15757607,Zero Balance,3,High Salary / Low Balance (Wallet-Share Risk),False,False
15793070,Low Balance,3,High Salary / Low Balance (Wallet-Share Risk),False,False
15760456,Medium Balance,3,Aligned,False,False
15665385,Low Balance,1,Aligned,False,False
15612418,Zero Balance,0,Aligned,False,False
15727138,Zero Balance,0,Aligned,False,False
15732061,Medium Balance,0,High Balance / Low Salary (Unusual Profile),False,False
15776051,Zero Balance,1,Aligned,False,False
15616530,High Balance,0,High Balance / Low Salary (Unusual Profile),False,False
15632344,Low Balance,0,Aligned,False,False
15744979,Zero Balance,3,High Salary / Low Balance (Wallet-Share Risk),False,False
15745433,High Balance,1,High Balance / Low Salary (Unusual Profile),False,False
15683657,Low Balance,1,Aligned,False,False
15718572,Medium Balance,2,Aligned,False,False
15665783,Zero Balance,1,Aligned,False,False
15652782,Low Balance,3,High Salary / Low Balance (Wallet-Share Risk),False,False
15707025,Zero Balance,0,Aligned,False,False
15647807,Low Balance,1,Aligned,False,False
15718281,Medium Balance,1,Aligned,False,False
15660571,Low Balance,2,Aligned,False,False
15727857,Zero Balance,3,High Salary / Low Balance (Wallet-Share Risk),False,False
15639252,Medium Balance,0,High Balance / Low Salary (Unusual Profile),False,False
15628144,Low Balance,0,Aligned,False,False
15683560,Zero Balance,3,High Salary / Low Balance (Wallet-Share Risk),False,False
15653275,Zero Balance,0,Aligned,False,False
15622182,High Balance,2,Aligned,False,False
15613962,Zero Balance,3,High Salary / Low Balance (Wallet-Share Risk),False,False
15618437,Zero Balance,3,High Salary / Low Balance (Wallet-Share Risk),False,False
15783338,High Balance,3,Aligned,True,False
15764491,High Balance,1,High Balance / Low Salary (Unusual Profile),False,False
15712960,High Balance,0,High Balance / Low Salary (Unusual Profile),False,False
15688157,Low Balance,1,Aligned,False,False
15579287,Zero Balance,1,Aligned,False,False
15570931,Zero Balance,0,Aligned,False,False
15615177,Medium Balance,1,Aligned,False,False
15809906,High Balance,0,High Balance / Low Salary (Unusual Profile),False,False
15652169,Medium Balance,2,Aligned,False,False
15649450,High Balance,3,Aligned,True,True
15777179,Zero Balance,1,Aligned,False,False
15803538,Zero Balance,3,High Salary / Low Balance (Wallet-Share Risk),False,False
15610936,Zero Balance,2,High Salary / Low Balance (Wallet-Share Risk),False,False
15590094,Medium Balance,0,High Balance / Low Salary (Unusual Profile),False,False
15572706,Zero Balance,1,Aligned,False,False
15634564,Low Balance,3,High Salary / Low Balance (Wallet-Share Risk),False,False
15684296,High Balance,1,High Balance / Low Salary (Unusual Profile),False,False
15702293,Zero Balance,2,High Salary / Low Balance (Wallet-Share Risk),False,False
15642099,Zero Balance,0,Aligned,False,False
15773273,Low Balance,3,High Salary / Low Balance (Wallet-Share Risk),False,False
15613337,Zero Balance,3,High Salary / Low Balance (Wallet-Share Risk),False,False
15800482,Zero Balance,3,High Salary / Low Balance (Wallet-Share Risk),False,False
15732644,Low Balance,3,High Salary / Low Balance (Wallet-Share Risk),False,False
15713426,Medium Balance,2,Aligned,False,False
15640789,Medium Balance,2,Aligned,False,False
15598892,Low Balance,3,High Salary / Low Balance (Wallet-Share Risk),False,False
15606436,Zero Balance,3,High Salary / Low Balance (Wallet-Share Risk),False,False
15751227,Low Balance,2,Aligned,False,False
15812365,Low Balance,1,Aligned,False,False
15616088,Low Balance,2,Aligned,False,False
15803886,Medium Balance,2,Aligned,False,False
15587311,Zero Balance,1,Aligned,False,False
15617401,Zero Balance,0,Aligned,False,False
15775886,Zero Balance,2,High Salary / Low Balance (Wallet-Share Risk),False,False
15807305,Zero Balance,3,High Salary / Low Balance (Wallet-Share Risk),False,False
15761717,Low Balance,0,Aligned,False,False
15628008,Low Balance,2,Aligned,False,False
15583755,High Balance,0,High Balance / Low Salary (Unusual Profile),False,False
15661409,Zero Balance,3,High Salary / Low Balance (Wallet-Share Risk),False,False
15774250,High Balance,2,Aligned,False,False
15681476,Low Balance,2,Aligned,False,False
15654870,Zero Balance,1,Aligned,False,False
15790448,Low Balance,2,Aligned,False,False
15785326,Medium Balance,1,Aligned,False,False
15592854,Low Balance,3,High Salary / Low Balance (Wallet-Share Risk),False,False
15617486,Low Balance,2,Aligned,False,False
15806796,Medium Balance,2,Aligned,False,False
15644699,Zero Balance,0,Aligned,False,False
15622305,Low Balance,2,Aligned,False,False
15608209,Low Balance,0,Aligned,False,False
15626898,Low Balance,2,Aligned,False,False
15644297,High Balance,3,Aligned,True,False
15731569,Zero Balance,0,Aligned,False,False
15582149,Medium Balance,1,Aligned,False,False
15802483,High Balance,1,High Balance / Low Salary (Unusual Profile),False,False
15686999,Zero Balance,1,Aligned,False,False
15772479,Zero Balance,3,High Salary / Low Balance (Wallet-Share Risk),False,False
15778884,High Balance,3,Aligned,True,False
15623630,Low Balance,0,Aligned,False,False
15774316,Zero Balance,1,Aligned,False,False
15695097,Low Balance,2,Aligned,False,False
15645404,Medium Balance,1,Aligned,False,False
15750574,Zero Balance,0,Aligned,False,False
15636812,Low Balance,0,Aligned,False,False
15712068,Low Balance,1,Aligned,False,False
15652030,Low Balance,3,High Salary / Low Balance (Wallet-Share Risk),False,False
15577398,Low Balance,3,High Salary / Low Balance (Wallet-Share Risk),False,False
15756848,Zero Balance,1,Aligned,False,False
15806929,Low Balance,1,Aligned,False,False
15656005,Medium Balance,1,Aligned,False,False
15722632,Low Balance,0,Aligned,False,False
15794356,Medium Balance,3,Aligned,False,False
15659656,Low Balance,2,Aligned,False,False
15588341,Low Balance,1,Aligned,False,False
15709142,Low Balance,2,Aligned,False,False
15627042,Zero Balance,1,Aligned,False,False
15627517,High Balance,3,Aligned,True,True
15803032,Low Balance,3,High Salary / Low Balance (Wallet-Share Risk),False,False
15665129,Medium Balance,2,Aligned,False,False
15628272,Low Balance,1,Aligned,False,False
15678206,High Balance,3,Aligned,True,True
15678427,Low Balance,0,Aligned,False,False
15678067,Zero Balance,3,High Salary / Low Balance (Wallet-Share Risk),False,False
15793331,Medium Balance,1,Aligned,False,False
15699532,Medium Balance,3,Aligned,False,False
15605827,Zero Balance,1,Aligned,False,False
15643635,Medium Balance,2,Aligned,False,False
15787710,Zero Balance,0,Aligned,False,False
15614137,Zero Balance,2,High Salary / Low Balance (Wallet-Share Risk),False,False
15754494,High Balance,1,High Balance / Low Salary (Unusual Profile),False,False
15713440,High Balance,3,Aligned,True,False
15803479,Zero Balance,0,Aligned,False,False
15709639,Low Balance,1,Aligned,False,False
15601719,High Balance,3,Aligned,True,True
15772482,Medium Balance,2,Aligned,False,False
15591489,High Balance,1,High Balance / Low Salary (Unusual Profile),False,False
15629002,Low Balance,3,High Salary / Low Balance (Wallet-Share Risk),False,False
15798053,Zero Balance,2,High Salary / Low Balance (Wallet-Share Risk),False,False
15753895,Zero Balance,2,High Salary / Low Balance (Wallet-Share Risk),False,False
15595426,Low Balance,1,Aligned,False,False
15645815,Zero Balance,3,High Salary / Low Balance (Wallet-Share Risk),False,False
15632848,Low Balance,2,Aligned,False,False
15703068,Medium Balance,2,Aligned,False,False
15791513,Medium Balance,2,Aligned,False,False
15587210,Low Balance,0,Aligned,False,False
15793803,Low Balance,3,High Salary / Low Balance (Wallet-Share Risk),False,False
15787756,Low Balance,3,High Salary / Low Balance (Wallet-Share Risk),False,False
15723437,Zero Balance,1,Aligned,False,False
15702715,Zero Balance,0,Aligned,False,False
15809872,Low Balance,3,High Salary / Low Balance (Wallet-Share Risk),False,False
15644295,Medium Balance,1,Aligned,False,False
15778694,Low Balance,0,Aligned,False,False
15759555,Zero Balance,2,High Salary / Low Balance (Wallet-Share Risk),False,False
15631406,Low Balance,3,High Salary / Low Balance (Wallet-Share Risk),False,False
15616676,Medium Balance,2,Aligned,False,False
15771154,Medium Balance,2,Aligned,False,False
15669491,High Balance,0,High Balance / Low Salary (Unusual Profile),False,False
15697691,Zero Balance,2,High Salary / Low Balance (Wallet-Share Risk),False,False
15665180,Medium Balance,1,Aligned,False,False
15752588,Zero Balance,1,Aligned,False,False
15743051,High Balance,0,High Balance / Low Salary (Unusual Profile),False,False
15571873,Low Balance,1,Aligned,False,False
15679743,Low Balance,2,Aligned,False,False
15769412,High Balance,3,Aligned,True,True
15775124,Zero Balance,0,Aligned,False,False
15732113,Zero Balance,0,Aligned,False,False
15578141,Zero Balance,0,Aligned,False,False
15595874,Zero Balance,3,High Salary / Low Balance (Wallet-Share Risk),False,False
15755642,Zero Balance,2,High Salary / Low Balance (Wallet-Share Risk),False,False
15576526,Zero Balance,0,Aligned,False,False
15792489,Zero Balance,2,High Salary / Low Balance (Wallet-Share Risk),False,False
15733705,Low Balance,2,Aligned,False,False
15807221,Zero Balance,2,High Salary / Low Balance (Wallet-Share Risk),False,False
15573045,Medium Balance,1,Aligned,False,False
15756824,Low Balance,0,Aligned,False,False
15773520,Low Balance,3,High Salary / Low Balance (Wallet-Share Risk),False,False
15627439,Zero Balance,3,High Salary / Low Balance (Wallet-Share Risk),False,False
15701439,Zero Balance,1,Aligned,False,False
15785352,Low Balance,3,High Salary / Low Balance (Wallet-Share Risk),False,False
15616525,High Balance,2,Aligned,False,False
15717489,Zero Balance,0,Aligned,False,False
15795737,Low Balance,2,Aligned,False,False
15693877,Medium Balance,3,Aligned,False,False
15576111,Medium Balance,1,Aligned,False,False
15595713,Zero Balance,0,Aligned,False,False
15808868,Low Balance,3,High Salary / Low Balance (Wallet-Share Risk),False,False
15708193,Zero Balance,2,High Salary / Low Balance (Wallet-Share Risk),False,False
15697801,Low Balance,1,Aligned,False,False
15770121,Zero Balance,0,Aligned,False,False
15800524,High Balance,1,High Balance / Low Salary (Unusual Profile),False,False
15686236,Low Balance,1,Aligned,False,False
15659807,Low Balance,1,Aligned,False,False
15736078,Medium Balance,0,High Balance / Low Salary (Unusual Profile),False,False
15620836,Low Balance,2,Aligned,False,False
15698184,Low Balance,0,Aligned,False,False
15717643,Low Balance,0,Aligned,False,False
15776596,High Balance,3,Aligned,True,True
15814757,Zero Balance,3,High Salary / Low Balance (Wallet-Share Risk),False,False
15812607,Low Balance,0,Aligned,False,False
15663888,High Balance,2,Aligned,False,False
15748882,Zero Balance,2,High Salary / Low Balance (Wallet-Share Risk),False,False
15690829,Medium Balance,2,Aligned,False,False
15695819,Medium Balance,3,Aligned,False,False
15696834,Zero Balance,2,High Salary / Low Balance (Wallet-Share Risk),False,False
15797710,Low Balance,2,Aligned,False,False
15700654,Low Balance,1,Aligned,False,False
15583764,Medium Balance,1,Aligned,False,False
15688849,Low Balance,3,High Salary / Low Balance (Wallet-Share Risk),False,False
15661473,Medium Balance,3,Aligned,False,False
15601030,Low Balance,3,High Salary / Low Balance (Wallet-Share Risk),False,False
15789557,Medium Balance,1,Aligned,False,False
15745250,High Balance,0,High Balance / Low Salary (Unusual Profile),False,False
15590349,Zero Balance,0,Aligned,False,False
15741693,Medium Balance,2,Aligned,False,False
15618446,Zero Balance,1,Aligned,False,False
15766552,Zero Balance,2,High Salary / Low Balance (Wallet-Share Risk),False,False
15668775,Medium Balance,2,Aligned,False,False
15757895,Low Balance,0,Aligned,False,False
15774551,Low Balance,3,High Salary / Low Balance (Wallet-Share Risk),False,False
15684011,Medium Balance,3,Aligned,False,False
15736146,Low Balance,0,Aligned,False,False
15656286,Zero Balance,3,High Salary / Low Balance (Wallet-Share Risk),False,False
15774847,High Balance,0,High Balance / Low Salary (Unusual Profile),False,False
15619340,Zero Balance,0,Aligned,False,False
15815656,Low Balance,3,High Salary / Low Balance (Wallet-Share Risk),False,False
15623357,Medium Balance,3,Aligned,False,False
15601324,Zero Balance,1,Aligned,False,False
15715510,Low Balance,1,Aligned,False,False
15663770,High Balance,3,Aligned,True,False
15779267,Zero Balance,1,Aligned,False,False
15597957,Zero Balance,3,High Salary / Low Balance (Wallet-Share Risk),False,False
15584620,High Balance,0,High Balance / Low Salary (Unusual Profile),False,False
15750772,Medium Balance,1,Aligned,False,False
15706557,Zero Balance,0,Aligned,False,False
15594391,High Balance,3,Aligned,True,True
15661656,Low Balance,2,Aligned,False,False
15631217,High Balance,0,High Balance / Low Salary (Unusual Profile),False,False
15588955,Low Balance,2,Aligned,False,False
15758252,High Balance,2,Aligned,False,False
15740223,Low Balance,1,Aligned,False,False
15805413,Low Balance,2,Aligned,False,False
15635116,Zero Balance,3,High Salary / Low Balance (Wallet-Share Risk),False,False
15764892,Low Balance,3,High Salary / Low Balance (Wallet-Share Risk),False,False
15795936,Zero Balance,1,Aligned,False,False
15655232,Medium Balance,3,Aligned,False,False
15640133,Zero Balance,3,High Salary / Low Balance (Wallet-Share Risk),False,False
15751524,Low Balance,0,Aligned,False,False
15670552,Low Balance,0,Aligned,False,False
15623966,Zero Balance,0,Aligned,False,False
15752193,Low Balance,0,Aligned,False,False
15607269,High Balance,3,Aligned,True,False
15700752,Zero Balance,1,Aligned,False,False
15777901,Low Balance,3,High Salary / Low Balance (Wallet-Share Risk),False,False
15639117,Zero Balance,0,Aligned,False,False
15720203,Zero Balance,2,High Salary / Low Balance (Wallet-Share Risk),False,False
15586236,Medium Balance,1,Aligned,False,False
15676645,Zero Balance,2,High Salary / Low Balance (Wallet-Share Risk),False,False
15715988,Zero Balance,1,Aligned,False,False
15603749,Low Balance,0,Aligned,False,False
15608956,Zero Balance,0,Aligned,False,False
15733872,Medium Balance,1,Aligned,False,False
15666982,Medium Balance,1,Aligned,False,False
15602647,Medium Balance,3,Aligned,False,False
15623063,Low Balance,2,Aligned,False,False
15682928,Low Balance,0,Aligned,False,False
15729246,Zero Balance,1,Aligned,False,False
15588928,Zero Balance,2,High Salary / Low Balance (Wallet-Share Risk),False,False
15803352,High Balance,1,High Balance / Low Salary (Unusual Profile),False,False
15607485,Zero Balance,2,High Salary / Low Balance (Wallet-Share Risk),False,False
15656249,Low Balance,2,Aligned,False,False
15761783,Zero Balance,3,High Salary / Low Balance (Wallet-Share Risk),False,False
15716605,Low Balance,3,High Salary / Low Balance (Wallet-Share Risk),False,False
15757425,Zero Balance,1,Aligned,False,False
15603096,Medium Balance,1,Aligned,False,False
15588580,Low Balance,1,Aligned,False,False
15770539,Medium Balance,2,Aligned,False,False
15572022,Zero Balance,0,Aligned,False,False
15571843,Zero Balance,1,Aligned,False,False
15752502,Medium Balance,2,Aligned,False,False
15609058,Low Balance,2,Aligned,False,False
15775108,Low Balance,3,High Salary / Low Balance (Wallet-Share Risk),False,False
15708904,Zero Balance,1,Aligned,False,False
15600086,Medium Balance,3,Aligned,False,False
15814675,Medium Balance,1,Aligned,False,False
15572777,Low Balance,0,Aligned,False,False
15585106,Low Balance,3,High Salary / Low Balance (Wallet-Share Risk),False,False
15738936,Low Balance,1,Aligned,False,False
15750970,Low Balance,3,High Salary / Low Balance (Wallet-Share Risk),False,False
15725772,Zero Balance,2,High Salary / Low Balance (Wallet-Share Risk),False,False
15692106,High Balance,0,High Balance / Low Salary (Unusual Profile),False,False
15791533,Low Balance,3,High Salary / Low Balance (Wallet-Share Risk),False,False
15715715,Zero Balance,1,Aligned,False,False
15785576,Low Balance,2,Aligned,False,False
15798834,Zero Balance,1,Aligned,False,False
15744127,Zero Balance,0,Aligned,False,False
15637427,Zero Balance,0,Aligned,False,False
15576990,High Balance,1,High Balance / Low Salary (Unusual Profile),False,False
15615352,Low Balance,0,Aligned,False,False
15647333,Medium Balance,0,High Balance / Low Salary (Unusual Profile),False,False
15572050,Medium Balance,0,High Balance / Low Salary (Unusual Profile),False,False
15581370,Low Balance,0,Aligned,False,False
15813503,High Balance,1,High Balance / Low Salary (Unusual Profile),False,False
15769783,Zero Balance,0,Aligned,False,False
15793135,High Balance,2,Aligned,False,False
15599182,Zero Balance,0,Aligned,False,False
15689517,Medium Balance,3,Aligned,False,False
15641366,Medium Balance,1,Aligned,False,False
15588859,High Balance,0,High Balance / Low Salary (Unusual Profile),False,False
15732293,Zero Balance,1,Aligned,False,False
15568032,Medium Balance,3,Aligned,False,False
15623525,Medium Balance,1,Aligned,False,False
15606601,High Balance,1,High Balance / Low Salary (Unusual Profile),False,False
15800811,High Balance,2,Aligned,False,False
15610711,Medium Balance,3,Aligned,False,False
15809654,Medium Balance,2,Aligned,False,False
15576077,High Balance,2,Aligned,False,False
15643378,Low Balance,1,Aligned,False,False
15566790,Medium Balance,0,High Balance / Low Salary (Unusual Profile),False,False
15774402,Zero Balance,3,High Salary / Low Balance (Wallet-Share Risk),False,False
15694641,Zero Balance,3,High Salary / Low Balance (Wallet-Share Risk),False,False
15605916,Zero Balance,3,High Salary / Low Balance (Wallet-Share Risk),False,False
15812356,Low Balance,3,High Salary / Low Balance (Wallet-Share Risk),False,False
15644179,Zero Balance,0,Aligned,False,False
15771674,High Balance,1,High Balance / Low Salary (Unusual Profile),False,False
15623314,High Balance,1,High Balance / Low Salary (Unusual Profile),False,False
15613292,Zero Balance,1,Aligned,False,False
15813871,Zero Balance,3,High Salary / Low Balance (Wallet-Share Risk),False,False
15759480,Medium Balance,0,High Balance / Low Salary (Unusual Profile),False,False
15587712,Low Balance,0,Aligned,False,False
15671165,High Balance,1,High Balance / Low Salary (Unusual Profile),False,False
15620746,Medium Balance,2,Aligned,False,False
15706537,Low Balance,3,High Salary / Low Balance (Wallet-Share Risk),False,False
15589312,Low Balance,3,High Salary / Low Balance (Wallet-Share Risk),False,False
15741180,Low Balance,0,Aligned,False,False
15733888,Medium Balance,3,Aligned,False,False
15798532,Medium Balance,1,Aligned,False,False
15577359,Zero Balance,2,High Salary / Low Balance (Wallet-Share Risk),False,False
15614936,Low Balance,0,Aligned,False,False
15747647,Zero Balance,2,High Salary / Low Balance (Wallet-Share Risk),False,False
15588566,Low Balance,0,Aligned,False,False
15570141,Medium Balance,1,Aligned,False,False
15800793,High Balance,3,Aligned,True,True
15572415,Zero Balance,3,High Salary / Low Balance (Wallet-Share Risk),False,False
15635125,Medium Balance,1,Aligned,False,False
15636551,Medium Balance,0,High Balance / Low Salary (Unusual Profile),False,False
15600912,Low Balance,2,Aligned,False,False
15768476,Zero Balance,1,Aligned,False,False
15650266,High Balance,3,Aligned,True,False
15621004,Zero Balance,3,High Salary / Low Balance (Wallet-Share Risk),False,False
15748352,Low Balance,0,Aligned,False,False
15788920,Low Balance,1,Aligned,False,False
15743236,Low Balance,2,Aligned,False,False
15637717,Low Balance,0,Aligned,False,False
15635500,Low Balance,3,High Salary / Low Balance (Wallet-Share Risk),False,False
15634792,Zero Balance,0,Aligned,False,False
15607560,Zero Balance,0,Aligned,False,False
15727177,High Balance,3,Aligned,True,True
15774358,Low Balance,1,Aligned,False,False
15791304,High Balance,0,High Balance / Low Salary (Unusual Profile),False,False
15603328,Low Balance,0,Aligned,False,False
15804937,Zero Balance,1,Aligned,False,False
15804142,High Balance,1,High Balance / Low Salary (Unusual Profile),False,False
15608845,Medium Balance,1,Aligned,False,False
15702434,Zero Balance,2,High Salary / Low Balance (Wallet-Share Risk),False,False
15632609,High Balance,0,High Balance / Low Salary (Unusual Profile),False,False
15603550,Low Balance,2,Aligned,False,False
15755239,High Balance,2,Aligned,False,False
15670528,Medium Balance,0,High Balance / Low Salary (Unusual Profile),False,False
15732704,High Balance,1,High Balance / Low Salary (Unusual Profile),False,False
15589019,Low Balance,3,High Salary / Low Balance (Wallet-Share Risk),False,False
15677796,Medium Balance,3,Aligned,False,False
15760177,Low Balance,2,Aligned,False,False
15636595,Low Balance,3,High Salary / Low Balance (Wallet-Share Risk),False,False
15737275,Low Balance,1,Aligned,False,False
15672905,Zero Balance,3,High Salary / Low Balance (Wallet-Share Risk),False,False
15753955,High Balance,3,Aligned,True,True
15708504,Medium Balance,3,Aligned,False,False
15592451,Zero Balance,0,Aligned,False,False
15790455,Zero Balance,1,Aligned,False,False
15572174,High Balance,1,High Balance / Low Salary (Unusual Profile),False,False
15656330,Low Balance,3,High Salary / Low Balance (Wallet-Share Risk),False,False
15569626,Low Balance,2,Aligned,False,False
15608726,Zero Balance,3,High Salary / Low Balance (Wallet-Share Risk),False,False
15637366,Low Balance,2,Aligned,False,False
15778049,Low Balance,0,Aligned,False,False
15727421,Zero Balance,0,Aligned,False,False
15688865,Zero Balance,0,Aligned,False,False
15751032,Low Balance,0,Aligned,False,False
15734737,Zero Balance,3,High Salary / Low Balance (Wallet-Share Risk),False,False
15746515,Medium Balance,0,High Balance / Low Salary (Unusual Profile),False,False
15664311,Medium Balance,3,Aligned,False,False
15708139,High Balance,3,Aligned,True,True
15768574,High Balance,0,High Balance / Low Salary (Unusual Profile),False,False
15738018,Zero Balance,1,Aligned,False,False
15699753,Low Balance,0,Aligned,False,False
15703199,Low Balance,1,Aligned,False,False
15627830,Low Balance,2,Aligned,False,False
15570855,Zero Balance,1,Aligned,False,False
15772503,Zero Balance,2,High Salary / Low Balance (Wallet-Share Risk),False,False
15584453,Zero Balance,3,High Salary / Low Balance (Wallet-Share Risk),False,False
15710111,Zero Balance,0,Aligned,False,False
15618562,High Balance,3,Aligned,True,True
15706764,Zero Balance,0,Aligned,False,False
15798737,Zero Balance,1,Aligned,False,False
15712608,Low Balance,0,Aligned,False,False
15636736,Zero Balance,3,High Salary / Low Balance (Wallet-Share Risk),False,False
15703544,Zero Balance,3,High Salary / Low Balance (Wallet-Share Risk),False,False
15815645,High Balance,3,Aligned,True,False
15705739,High Balance,2,Aligned,False,False
15709643,Zero Balance,1,Aligned,False,False
15669805,Low Balance,3,High Salary / Low Balance (Wallet-Share Risk),False,False
15737489,Low Balance,2,Aligned,False,False
15775131,High Balance,2,Aligned,False,False
15765283,High Balance,2,Aligned,False,False
15628715,Zero Balance,1,Aligned,False,False
15813283,Zero Balance,0,Aligned,False,False
15745716,Zero Balance,2,High Salary / Low Balance (Wallet-Share Risk),False,False
15598485,Low Balance,1,Aligned,False,False
15696552,Low Balance,3,High Salary / Low Balance (Wallet-Share Risk),False,False
15754569,Zero Balance,1,Aligned,False,False
15701741,High Balance,1,High Balance / Low Salary (Unusual Profile),False,False
15572631,Zero Balance,2,High Salary / Low Balance (Wallet-Share Risk),False,False
15636069,High Balance,0,High Balance / Low Salary (Unusual Profile),False,False
15682467,Low Balance,2,Aligned,False,False
15790744,Low Balance,1,Aligned,False,False
15625023,Zero Balance,2,High Salary / Low Balance (Wallet-Share Risk),False,False
15731267,Low Balance,1,Aligned,False,False
15742879,High Balance,1,High Balance / Low Salary (Unusual Profile),False,False
15757015,Low Balance,3,High Salary / Low Balance (Wallet-Share Risk),False,False
15770711,Low Balance,0,Aligned,False,False
15569430,High Balance,3,Aligned,True,True
15617304,Zero Balance,2,High Salary / Low Balance (Wallet-Share Risk),False,False
15704466,Zero Balance,3,High Salary / Low Balance (Wallet-Share Risk),False,False
15664681,Low Balance,0,Aligned,False,False
15605534,Low Balance,1,Aligned,False,False
15792473,Low Balance,1,Aligned,False,False
15802625,Low Balance,0,Aligned,False,False
15766017,Low Balance,1,Aligned,False,False
15762172,Zero Balance,3,High Salary / Low Balance (Wallet-Share Risk),False,False
15728333,Zero Balance,1,Aligned,False,False
15792868,Zero Balance,3,High Salary / Low Balance (Wallet-Share Risk),False,False
15605698,Zero Balance,1,Aligned,False,False
15777060,Zero Balance,0,Aligned,False,False
15626243,Medium Balance,0,High Balance / Low Salary (Unusual Profile),False,False
15719898,High Balance,0,High Balance / Low Salary (Unusual Profile),False,False
15599976,Zero Balance,2,High Salary / Low Balance (Wallet-Share Risk),False,False
15752809,Low Balance,1,Aligned,False,False
15589698,Low Balance,0,Aligned,False,False
15609977,Low Balance,1,Aligned,False,False
15750121,Zero Balance,0,Aligned,False,False
15734177,Zero Balance,3,High Salary / Low Balance (Wallet-Share Risk),False,False
15781347,Zero Balance,1,Aligned,False,False
15592025,Zero Balance,2,High Salary / Low Balance (Wallet-Share Risk),False,False
15670163,Zero Balance,1,Aligned,False,False
15765402,High Balance,2,Aligned,False,False
15624343,Medium Balance,0,High Balance / Low Salary (Unusual Profile),False,False
15602354,Low Balance,1,Aligned,False,False
15579183,Zero Balance,1,Aligned,False,False
15584899,Zero Balance,0,Aligned,False,False
15723658,Zero Balance,3,High Salary / Low Balance (Wallet-Share Risk),False,False
15803965,Low Balance,0,Aligned,False,False
15682489,Zero Balance,3,High Salary / Low Balance (Wallet-Share Risk),False,False
15813645,Low Balance,2,Aligned,False,False
15766787,Zero Balance,1,Aligned,False,False
15687171,High Balance,2,Aligned,False,False
15690744,Low Balance,0,Aligned,False,False
15707974,Low Balance,3,High Salary / Low Balance (Wallet-Share Risk),False,False
15673084,Low Balance,3,High Salary / Low Balance (Wallet-Share Risk),False,False
15814772,High Balance,1,High Balance / Low Salary (Unusual Profile),False,False
15743709,Low Balance,2,Aligned,False,False
15610343,Zero Balance,0,Aligned,False,False
15737414,Medium Balance,1,Aligned,False,False
15788480,Medium Balance,0,High Balance / Low Salary (Unusual Profile),False,False
15568519,Zero Balance,0,Aligned,False,False
15792453,Medium Balance,2,Aligned,False,False
15658100,Zero Balance,2,High Salary / Low Balance (Wallet-Share Risk),False,False
15695197,Medium Balance,0,High Balance / Low Salary (Unusual Profile),False,False
15749807,Zero Balance,2,High Salary / Low Balance (Wallet-Share Risk),False,False
15773876,Zero Balance,3,High Salary / Low Balance (Wallet-Share Risk),False,False
15591698,Medium Balance,3,Aligned,False,False
15712813,High Balance,0,High Balance / Low Salary (Unusual Profile),False,False
15763898,Zero Balance,0,Aligned,False,False
15793324,Zero Balance,0,Aligned,False,False
15757759,High Balance,3,Aligned,True,True
15796230,Medium Balance,1,Aligned,False,False
15611729,High Balance,0,High Balance / Low Salary (Unusual Profile),False,False
15709531,Low Balance,3,High Salary / Low Balance (Wallet-Share Risk),False,False
15650751,Zero Balance,2,High Salary / Low Balance (Wallet-Share Risk),False,False
15641413,High Balance,0,High Balance / Low Salary (Unusual Profile),False,False
15753840,Zero Balance,2,High Salary / Low Balance (Wallet-Share Risk),False,False
15669994,Medium Balance,2,Aligned,False,False
15695301,Low Balance,0,Aligned,False,False
15792004,Zero Balance,0,Aligned,False,False
15603035,Zero Balance,2,High Salary / Low Balance (Wallet-Share Risk),False,False
15717286,Low Balance,2,Aligned,False,False
15577107,Zero Balance,3,High Salary / Low Balance (Wallet-Share Risk),False,False
15754747,High Balance,3,Aligned,True,False
15705676,Low Balance,0,Aligned,False,False
15751912,Zero Balance,0,Aligned,False,False
15677336,Medium Balance,2,Aligned,False,False
15684395,Medium Balance,2,Aligned,False,False
15659949,Low Balance,2,Aligned,False,False
15812422,Zero Balance,2,High Salary / Low Balance (Wallet-Share Risk),False,False
15806941,Low Balance,1,Aligned,False,False
15637690,Low Balance,2,Aligned,False,False
15632882,Medium Balance,0,High Balance / Low Salary (Unusual Profile),False,False
15807107,Medium Balance,3,Aligned,False,False
15661034,Low Balance,3,High Salary / Low Balance (Wallet-Share Risk),False,False
15811958,Low Balance,3,High Salary / Low Balance (Wallet-Share Risk),False,False
15785167,Zero Balance,3,High Salary / Low Balance (Wallet-Share Risk),False,False
15646720,Zero Balance,1,Aligned,False,False
15658614,High Balance,1,High Balance / Low Salary (Unusual Profile),False,False
15704657,Low Balance,0,Aligned,False,False
15567147,Zero Balance,1,Aligned,False,False
15701319,Low Balance,2,Aligned,False,False
15745266,Zero Balance,1,Aligned,False,False
15650437,Medium Balance,3,Aligned,False,False
15764314,Low Balance,3,High Salary / Low Balance (Wallet-Share Risk),False,False
15612594,Zero Balance,2,High Salary / Low Balance (Wallet-Share Risk),False,False
15593501,High Balance,1,High Balance / Low Salary (Unusual Profile),False,False
15804150,Zero Balance,3,High Salary / Low Balance (Wallet-Share Risk),False,False
15649297,Low Balance,2,Aligned,False,False
15641110,Zero Balance,2,High Salary / Low Balance (Wallet-Share Risk),False,False
15660608,High Balance,2,Aligned,False,False
15806570,Zero Balance,1,Aligned,False,False
15715345,Zero Balance,2,High Salary / Low Balance (Wallet-Share Risk),False,False
15755521,Low Balance,3,High Salary / Low Balance (Wallet-Share Risk),False,False
15579074,Low Balance,3,High Salary / Low Balance (Wallet-Share Risk),False,False
15641158,Low Balance,1,Aligned,False,False
15752507,High Balance,3,Aligned,True,True
15597983,High Balance,1,High Balance / Low Salary (Unusual Profile),False,False
15586069,Low Balance,0,Aligned,False,False
15655082,Low Balance,3,High Salary / Low Balance (Wallet-Share Risk),False,False
15720155,Medium Balance,0,High Balance / Low Salary (Unusual Profile),False,False
15582116,Medium Balance,0,High Balance / Low Salary (Unusual Profile),False,False
15749365,Zero Balance,2,High Salary / Low Balance (Wallet-Share Risk),False,False
15632069,Medium Balance,2,Aligned,False,False
15663134,Zero Balance,0,Aligned,False,False
15766683,Medium Balance,1,Aligned,False,False
15707219,Zero Balance,2,High Salary / Low Balance (Wallet-Share Risk),False,False
15709232,High Balance,1,High Balance / Low Salary (Unusual Profile),False,False
15801351,Zero Balance,0,Aligned,False,False
15578747,Low Balance,1,Aligned,False,False
15675626,Zero Balance,1,Aligned,False,False
15583736,Low Balance,1,Aligned,False,False
15590011,Medium Balance,0,High Balance / Low Salary (Unusual Profile),False,False
15609913,Zero Balance,2,High Salary / Low Balance (Wallet-Share Risk),False,False
15719479,Zero Balance,0,Aligned,False,False
15575147,Low Balance,1,Aligned,False,False
15597309,Zero Balance,1,Aligned,False,False
15648367,Low Balance,1,Aligned,False,False
15758031,Low Balance,1,Aligned,False,False
15751771,Low Balance,2,Aligned,False,False
15689288,Zero Balance,3,High Salary / Low Balance (Wallet-Share Risk),False,False
15731026,Low Balance,2,Aligned,False,False
15775809,Low Balance,3,High Salary / Low Balance (Wallet-Share Risk),False,False
15743076,Zero Balance,1,Aligned,False,False
15658258,Medium Balance,0,High Balance / Low Salary (Unusual Profile),False,False
15756321,High Balance,1,High Balance / Low Salary (Unusual Profile),False,False
15706799,Zero Balance,1,Aligned,False,False
15775703,Low Balance,2,Aligned,False,False
15642636,Low Balance,0,Aligned,False,False
15704651,Zero Balance,2,High Salary / Low Balance (Wallet-Share Risk),False,False
15806771,Low Balance,3,High Salary / Low Balance (Wallet-Share Risk),False,False
15566735,Low Balance,2,Aligned,False,False
15681671,Low Balance,0,Aligned,False,False
15775949,Low Balance,3,High Salary / Low Balance (Wallet-Share Risk),False,False
15586752,High Balance,0,High Balance / Low Salary (Unusual Profile),False,False
15582519,Medium Balance,0,High Balance / Low Salary (Unusual Profile),False,False
15658233,Low Balance,3,High Salary / Low Balance (Wallet-Share Risk),False,False
15755330,Medium Balance,0,High Balance / Low Salary (Unusual Profile),False,False
15605072,High Balance,2,Aligned,False,False
15617538,Zero Balance,0,Aligned,False,False
15591428,Zero Balance,3,High Salary / Low Balance (Wallet-Share Risk),False,False
15692142,Low Balance,3,High Salary / Low Balance (Wallet-Share Risk),False,False
15692931,Low Balance,0,Aligned,False,False
15781127,Low Balance,0,Aligned,False,False
15677136,Zero Balance,2,High Salary / Low Balance (Wallet-Share Risk),False,False
15677828,Zero Balance,1,Aligned,False,False
15567897,Medium Balance,2,Aligned,False,False
15793641,Zero Balance,3,High Salary / Low Balance (Wallet-Share Risk),False,False
15678333,Zero Balance,1,Aligned,False,False
15630511,Zero Balance,3,High Salary / Low Balance (Wallet-Share Risk),False,False
15792627,Low Balance,1,Aligned,False,False
15717191,Low Balance,2,Aligned,False,False
15625716,Low Balance,1,Aligned,False,False
15710053,High Balance,1,High Balance / Low Salary (Unusual Profile),False,False
15580043,Low Balance,0,Aligned,False,False
15601410,Zero Balance,3,High Salary / Low Balance (Wallet-Share Risk),False,False
15684669,Medium Balance,2,Aligned,False,False
15619083,Zero Balance,1,Aligned,False,False
15692207,Zero Balance,2,High Salary / Low Balance (Wallet-Share Risk),False,False
15730705,High Balance,1,High Balance / Low Salary (Unusual Profile),False,False
15749688,Zero Balance,0,Aligned,False,False
15728542,Zero Balance,2,High Salary / Low Balance (Wallet-Share Risk),False,False
15760063,Zero Balance,3,High Salary / Low Balance (Wallet-Share Risk),False,False
15658982,Medium Balance,2,Aligned,False,False
15758769,Zero Balance,0,Aligned,False,False
15778481,Low Balance,2,Aligned,False,False
15661162,Zero Balance,2,High Salary / Low Balance (Wallet-Share Risk),False,False
15568164,Low Balance,3,High Salary / Low Balance (Wallet-Share Risk),False,False
15601569,High Balance,2,Aligned,False,False
15772383,Medium Balance,1,Aligned,False,False
15667456,Zero Balance,1,Aligned,False,False
15672983,Low Balance,3,High Salary / Low Balance (Wallet-Share Risk),False,False
15799534,High Balance,3,Aligned,True,False
15582847,Zero Balance,1,Aligned,False,False
15612478,Zero Balance,3,High Salary / Low Balance (Wallet-Share Risk),False,False
15709621,Zero Balance,0,Aligned,False,False
15802009,Zero Balance,2,High Salary / Low Balance (Wallet-Share Risk),False,False
15698816,Low Balance,2,Aligned,False,False
15574830,Medium Balance,2,Aligned,False,False
15603082,Zero Balance,1,Aligned,False,False
15685947,Low Balance,2,Aligned,False,False
15643048,Zero Balance,0,Aligned,False,False
15807568,Zero Balance,1,Aligned,False,False
15597591,Low Balance,3,High Salary / Low Balance (Wallet-Share Risk),False,False
15747558,Zero Balance,3,High Salary / Low Balance (Wallet-Share Risk),False,False
15756655,Zero Balance,3,High Salary / Low Balance (Wallet-Share Risk),False,False
15589949,High Balance,0,High Balance / Low Salary (Unusual Profile),False,False
15601012,Low Balance,0,Aligned,False,False
15724269,Zero Balance,2,High Salary / Low Balance (Wallet-Share Risk),False,False
15567506,Low Balance,3,High Salary / Low Balance (Wallet-Share Risk),False,False
15791877,High Balance,1,High Balance / Low Salary (Unusual Profile),False,False
15794360,Low Balance,2,Aligned,False,False
15686538,Zero Balance,3,High Salary / Low Balance (Wallet-Share Risk),False,False
15585985,High Balance,3,Aligned,True,True
15699257,High Balance,0,High Balance / Low Salary (Unusual Profile),False,False
15804104,Low Balance,1,Aligned,False,False
15727619,Low Balance,1,Aligned,False,False
15740237,Low Balance,3,High Salary / Low Balance (Wallet-Share Risk),False,False
15801436,Zero Balance,2,High Salary / Low Balance (Wallet-Share Risk),False,False
15705735,Zero Balance,2,High Salary / Low Balance (Wallet-Share Risk),False,False
15649359,Zero Balance,0,Aligned,False,False
15624892,Low Balance,1,Aligned,False,False
15784918,Medium Balance,3,Aligned,False,False
15584785,Low Balance,0,Aligned,False,False
15797197,Zero Balance,1,Aligned,False,False
15574858,Zero Balance,0,Aligned,False,False
15794101,Zero Balance,2,High Salary / Low Balance (Wallet-Share Risk),False,False
15743245,High Balance,1,High Balance / Low Salary (Unusual Profile),False,False
15791535,Medium Balance,0,High Balance / Low Salary (Unusual Profile),False,False
15605215,Zero Balance,3,High Salary / Low Balance (Wallet-Share Risk),False,False
15771749,Low Balance,1,Aligned,False,False
15616833,Zero Balance,0,Aligned,False,False
15750728,Zero Balance,2,High Salary / Low Balance (Wallet-Share Risk),False,False
15769353,High Balance,3,Aligned,True,True
15770091,High Balance,0,High Balance / Low Salary (Unusual Profile),False,False
15716420,High Balance,1,High Balance / Low Salary (Unusual Profile),False,False
15740602,Low Balance,0,Aligned,False,False
15796071,Low Balance,3,High Salary / Low Balance (Wallet-Share Risk),False,False
15811389,High Balance,3,Aligned,True,False
15783875,Zero Balance,0,Aligned,False,False
15671800,Medium Balance,3,Aligned,False,False
15677288,Medium Balance,0,High Balance / Low Salary (Unusual Profile),False,False
15633525,Zero Balance,2,High Salary / Low Balance (Wallet-Share Risk),False,False
15634606,Zero Balance,3,High Salary / Low Balance (Wallet-Share Risk),False,False
15579207,Low Balance,2,Aligned,False,False
15619892,Zero Balance,1,Aligned,False,False
15567778,High Balance,2,Aligned,False,False
15711750,Zero Balance,3,High Salary / Low Balance (Wallet-Share Risk),False,False
15751084,High Balance,0,High Balance / Low Salary (Unusual Profile),False,False
15768945,Low Balance,2,Aligned,False,False
15586931,Zero Balance,1,Aligned,False,False
15636353,Zero Balance,0,Aligned,False,False
15623858,Zero Balance,2,High Salary / Low Balance (Wallet-Share Risk),False,False
15703354,Low Balance,2,Aligned,False,False
15663987,Zero Balance,3,High Salary / Low Balance (Wallet-Share Risk),False,False
15780805,Zero Balance,1,Aligned,False,False
15768566,Zero Balance,0,Aligned,False,False
15643229,Zero Balance,0,Aligned,False,False
15754940,Low Balance,0,Aligned,False,False
15676576,High Balance,1,High Balance / Low Salary (Unusual Profile),False,False
15800068,Zero Balance,3,High Salary / Low Balance (Wallet-Share Risk),False,False
15648030,Medium Balance,3,Aligned,False,False
15668594,Medium Balance,1,Aligned,False,False
15728709,Low Balance,2,Aligned,False,False
15724181,Low Balance,3,High Salary / Low Balance (Wallet-Share Risk),False,False
15647546,High Balance,3,Aligned,True,False
15702601,Low Balance,0,Aligned,False,False
15567725,Low Balance,1,Aligned,False,False
15674179,Low Balance,2,Aligned,False,False
15686957,High Balance,0,High Balance / Low Salary (Unusual Profile),False,False
15607690,Low Balance,0,Aligned,False,False
15806546,Zero Balance,0,Aligned,False,False
15632850,Zero Balance,3,High Salary / Low Balance (Wallet-Share Risk),False,False
15709016,Low Balance,3,High Salary / Low Balance (Wallet-Share Risk),False,False
15638068,Zero Balance,1,Aligned,False,False
15749345,Low Balance,3,High Salary / Low Balance (Wallet-Share Risk),False,False
15791321,Zero Balance,3,High Salary / Low Balance (Wallet-Share Risk),False,False
15699095,Zero Balance,3,High Salary / Low Balance (Wallet-Share Risk),False,False
15638329,Low Balance,3,High Salary / Low Balance (Wallet-Share Risk),False,False
15575445,High Balance,0,High Balance / Low Salary (Unusual Profile),False,False
15752622,Low Balance,3,High Salary / Low Balance (Wallet-Share Risk),False,False
15774507,Low Balance,2,Aligned,False,False
15570857,Low Balance,2,Aligned,False,False
15599386,Low Balance,2,Aligned,False,False
15744913,Low Balance,0,Aligned,False,False
15647292,High Balance,2,Aligned,False,False
15728838,High Balance,2,Aligned,False,False
15584704,Low Balance,2,Aligned,False,False
15749068,High Balance,1,High Balance / Low Salary (Unusual Profile),False,False
15622985,Zero Balance,3,High Salary / Low Balance (Wallet-Share Risk),False,False
15587676,Zero Balance,2,High Salary / Low Balance (Wallet-Share Risk),False,False
15779496,Low Balance,0,Aligned,False,False
15733460,Zero Balance,2,High Salary / Low Balance (Wallet-Share Risk),False,False
15711457,Medium Balance,3,Aligned,False,False
15795290,Medium Balance,0,High Balance / Low Salary (Unusual Profile),False,False
15611223,Low Balance,3,High Salary / Low Balance (Wallet-Share Risk),False,False
15794159,Medium Balance,1,Aligned,False,False
15780677,Zero Balance,3,High Salary / Low Balance (Wallet-Share Risk),False,False
15690175,Zero Balance,3,High Salary / Low Balance (Wallet-Share Risk),False,False
15722599,High Balance,0,High Balance / Low Salary (Unusual Profile),False,False
15569976,Medium Balance,2,Aligned,False,False
15707011,Medium Balance,1,Aligned,False,False
15702277,Low Balance,2,Aligned,False,False
15801915,High Balance,0,High Balance / Low Salary (Unusual Profile),False,False
15580213,Zero Balance,1,Aligned,False,False
15637947,Medium Balance,2,Aligned,False,False
15715888,High Balance,2,Aligned,False,False
15732967,Zero Balance,3,High Salary / Low Balance (Wallet-Share Risk),False,False
15737047,Zero Balance,1,Aligned,False,False
15694039,High Balance,3,Aligned,True,True
15649457,Medium Balance,0,High Balance / Low Salary (Unusual Profile),False,False
15742809,Low Balance,2,Aligned,False,False
15637829,Zero Balance,3,High Salary / Low Balance (Wallet-Share Risk),False,False
15633194,Low Balance,2,Aligned,False,False
15611635,Zero Balance,3,High Salary / Low Balance (Wallet-Share Risk),False,False
15638774,Zero Balance,3,High Salary / Low Balance (Wallet-Share Risk),False,False
15722037,Low Balance,0,Aligned,False,False
15672930,Zero Balance,0,Aligned,False,False
15668774,Medium Balance,2,Aligned,False,False
15780966,Zero Balance,2,High Salary / Low Balance (Wallet-Share Risk),False,False
15659694,Low Balance,2,Aligned,False,False
15624424,Zero Balance,2,High Salary / Low Balance (Wallet-Share Risk),False,False
15708713,Zero Balance,0,Aligned,False,False
15755405,Medium Balance,0,High Balance / Low Salary (Unusual Profile),False,False
15647570,Medium Balance,3,Aligned,False,False
15684348,Zero Balance,1,Aligned,False,False
15702541,High Balance,3,Aligned,True,True
15646942,Zero Balance,2,High Salary / Low Balance (Wallet-Share Risk),False,False
15748920,Zero Balance,0,Aligned,False,False
15694581,Zero Balance,1,Aligned,False,False
15643215,Low Balance,2,Aligned,False,False
15649060,Low Balance,1,Aligned,False,False
15774258,Zero Balance,3,High Salary / Low Balance (Wallet-Share Risk),False,False
15731553,Zero Balance,3,High Salary / Low Balance (Wallet-Share Risk),False,False
15617029,Zero Balance,0,Aligned,False,False
15780716,Medium Balance,2,Aligned,False,False
15577018,Low Balance,1,Aligned,False,False
15809515,High Balance,0,High Balance / Low Salary (Unusual Profile),False,False
15789924,Zero Balance,2,High Salary / Low Balance (Wallet-Share Risk),False,False
15725076,Low Balance,0,Aligned,False,False
15672481,Zero Balance,0,Aligned,False,False
15574115,Low Balance,0,Aligned,False,False
15661830,Zero Balance,1,Aligned,False,False
15665879,Zero Balance,1,Aligned,False,False
15673820,Zero Balance,2,High Salary / Low Balance (Wallet-Share Risk),False,False
15747772,Low Balance,0,Aligned,False,False
15666197,High Balance,1,High Balance / Low Salary (Unusual Profile),False,False
15773639,Low Balance,2,Aligned,False,False
15581893,Medium Balance,2,Aligned,False,False
15672447,Low Balance,2,Aligned,False,False
15777830,Zero Balance,3,High Salary / Low Balance (Wallet-Share Risk),False,False
15713890,Zero Balance,3,High Salary / Low Balance (Wallet-Share Risk),False,False
15577598,Low Balance,1,Aligned,False,False
15786042,High Balance,1,High Balance / Low Salary (Unusual Profile),False,False
15753462,Low Balance,3,High Salary / Low Balance (Wallet-Share Risk),False,False
15759690,Zero Balance,1,Aligned,False,False
15801414,Zero Balance,2,High Salary / Low Balance (Wallet-Share Risk),False,False
15656141,Zero Balance,0,Aligned,False,False
15608701,Medium Balance,1,Aligned,False,False
15582892,Low Balance,0,Aligned,False,False
15632967,Zero Balance,2,High Salary / Low Balance (Wallet-Share Risk),False,False
15587573,Low Balance,0,Aligned,False,False
15654891,Zero Balance,3,High Salary / Low Balance (Wallet-Share Risk),False,False
15611365,Medium Balance,1,Aligned,False,False
15749103,Low Balance,0,Aligned,False,False
15810203,Low Balance,2,Aligned,False,False
15813660,High Balance,0,High Balance / Low Salary (Unusual Profile),False,False
15605673,Zero Balance,1,Aligned,False,False
15669282,Medium Balance,2,Aligned,False,False
15792726,Medium Balance,3,Aligned,False,False
15593241,Zero Balance,3,High Salary / Low Balance (Wallet-Share Risk),False,False
15683053,Zero Balance,3,High Salary / Low Balance (Wallet-Share Risk),False,False
15632736,Low Balance,0,Aligned,False,False
15731865,Zero Balance,1,Aligned,False,False
15760450,Zero Balance,1,Aligned,False,False
15787204,Low Balance,2,Aligned,False,False
15650454,Zero Balance,2,High Salary / Low Balance (Wallet-Share Risk),False,False
15573730,Medium Balance,0,High Balance / Low Salary (Unusual Profile),False,False
15705050,Zero Balance,2,High Salary / Low Balance (Wallet-Share Risk),False,False
15791342,Low Balance,2,Aligned,False,False
15684316,Zero Balance,3,High Salary / Low Balance (Wallet-Share Risk),False,False
15700540,Medium Balance,2,Aligned,False,False
15770631,High Balance,1,High Balance / Low Salary (Unusual Profile),False,False
15790594,Zero Balance,0,Aligned,False,False
15604020,Low Balance,0,Aligned,False,False
15637599,Medium Balance,0,High Balance / Low Salary (Unusual Profile),False,False
15736578,Zero Balance,0,Aligned,False,False
15666332,Zero Balance,0,Aligned,False,False
15727291,Zero Balance,3,High Salary / Low Balance (Wallet-Share Risk),False,False
15785920,Medium Balance,2,Aligned,False,False
15658987,Low Balance,2,Aligned,False,False
15687719,Zero Balance,0,Aligned,False,False
15799641,Zero Balance,1,Aligned,False,False
15758702,Zero Balance,0,Aligned,False,False
15689526,Medium Balance,0,High Balance / Low Salary (Unusual Profile),False,False
15586848,Zero Balance,2,High Salary / Low Balance (Wallet-Share Risk),False,False
15707637,Zero Balance,0,Aligned,False,False
15719426,Low Balance,3,High Salary / Low Balance (Wallet-Share Risk),False,False
15639265,Medium Balance,2,Aligned,False,False
15576124,Low Balance,2,Aligned,False,False
15757829,Medium Balance,3,Aligned,False,False
15633227,Low Balance,0,Aligned,False,False
15753092,Medium Balance,3,Aligned,False,False
15782939,Low Balance,2,Aligned,False,False
15746338,Zero Balance,2,High Salary / Low Balance (Wallet-Share Risk),False,False
15590676,High Balance,0,High Balance / Low Salary (Unusual Profile),False,False
15599329,High Balance,2,Aligned,False,False
15783097,Low Balance,0,Aligned,False,False
15597885,Zero Balance,1,Aligned,False,False
15597467,Zero Balance,3,High Salary / Low Balance (Wallet-Share Risk),False,False
15724764,Low Balance,0,Aligned,False,False
15778418,High Balance,2,Aligned,False,False
15684769,Medium Balance,0,High Balance / Low Salary (Unusual Profile),False,False
15756167,Medium Balance,2,Aligned,False,False
15632439,Zero Balance,0,Aligned,False,False
15755138,Zero Balance,1,Aligned,False,False
15659092,Zero Balance,3,High Salary / Low Balance (Wallet-Share Risk),False,False
15742116,Low Balance,1,Aligned,False,False
15801994,Zero Balance,3,High Salary / Low Balance (Wallet-Share Risk),False,False
15647572,Low Balance,2,Aligned,False,False
15644551,Low Balance,1,Aligned,False,False
15709135,Low Balance,3,High Salary / Low Balance (Wallet-Share Risk),False,False
15684469,Low Balance,2,Aligned,False,False
15627637,Low Balance,1,Aligned,False,False
15667093,Zero Balance,0,Aligned,False,False
15690589,High Balance,2,Aligned,False,False
15595350,Medium Balance,1,Aligned,False,False
15777586,Low Balance,0,Aligned,False,False
15804064,Low Balance,2,Aligned,False,False
15717770,Zero Balance,3,High Salary / Low Balance (Wallet-Share Risk),False,False
15754443,Low Balance,2,Aligned,False,False
15776939,Low Balance,3,High Salary / Low Balance (Wallet-Share Risk),False,False
15713517,Low Balance,0,Aligned,False,False
15683522,Low Balance,2,Aligned,False,False
15673995,Low Balance,3,High Salary / Low Balance (Wallet-Share Risk),False,False
15771054,Zero Balance,3,High Salary / Low Balance (Wallet-Share Risk),False,False
15578788,Zero Balance,0,Aligned,False,False
15737408,Low Balance,2,Aligned,False,False
15750837,High Balance,0,High Balance / Low Salary (Unusual Profile),False,False
15576022,Zero Balance,1,Aligned,False,False
15635502,Zero Balance,3,High Salary / Low Balance (Wallet-Share Risk),False,False
15627298,Low Balance,1,Aligned,False,False
15811415,Medium Balance,3,Aligned,False,False
15645059,Zero Balance,2,High Salary / Low Balance (Wallet-Share Risk),False,False
15689671,Zero Balance,0,Aligned,False,False
15718667,Low Balance,0,Aligned,False,False
15803202,Zero Balance,2,High Salary / Low Balance (Wallet-Share Risk),False,False
15593683,Zero Balance,2,High Salary / Low Balance (Wallet-Share Risk),False,False
15703394,Zero Balance,0,Aligned,False,False
15570289,Low Balance,1,Aligned,False,False
15567437,Medium Balance,1,Aligned,False,False
15711687,Low Balance,1,Aligned,False,False
15656592,High Balance,3,Aligned,True,False
15634373,Zero Balance,2,High Salary / Low Balance (Wallet-Share Risk),False,False
15769125,Zero Balance,0,Aligned,False,False
15711386,Zero Balance,1,Aligned,False,False
15714241,High Balance,2,Aligned,False,False
15642530,High Balance,2,Aligned,False,False
15713599,Low Balance,0,Aligned,False,False
15744770,Zero Balance,1,Aligned,False,False
15780498,High Balance,0,High Balance / Low Salary (Unusual Profile),False,False
15624397,Low Balance,2,Aligned,False,False
15615219,Medium Balance,2,Aligned,False,False
15570908,Low Balance,2,Aligned,False,False
15762855,Zero Balance,2,High Salary / Low Balance (Wallet-Share Risk),False,False
15661827,Zero Balance,0,Aligned,False,False
15746035,Low Balance,3,High Salary / Low Balance (Wallet-Share Risk),False,False
15691906,Medium Balance,2,Aligned,False,False
15793424,Low Balance,2,Aligned,False,False
15577905,Low Balance,3,High Salary / Low Balance (Wallet-Share Risk),False,False
15667216,Low Balance,2,Aligned,False,False
15673971,High Balance,1,High Balance / Low Salary (Unusual Profile),False,False
15701238,Zero Balance,2,High Salary / Low Balance (Wallet-Share Risk),False,False
15644849,Zero Balance,1,Aligned,False,False
15635531,Zero Balance,3,High Salary / Low Balance (Wallet-Share Risk),False,False
15632263,Medium Balance,2,Aligned,False,False
15720110,Low Balance,3,High Salary / Low Balance (Wallet-Share Risk),False,False
15619045,Zero Balance,3,High Salary / Low Balance (Wallet-Share Risk),False,False
15697510,Zero Balance,2,High Salary / Low Balance (Wallet-Share Risk),False,False
15784923,Low Balance,0,Aligned,False,False
15567383,Low Balance,0,Aligned,False,False
15732621,Zero Balance,2,High Salary / Low Balance (Wallet-Share Risk),False,False
15757981,Zero Balance,3,High Salary / Low Balance (Wallet-Share Risk),False,False
15727819,High Balance,0,High Balance / Low Salary (Unusual Profile),False,False
15738088,Zero Balance,0,Aligned,False,False
15765173,Zero Balance,2,High Salary / Low Balance (Wallet-Share Risk),False,False
15665159,Medium Balance,3,Aligned,False,False
15618203,Low Balance,1,Aligned,False,False
15791452,Zero Balance,3,High Salary / Low Balance (Wallet-Share Risk),False,False
15638159,Low Balance,0,Aligned,False,False
15585466,Zero Balance,0,Aligned,False,False
15677310,Low Balance,1,Aligned,False,False
15646262,Zero Balance,0,Aligned,False,False
15656901,Zero Balance,3,High Salary / Low Balance (Wallet-Share Risk),False,False
15621093,Low Balance,0,Aligned,False,False
15592123,Zero Balance,3,High Salary / Low Balance (Wallet-Share Risk),False,False
15589200,Zero Balance,2,High Salary / Low Balance (Wallet-Share Risk),False,False
15602934,Medium Balance,3,Aligned,False,False
15812720,Medium Balance,3,Aligned,False,False
15695383,Zero Balance,1,Aligned,False,False
15723064,High Balance,0,High Balance / Low Salary (Unusual Profile),False,False
15761606,Low Balance,2,Aligned,False,False
15650322,Low Balance,1,Aligned,False,False
15669782,Low Balance,0,Aligned,False,False
15751628,Low Balance,0,Aligned,False,False
15809057,Zero Balance,3,High Salary / Low Balance (Wallet-Share Risk),False,False
15617052,Zero Balance,3,High Salary / Low Balance (Wallet-Share Risk),False,False
15590810,High Balance,1,High Balance / Low Salary (Unusual Profile),False,False
15801293,Low Balance,0,Aligned,False,False
15770968,Low Balance,0,Aligned,False,False
15572356,Low Balance,3,High Salary / Low Balance (Wallet-Share Risk),False,False
15603247,High Balance,3,Aligned,True,True
15619116,Zero Balance,1,Aligned,False,False
15691792,Zero Balance,2,High Salary / Low Balance (Wallet-Share Risk),False,False
15783276,Zero Balance,3,High Salary / Low Balance (Wallet-Share Risk),False,False
15766137,Zero Balance,1,Aligned,False,False
15574554,Low Balance,2,Aligned,False,False
15578671,High Balance,2,Aligned,False,False
15716608,Zero Balance,1,Aligned,False,False
15690670,Zero Balance,2,High Salary / Low Balance (Wallet-Share Risk),False,False
15630466,Zero Balance,2,High Salary / Low Balance (Wallet-Share Risk),False,False
15630349,Zero Balance,2,High Salary / Low Balance (Wallet-Share Risk),False,False
15803801,Zero Balance,3,High Salary / Low Balance (Wallet-Share Risk),False,False
15647890,High Balance,2,Aligned,False,False
15606115,High Balance,2,Aligned,False,False
15714642,Zero Balance,2,High Salary / Low Balance (Wallet-Share Risk),False,False
15741181,Medium Balance,1,Aligned,False,False
15773973,Zero Balance,3,High Salary / Low Balance (Wallet-Share Risk),False,False
15758546,Zero Balance,0,Aligned,False,False
15598940,High Balance,1,High Balance / Low Salary (Unusual Profile),False,False
15669783,Low Balance,1,Aligned,False,False
15624993,Medium Balance,0,High Balance / Low Salary (Unusual Profile),False,False
15760568,High Balance,2,Aligned,False,False
15699047,Medium Balance,0,High Balance / Low Salary (Unusual Profile),False,False
15616168,Low Balance,1,Aligned,False,False
15773146,Medium Balance,3,Aligned,False,False
15770375,Medium Balance,1,Aligned,False,False
15589725,Zero Balance,3,High Salary / Low Balance (Wallet-Share Risk),False,False
15710034,Medium Balance,2,Aligned,False,False
15800806,Medium Balance,3,Aligned,False,False
15570485,High Balance,1,High Balance / Low Salary (Unusual Profile),False,False
15575391,Zero Balance,0,Aligned,False,False
15790750,Medium Balance,2,Aligned,False,False
15714832,High Balance,1,High Balance / Low Salary (Unusual Profile),False,False
15619953,Low Balance,0,Aligned,False,False
15673929,Zero Balance,2,High Salary / Low Balance (Wallet-Share Risk),False,False
15578835,Medium Balance,0,High Balance / Low Salary (Unusual Profile),False,False
15752388,Zero Balance,0,Aligned,False,False
15797081,Low Balance,2,Aligned,False,False
15570194,Zero Balance,0,Aligned,False,False
15580149,Zero Balance,0,Aligned,False,False
15777708,Zero Balance,3,High Salary / Low Balance (Wallet-Share Risk),False,False
15769955,Zero Balance,1,Aligned,False,False
15810444,Medium Balance,0,High Balance / Low Salary (Unusual Profile),False,False
15645593,Low Balance,2,Aligned,False,False
15765345,Zero Balance,2,High Salary / Low Balance (Wallet-Share Risk),False,False
15760873,Low Balance,3,High Salary / Low Balance (Wallet-Share Risk),False,False
15794178,Low Balance,3,High Salary / Low Balance (Wallet-Share Risk),False,False
15589361,Zero Balance,1,Aligned,False,False
15662483,Zero Balance,3,High Salary / Low Balance (Wallet-Share Risk),False,False
15809736,Zero Balance,3,High Salary / Low Balance (Wallet-Share Risk),False,False
15731148,Low Balance,2,Aligned,False,False
15774328,High Balance,3,Aligned,True,False
15646969,Zero Balance,3,High Salary / Low Balance (Wallet-Share Risk),False,False
15718769,Low Balance,1,Aligned,False,False
15610226,Low Balance,1,Aligned,False,False
15616270,Low Balance,2,Aligned,False,False
15790717,Zero Balance,3,High Salary / Low Balance (Wallet-Share Risk),False,False
15635703,Medium Balance,3,Aligned,False,False
15616365,Zero Balance,0,Aligned,False,False
15630244,Medium Balance,3,Aligned,False,False
15734714,Low Balance,1,Aligned,False,False
15721433,Low Balance,3,High Salary / Low Balance (Wallet-Share Risk),False,False
15590201,Zero Balance,1,Aligned,False,False
15590828,Medium Balance,0,High Balance / Low Salary (Unusual Profile),False,False
15752097,Low Balance,0,Aligned,False,False
15800031,Low Balance,0,Aligned,False,False
15630857,Zero Balance,0,Aligned,False,False
15689953,Medium Balance,3,Aligned,False,False
15759733,Zero Balance,1,Aligned,False,False
15810826,Zero Balance,1,Aligned,False,False
15668009,Zero Balance,3,High Salary / Low Balance (Wallet-Share Risk),False,False
15743456,Zero Balance,1,Aligned,False,False
15725762,Medium Balance,3,Aligned,False,False
15761713,High Balance,2,Aligned,False,False
15769246,Medium Balance,3,Aligned,False,False
15781129,Low Balance,1,Aligned,False,False
15599124,Zero Balance,3,High Salary / Low Balance (Wallet-Share Risk),False,False
15639004,Zero Balance,1,Aligned,False,False
15810995,Medium Balance,0,High Balance / Low Salary (Unusual Profile),False,False
15653773,High Balance,3,Aligned,True,False
15708357,Zero Balance,2,High Salary / Low Balance (Wallet-Share Risk),False,False
15733597,High Balance,2,Aligned,False,False
15789560,High Balance,0,High Balance / Low Salary (Unusual Profile),False,False
15699524,Zero Balance,3,High Salary / Low Balance (Wallet-Share Risk),False,False
15626475,Zero Balance,2,High Salary / Low Balance (Wallet-Share Risk),False,False
15810839,Low Balance,2,Aligned,False,False
15684318,Low Balance,0,Aligned,False,False
15768120,Low Balance,3,High Salary / Low Balance (Wallet-Share Risk),False,False
15712807,Medium Balance,2,Aligned,False,False
15696371,Low Balance,1,Aligned,False,False
15675794,High Balance,2,Aligned,False,False
15774277,Zero Balance,2,High Salary / Low Balance (Wallet-Share Risk),False,False
15603764,Zero Balance,1,Aligned,False,False
15618647,Low Balance,2,Aligned,False,False
15614643,Zero Balance,2,High Salary / Low Balance (Wallet-Share Risk),False,False
15707696,Zero Balance,0,Aligned,False,False
15749583,Low Balance,0,Aligned,False,False
15815125,Low Balance,3,High Salary / Low Balance (Wallet-Share Risk),False,False
15779620,Zero Balance,1,Aligned,False,False
15768233,Low Balance,0,Aligned,False,False
15637788,Low Balance,1,Aligned,False,False
15777046,Medium Balance,1,Aligned,False,False
15788723,High Balance,3,Aligned,True,False
15790489,High Balance,0,High Balance / Low Salary (Unusual Profile),False,False
15739476,Zero Balance,3,High Salary / Low Balance (Wallet-Share Risk),False,False
15612670,Zero Balance,2,High Salary / Low Balance (Wallet-Share Risk),False,False
15631222,Low Balance,1,Aligned,False,False
15658972,Medium Balance,2,Aligned,False,False
15724691,Zero Balance,3,High Salary / Low Balance (Wallet-Share Risk),False,False
15740442,High Balance,1,High Balance / Low Salary (Unusual Profile),False,False
15760427,Medium Balance,1,Aligned,False,False
15677939,Zero Balance,3,High Salary / Low Balance (Wallet-Share Risk),False,False
15611599,Zero Balance,0,Aligned,False,False
15633474,Medium Balance,1,Aligned,False,False
15671973,Zero Balance,0,Aligned,False,False
15790019,Low Balance,0,Aligned,False,False
15737735,Low Balance,2,Aligned,False,False
15661745,Zero Balance,2,High Salary / Low Balance (Wallet-Share Risk),False,False
15797065,Zero Balance,2,High Salary / Low Balance (Wallet-Share Risk),False,False
15710671,Medium Balance,3,Aligned,False,False
15656522,High Balance,3,Aligned,True,True
15705085,Zero Balance,0,Aligned,False,False
15744873,High Balance,2,Aligned,False,False
15781914,High Balance,0,High Balance / Low Salary (Unusual Profile),False,False
15637354,High Balance,2,Aligned,False,False
15717307,Zero Balance,1,Aligned,False,False
15746695,Low Balance,1,Aligned,False,False
15804962,High Balance,3,Aligned,True,False
15665378,Zero Balance,1,Aligned,False,False
15757865,Zero Balance,1,Aligned,False,False
15578787,Zero Balance,1,Aligned,False,False
15794323,Medium Balance,2,Aligned,False,False
15697546,Zero Balance,1,Aligned,False,False
15629519,Zero Balance,0,Aligned,False,False
15624703,Medium Balance,3,Aligned,False,False
15570002,Low Balance,2,Aligned,False,False
15808566,Zero Balance,3,High Salary / Low Balance (Wallet-Share Risk),False,False
15805463,Low Balance,3,High Salary / Low Balance (Wallet-Share Risk),False,False
15709136,Zero Balance,3,High Salary / Low Balance (Wallet-Share Risk),False,False
15801605,Zero Balance,1,Aligned,False,False
15567855,Zero Balance,0,Aligned,False,False
15675141,Low Balance,3,High Salary / Low Balance (Wallet-Share Risk),False,False
15665759,Low Balance,1,Aligned,False,False
15761487,Zero Balance,3,High Salary / Low Balance (Wallet-Share Risk),False,False
15700394,Medium Balance,2,Aligned,False,False
15631162,Zero Balance,3,High Salary / Low Balance (Wallet-Share Risk),False,False
15630641,Medium Balance,0,High Balance / Low Salary (Unusual Profile),False,False
15585066,Zero Balance,2,High Salary / Low Balance (Wallet-Share Risk),False,False
15722991,Low Balance,1,Aligned,False,False
15737404,Medium Balance,3,Aligned,False,False
15722409,Low Balance,1,Aligned,False,False
15806420,Zero Balance,3,High Salary / Low Balance (Wallet-Share Risk),False,False
15658148,Zero Balance,3,High Salary / Low Balance (Wallet-Share Risk),False,False
15810660,Medium Balance,2,Aligned,False,False
15709780,Low Balance,1,Aligned,False,False
15727350,Low Balance,0,Aligned,False,False
15752312,High Balance,2,Aligned,False,False
15616745,High Balance,0,High Balance / Low Salary (Unusual Profile),False,False
15572294,Zero Balance,2,High Salary / Low Balance (Wallet-Share Risk),False,False
15674110,High Balance,0,High Balance / Low Salary (Unusual Profile),False,False
15662501,Low Balance,1,Aligned,False,False
15649239,Zero Balance,3,High Salary / Low Balance (Wallet-Share Risk),False,False
15700424,Zero Balance,1,Aligned,False,False
15636388,Low Balance,2,Aligned,False,False
15713975,High Balance,3,Aligned,True,True
15592925,High Balance,0,High Balance / Low Salary (Unusual Profile),False,False
15581626,Zero Balance,3,High Salary / Low Balance (Wallet-Share Risk),False,False
15641319,Zero Balance,2,High Salary / Low Balance (Wallet-Share Risk),False,False
15723481,Zero Balance,0,Aligned,False,False
15787825,High Balance,1,High Balance / Low Salary (Unusual Profile),False,False
15710726,Zero Balance,3,High Salary / Low Balance (Wallet-Share Risk),False,False
15627195,Low Balance,0,Aligned,False,False
15657957,Low Balance,3,High Salary / Low Balance (Wallet-Share Risk),False,False
15676117,Zero Balance,2,High Salary / Low Balance (Wallet-Share Risk),False,False
15607874,High Balance,2,Aligned,False,False
15796993,High Balance,0,High Balance / Low Salary (Unusual Profile),False,False
15649858,Low Balance,2,Aligned,False,False
15811032,High Balance,0,High Balance / Low Salary (Unusual Profile),False,False
15679963,Low Balance,0,Aligned,False,False
15579131,Zero Balance,1,Aligned,False,False
15572428,Low Balance,1,Aligned,False,False
15622461,Medium Balance,0,High Balance / Low Salary (Unusual Profile),False,False
15636105,Zero Balance,0,Aligned,False,False
15583849,Zero Balance,2,High Salary / Low Balance (Wallet-Share Risk),False,False
15718780,Low Balance,2,Aligned,False,False
15739271,Medium Balance,0,High Balance / Low Salary (Unusual Profile),False,False
15697129,Zero Balance,0,Aligned,False,False
15763415,Medium Balance,2,Aligned,False,False
15796617,Zero Balance,0,Aligned,False,False
15626628,Low Balance,2,Aligned,False,False
15765857,High Balance,0,High Balance / Low Salary (Unusual Profile),False,False
15742511,Medium Balance,0,High Balance / Low Salary (Unusual Profile),False,False
15786433,High Balance,0,High Balance / Low Salary (Unusual Profile),False,False
15685805,Zero Balance,1,Aligned,False,False
15627971,High Balance,0,High Balance / Low Salary (Unusual Profile),False,False
15783025,Low Balance,2,Aligned,False,False
15726289,High Balance,0,High Balance / Low Salary (Unusual Profile),False,False
15802118,Medium Balance,3,Aligned,False,False
15607990,High Balance,3,Aligned,True,False
15695932,Low Balance,3,High Salary / Low Balance (Wallet-Share Risk),False,False
15812279,Low Balance,3,High Salary / Low Balance (Wallet-Share Risk),False,False
15687558,Low Balance,3,High Salary / Low Balance (Wallet-Share Risk),False,False
15729065,Low Balance,3,High Salary / Low Balance (Wallet-Share Risk),False,False
15698902,High Balance,1,High Balance / Low Salary (Unusual Profile),False,False
15570192,Medium Balance,1,Aligned,False,False
15809265,Zero Balance,2,High Salary / Low Balance (Wallet-Share Risk),False,False
15745201,Medium Balance,1,Aligned,False,False
15580623,Zero Balance,1,Aligned,False,False
15578156,Medium Balance,1,Aligned,False,False
15631063,Zero Balance,1,Aligned,False,False
15692577,Low Balance,0,Aligned,False,False
15810910,Zero Balance,3,High Salary / Low Balance (Wallet-Share Risk),False,False
15723217,Zero Balance,2,High Salary / Low Balance (Wallet-Share Risk),False,False
15733111,Medium Balance,2,Aligned,False,False
15610727,Medium Balance,3,Aligned,False,False
15792720,High Balance,1,High Balance / Low Salary (Unusual Profile),False,False
15723153,Zero Balance,2,High Salary / Low Balance (Wallet-Share Risk),False,False
15802823,Zero Balance,3,High Salary / Low Balance (Wallet-Share Risk),False,False
15756118,Zero Balance,2,High Salary / Low Balance (Wallet-Share Risk),False,False
15684934,Zero Balance,2,High Salary / Low Balance (Wallet-Share Risk),False,False
15776936,High Balance,3,Aligned,True,False
15729087,High Balance,2,Aligned,False,False
15786463,Medium Balance,0,High Balance / Low Salary (Unusual Profile),False,False
15717498,Medium Balance,3,Aligned,False,False
15718406,Zero Balance,2,High Salary / Low Balance (Wallet-Share Risk),False,False
15799468,Low Balance,0,Aligned,False,False
15626383,Medium Balance,0,High Balance / Low Salary (Unusual Profile),False,False
15597385,Zero Balance,0,Aligned,False,False
15570271,Zero Balance,3,High Salary / Low Balance (Wallet-Share Risk),False,False
15690330,Low Balance,0,Aligned,False,False
15680611,Zero Balance,1,Aligned,False,False
15810227,Zero Balance,1,Aligned,False,False
15807194,Low Balance,0,Aligned,False,False
15712199,High Balance,3,Aligned,True,False
15694995,Zero Balance,1,Aligned,False,False
15723400,Zero Balance,2,High Salary / Low Balance (Wallet-Share Risk),False,False
15654772,Low Balance,0,Aligned,False,False
15574743,Zero Balance,3,High Salary / Low Balance (Wallet-Share Risk),False,False
15807593,Low Balance,2,Aligned,False,False
15686718,Low Balance,2,Aligned,False,False
15695299,Low Balance,1,Aligned,False,False
15722701,Medium Balance,3,Aligned,False,False
15799635,Low Balance,2,Aligned,False,False
15742323,Zero Balance,0,Aligned,False,False
15658435,Zero Balance,1,Aligned,False,False
15586029,Low Balance,2,Aligned,False,False
15772337,High Balance,3,Aligned,True,False
15807555,Zero Balance,2,High Salary / Low Balance (Wallet-Share Risk),False,False
15603378,High Balance,2,Aligned,False,False
15792862,Low Balance,0,Aligned,False,False
15657349,Low Balance,0,Aligned,False,False
15777614,Zero Balance,1,Aligned,False,False
15653952,Medium Balance,0,High Balance / Low Salary (Unusual Profile),False,False
15724336,High Balance,2,Aligned,False,False
15689594,High Balance,2,Aligned,False,False
15801920,Low Balance,3,High Salary / Low Balance (Wallet-Share Risk),False,False
15653347,Zero Balance,2,High Salary / Low Balance (Wallet-Share Risk),False,False
15749951,Medium Balance,3,Aligned,False,False
15648178,Medium Balance,3,Aligned,False,False
15738662,High Balance,3,Aligned,True,True
15640855,Low Balance,2,Aligned,False,False
15584288,Zero Balance,1,Aligned,False,False
15760988,Medium Balance,0,High Balance / Low Salary (Unusual Profile),False,False
15569624,Low Balance,2,Aligned,False,False
15597949,Low Balance,0,Aligned,False,False
15604551,Zero Balance,1,Aligned,False,False
15617476,Zero Balance,3,High Salary / Low Balance (Wallet-Share Risk),False,False
15645323,Zero Balance,2,High Salary / Low Balance (Wallet-Share Risk),False,False
15793311,Low Balance,3,High Salary / Low Balance (Wallet-Share Risk),False,False
15764153,Medium Balance,1,Aligned,False,False
15802560,High Balance,2,Aligned,False,False
15728608,Low Balance,3,High Salary / Low Balance (Wallet-Share Risk),False,False
15770474,Zero Balance,1,Aligned,False,False
15724444,Medium Balance,2,Aligned,False,False
15753110,Low Balance,1,Aligned,False,False
15711521,Medium Balance,2,Aligned,False,False
15632816,Medium Balance,3,Aligned,False,False
15693637,Zero Balance,3,High Salary / Low Balance (Wallet-Share Risk),False,False
15725509,Low Balance,3,High Salary / Low Balance (Wallet-Share Risk),False,False
15684645,Low Balance,2,Aligned,False,False
15692235,Zero Balance,0,Aligned,False,False
15777459,High Balance,3,Aligned,True,False
15656937,Medium Balance,1,Aligned,False,False
15610643,High Balance,3,Aligned,True,True
15777315,Low Balance,1,Aligned,False,False
15611058,Medium Balance,0,High Balance / Low Salary (Unusual Profile),False,False
15630413,Zero Balance,1,Aligned,False,False
15635942,Zero Balance,2,High Salary / Low Balance (Wallet-Share Risk),False,False
15648858,Low Balance,1,Aligned,False,False
15810732,High Balance,1,High Balance / Low Salary (Unusual Profile),False,False
15705448,Medium Balance,3,Aligned,False,False
15730488,Zero Balance,2,High Salary / Low Balance (Wallet-Share Risk),False,False
15620443,Zero Balance,1,Aligned,False,False
15741078,Low Balance,1,Aligned,False,False
15753161,High Balance,0,High Balance / Low Salary (Unusual Profile),False,False
15711396,Zero Balance,1,Aligned,False,False
15593499,Zero Balance,0,Aligned,False,False
15579189,Zero Balance,2,High Salary / Low Balance (Wallet-Share Risk),False,False
15743545,Zero Balance,3,High Salary / Low Balance (Wallet-Share Risk),False,False
15791316,Zero Balance,1,Aligned,False,False
15608246,Low Balance,2,Aligned,False,False
15676526,Low Balance,3,High Salary / Low Balance (Wallet-Share Risk),False,False
15813911,Zero Balance,1,Aligned,False,False
15630195,Medium Balance,0,High Balance / Low Salary (Unusual Profile),False,False
15736250,Low Balance,1,Aligned,False,False
15671334,Zero Balance,3,High Salary / Low Balance (Wallet-Share Risk),False,False
15574169,Low Balance,0,Aligned,False,False
15718839,Low Balance,0,Aligned,False,False
15762331,High Balance,3,Aligned,True,True
15606901,Zero Balance,0,Aligned,False,False
15713559,High Balance,1,High Balance / Low Salary (Unusual Profile),False,False
15768881,Zero Balance,3,High Salary / Low Balance (Wallet-Share Risk),False,False
15743075,Zero Balance,1,Aligned,False,False
15660980,Low Balance,0,Aligned,False,False
15810942,Medium Balance,0,High Balance / Low Salary (Unusual Profile),False,False
15728362,Zero Balance,3,High Salary / Low Balance (Wallet-Share Risk),False,False
15683339,Low Balance,0,Aligned,False,False
15685476,Low Balance,0,Aligned,False,False
15663650,Low Balance,0,Aligned,False,False
15617434,Zero Balance,1,Aligned,False,False
15622470,Low Balance,1,Aligned,False,False
15703682,Zero Balance,3,High Salary / Low Balance (Wallet-Share Risk),False,False
15727391,High Balance,2,Aligned,False,False
15711062,Low Balance,2,Aligned,False,False
15567339,Zero Balance,2,High Salary / Low Balance (Wallet-Share Risk),False,False
15760662,Low Balance,0,Aligned,False,False
15605737,Zero Balance,2,High Salary / Low Balance (Wallet-Share Risk),False,False
15692977,Medium Balance,1,Aligned,False,False
15672082,Zero Balance,2,High Salary / Low Balance (Wallet-Share Risk),False,False
15600280,Zero Balance,0,Aligned,False,False
15804052,Zero Balance,2,High Salary / Low Balance (Wallet-Share Risk),False,False
15576065,High Balance,3,Aligned,True,False
15796838,Low Balance,1,Aligned,False,False
15693526,Zero Balance,2,High Salary / Low Balance (Wallet-Share Risk),False,False
15748595,Low Balance,2,Aligned,False,False
15679029,Low Balance,2,Aligned,False,False
15753639,High Balance,3,Aligned,True,True
15604138,Zero Balance,3,High Salary / Low Balance (Wallet-Share Risk),False,False
15666095,Low Balance,1,Aligned,False,False
15643487,Low Balance,1,Aligned,False,False
15764033,Medium Balance,1,Aligned,False,False
15747288,Low Balance,3,High Salary / Low Balance (Wallet-Share Risk),False,False
15790599,High Balance,2,Aligned,False,False
15737705,High Balance,2,Aligned,False,False
15737194,Zero Balance,2,High Salary / Low Balance (Wallet-Share Risk),False,False
15726776,Low Balance,0,Aligned,False,False
15804357,Zero Balance,0,Aligned,False,False
15664432,Low Balance,3,High Salary / Low Balance (Wallet-Share Risk),False,False
15688984,Low Balance,3,High Salary / Low Balance (Wallet-Share Risk),False,False
15583026,Medium Balance,1,Aligned,False,False
15771668,High Balance,0,High Balance / Low Salary (Unusual Profile),False,False
15779904,Zero Balance,3,High Salary / Low Balance (Wallet-Share Risk),False,False
15784323,Zero Balance,3,High Salary / Low Balance (Wallet-Share Risk),False,False
15756277,Low Balance,1,Aligned,False,False
15663312,Low Balance,3,High Salary / Low Balance (Wallet-Share Risk),False,False
15793197,Low Balance,0,Aligned,False,False
15731463,Low Balance,1,Aligned,False,False
15621768,Low Balance,3,High Salary / Low Balance (Wallet-Share Risk),False,False
15691323,Low Balance,3,High Salary / Low Balance (Wallet-Share Risk),False,False
15781326,Low Balance,3,High Salary / Low Balance (Wallet-Share Risk),False,False
15595640,Zero Balance,2,High Salary / Low Balance (Wallet-Share Risk),False,False
15814331,Low Balance,1,Aligned,False,False
15602030,Medium Balance,1,Aligned,False,False
15747974,Zero Balance,3,High Salary / Low Balance (Wallet-Share Risk),False,False
15611315,Low Balance,2,Aligned,False,False
15636977,Low Balance,2,Aligned,False,False
15690337,Low Balance,3,High Salary / Low Balance (Wallet-Share Risk),False,False
15680666,High Balance,3,Aligned,True,True
15679551,High Balance,3,Aligned,True,False
15778915,Medium Balance,3,Aligned,False,False
15568849,Low Balance,3,High Salary / Low Balance (Wallet-Share Risk),False,False
15747762,Low Balance,0,Aligned,False,False
15753679,Zero Balance,3,High Salary / Low Balance (Wallet-Share Risk),False,False
15750049,High Balance,1,High Balance / Low Salary (Unusual Profile),False,False
15606097,Low Balance,0,Aligned,False,False
15802368,Zero Balance,2,High Salary / Low Balance (Wallet-Share Risk),False,False
15767488,Zero Balance,0,Aligned,False,False
15669946,High Balance,1,High Balance / Low Salary (Unusual Profile),False,False
15612103,Medium Balance,3,Aligned,False,False
15645353,Zero Balance,0,Aligned,False,False
15650018,High Balance,2,Aligned,False,False
15659002,Zero Balance,2,High Salary / Low Balance (Wallet-Share Risk),False,False
15616028,Zero Balance,0,Aligned,False,False
15660475,Zero Balance,1,Aligned,False,False
15652615,High Balance,1,High Balance / Low Salary (Unusual Profile),False,False
15653572,Medium Balance,0,High Balance / Low Salary (Unusual Profile),False,False
15628059,Zero Balance,3,High Salary / Low Balance (Wallet-Share Risk),False,False
15703413,Medium Balance,3,Aligned,False,False
15610433,Zero Balance,0,Aligned,False,False
15770548,High Balance,2,Aligned,False,False
15645637,Low Balance,3,High Salary / Low Balance (Wallet-Share Risk),False,False
15590888,Low Balance,3,High Salary / Low Balance (Wallet-Share Risk),False,False
15568326,Zero Balance,3,High Salary / Low Balance (Wallet-Share Risk),False,False
15655368,Zero Balance,1,Aligned,False,False
15665579,High Balance,2,Aligned,False,False
15676091,Zero Balance,1,Aligned,False,False
15716984,Zero Balance,1,Aligned,False,False
15715078,High Balance,2,Aligned,False,False
15569452,Low Balance,3,High Salary / Low Balance (Wallet-Share Risk),False,False
15628863,Low Balance,0,Aligned,False,False
15778192,Zero Balance,3,High Salary / Low Balance (Wallet-Share Risk),False,False
15793723,High Balance,3,Aligned,True,True
15798943,Zero Balance,2,High Salary / Low Balance (Wallet-Share Risk),False,False
15764708,Low Balance,2,Aligned,False,False
15791040,Low Balance,0,Aligned,False,False
15631512,High Balance,0,High Balance / Low Salary (Unusual Profile),False,False
15640106,Medium Balance,3,Aligned,False,False
15710315,Medium Balance,2,Aligned,False,False
15771535,Zero Balance,1,Aligned,False,False
15611947,Low Balance,2,Aligned,False,False
15670266,High Balance,0,High Balance / Low Salary (Unusual Profile),False,False
15609083,Zero Balance,2,High Salary / Low Balance (Wallet-Share Risk),False,False
15567923,Zero Balance,2,High Salary / Low Balance (Wallet-Share Risk),False,False
15788183,Low Balance,2,Aligned,False,False
15735782,Medium Balance,0,High Balance / Low Salary (Unusual Profile),False,False
15774401,Zero Balance,2,High Salary / Low Balance (Wallet-Share Risk),False,False
15737971,Zero Balance,0,Aligned,False,False
15758750,Low Balance,1,Aligned,False,False
15611767,Medium Balance,0,High Balance / Low Salary (Unusual Profile),False,False
15643770,Low Balance,0,Aligned,False,False
15744717,Zero Balance,0,Aligned,False,False
15570681,Low Balance,1,Aligned,False,False
15792650,Zero Balance,3,High Salary / Low Balance (Wallet-Share Risk),False,False
15605531,Zero Balance,3,High Salary / Low Balance (Wallet-Share Risk),False,False
15605339,Zero Balance,0,Aligned,False,False
15672216,Low Balance,1,Aligned,False,False
15812893,Zero Balance,0,Aligned,False,False
15624180,Medium Balance,1,Aligned,False,False
15701364,Zero Balance,1,Aligned,False,False
15762588,Zero Balance,0,Aligned,False,False
15806318,Medium Balance,0,High Balance / Low Salary (Unusual Profile),False,False
15712596,Zero Balance,0,Aligned,False,False
15600399,Zero Balance,3,High Salary / Low Balance (Wallet-Share Risk),False,False
15576216,Low Balance,1,Aligned,False,False
15620750,High Balance,0,High Balance / Low Salary (Unusual Profile),False,False
15623489,Medium Balance,2,Aligned,False,False
15667944,Low Balance,3,High Salary / Low Balance (Wallet-Share Risk),False,False
15584928,Medium Balance,3,Aligned,False,False
15779913,Medium Balance,3,Aligned,False,False
15644977,Zero Balance,1,Aligned,False,False
15749679,Low Balance,3,High Salary / Low Balance (Wallet-Share Risk),False,False
15629010,Low Balance,3,High Salary / Low Balance (Wallet-Share Risk),False,False
15768465,Medium Balance,0,High Balance / Low Salary (Unusual Profile),False,False
15767781,Low Balance,1,Aligned,False,False
15635364,Low Balance,1,Aligned,False,False
15722004,Medium Balance,1,Aligned,False,False
15766044,Medium Balance,0,High Balance / Low Salary (Unusual Profile),False,False
15586680,High Balance,1,High Balance / Low Salary (Unusual Profile),False,False
15635388,Low Balance,2,Aligned,False,False
15655175,Low Balance,2,Aligned,False,False
15639133,Zero Balance,2,High Salary / Low Balance (Wallet-Share Risk),False,False
15799653,Low Balance,0,Aligned,False,False
15723872,Zero Balance,3,High Salary / Low Balance (Wallet-Share Risk),False,False
15775627,Zero Balance,1,Aligned,False,False
15630704,Low Balance,3,High Salary / Low Balance (Wallet-Share Risk),False,False
15815534,Medium Balance,1,Aligned,False,False
15697249,Medium Balance,2,Aligned,False,False
15681316,Medium Balance,3,Aligned,False,False
15682523,Medium Balance,1,Aligned,False,False
15650244,Low Balance,1,Aligned,False,False
15648638,Zero Balance,3,High Salary / Low Balance (Wallet-Share Risk),False,False
15795747,High Balance,2,Aligned,False,False
15607330,Low Balance,3,High Salary / Low Balance (Wallet-Share Risk),False,False
15624013,Low Balance,0,Aligned,False,False
15800805,High Balance,0,High Balance / Low Salary (Unusual Profile),False,False
15667321,Zero Balance,2,High Salary / Low Balance (Wallet-Share Risk),False,False
15601116,Zero Balance,3,High Salary / Low Balance (Wallet-Share Risk),False,False
15622033,Low Balance,0,Aligned,False,False
15758451,Low Balance,0,Aligned,False,False
15688689,High Balance,0,High Balance / Low Salary (Unusual Profile),False,False
15652674,Low Balance,2,Aligned,False,False
15806327,Low Balance,2,Aligned,False,False
15649618,High Balance,2,Aligned,False,False
15677117,Zero Balance,2,High Salary / Low Balance (Wallet-Share Risk),False,False
15751445,Low Balance,0,Aligned,False,False
15749669,Zero Balance,2,High Salary / Low Balance (Wallet-Share Risk),False,False
15656351,Zero Balance,1,Aligned,False,False
15667438,Low Balance,0,Aligned,False,False
15682273,Medium Balance,2,Aligned,False,False
15580912,High Balance,3,Aligned,True,False
15785183,Zero Balance,0,Aligned,False,False
15705383,Medium Balance,1,Aligned,False,False
15712903,High Balance,3,Aligned,True,False
15774285,Low Balance,1,Aligned,False,False
15583138,High Balance,3,Aligned,True,True
15740160,Zero Balance,1,Aligned,False,False
15793425,Zero Balance,3,High Salary / Low Balance (Wallet-Share Risk),False,False
15749265,Low Balance,1,Aligned,False,False
15623989,Zero Balance,3,High Salary / Low Balance (Wallet-Share Risk),False,False
15604832,Zero Balance,2,High Salary / Low Balance (Wallet-Share Risk),False,False
15584580,High Balance,0,High Balance / Low Salary (Unusual Profile),False,False
15573854,Zero Balance,0,Aligned,False,False
15614847,Low Balance,2,Aligned,False,False
15679966,Medium Balance,3,Aligned,False,False
15799435,Zero Balance,2,High Salary / Low Balance (Wallet-Share Risk),False,False
15752186,Zero Balance,0,Aligned,False,False
15705544,High Balance,0,High Balance / Low Salary (Unusual Profile),False,False
15713632,Low Balance,1,Aligned,False,False
15586523,Low Balance,1,Aligned,False,False
15609176,Zero Balance,3,High Salary / Low Balance (Wallet-Share Risk),False,False
15769308,Low Balance,3,High Salary / Low Balance (Wallet-Share Risk),False,False
15676810,Low Balance,1,Aligned,False,False
15634591,Low Balance,3,High Salary / Low Balance (Wallet-Share Risk),False,False
15679804,Low Balance,2,Aligned,False,False
15677764,High Balance,3,Aligned,True,False
15571917,Medium Balance,1,Aligned,False,False
15574608,Medium Balance,2,Aligned,False,False
15740868,Medium Balance,3,Aligned,False,False
15702442,Low Balance,1,Aligned,False,False
15699797,High Balance,0,High Balance / Low Salary (Unusual Profile),False,False
15648047,High Balance,0,High Balance / Low Salary (Unusual Profile),False,False
15766826,High Balance,0,High Balance / Low Salary (Unusual Profile),False,False
15591628,High Balance,0,High Balance / Low Salary (Unusual Profile),False,False
15583857,Medium Balance,3,Aligned,False,False
15752534,Zero Balance,3,High Salary / Low Balance (Wallet-Share Risk),False,False
15741403,High Balance,0,High Balance / Low Salary (Unusual Profile),False,False
15783589,Zero Balance,1,Aligned,False,False
15598046,High Balance,1,High Balance / Low Salary (Unusual Profile),False,False
15643330,Zero Balance,1,Aligned,False,False
15680405,High Balance,3,Aligned,True,False
15728683,Zero Balance,2,High Salary / Low Balance (Wallet-Share Risk),False,False
15621644,Medium Balance,1,Aligned,False,False
15733032,Zero Balance,2,High Salary / Low Balance (Wallet-Share Risk),False,False
15608381,Medium Balance,0,High Balance / Low Salary (Unusual Profile),False,False
15658946,Low Balance,0,Aligned,False,False
15757912,Medium Balance,3,Aligned,False,False
15645371,High Balance,1,High Balance / Low Salary (Unusual Profile),False,False
15653110,Medium Balance,0,High Balance / Low Salary (Unusual Profile),False,False
15766355,Low Balance,1,Aligned,False,False
15585249,Low Balance,3,High Salary / Low Balance (Wallet-Share Risk),False,False
15611786,Zero Balance,2,High Salary / Low Balance (Wallet-Share Risk),False,False
15575486,Zero Balance,0,Aligned,False,False
15780215,Zero Balance,0,Aligned,False,False
15686099,Low Balance,2,Aligned,False,False
15739042,Zero Balance,0,Aligned,False,False
15815316,Low Balance,3,High Salary / Low Balance (Wallet-Share Risk),False,False
15778489,High Balance,2,Aligned,False,False
15786389,Zero Balance,1,Aligned,False,False
15601787,Low Balance,3,High Salary / Low Balance (Wallet-Share Risk),False,False
15624715,Zero Balance,0,Aligned,False,False
15763093,Medium Balance,3,Aligned,False,False
15572073,Zero Balance,1,Aligned,False,False
15780256,Zero Balance,2,High Salary / Low Balance (Wallet-Share Risk),False,False
15659305,High Balance,2,Aligned,False,False
15638882,High Balance,0,High Balance / Low Salary (Unusual Profile),False,False
15714680,Medium Balance,1,Aligned,False,False
15777217,Zero Balance,3,High Salary / Low Balance (Wallet-Share Risk),False,False
15739123,Medium Balance,0,High Balance / Low Salary (Unusual Profile),False,False
15594450,High Balance,2,Aligned,False,False
15797751,Low Balance,3,High Salary / Low Balance (Wallet-Share Risk),False,False
15691543,High Balance,1,High Balance / Low Salary (Unusual Profile),False,False
15722845,High Balance,1,High Balance / Low Salary (Unusual Profile),False,False
15605804,Zero Balance,0,Aligned,False,False
15702061,Zero Balance,2,High Salary / Low Balance (Wallet-Share Risk),False,False
15694321,Zero Balance,1,Aligned,False,False
15798749,High Balance,1,High Balance / Low Salary (Unusual Profile),False,False
15720050,Low Balance,2,Aligned,False,False
15758048,High Balance,2,Aligned,False,False
15805681,Zero Balance,2,High Salary / Low Balance (Wallet-Share Risk),False,False
15802809,Low Balance,3,High Salary / Low Balance (Wallet-Share Risk),False,False
15807239,Low Balance,3,High Salary / Low Balance (Wallet-Share Risk),False,False
15749093,High Balance,1,High Balance / Low Salary (Unusual Profile),False,False
15689344,Zero Balance,2,High Salary / Low Balance (Wallet-Share Risk),False,False
15606076,Medium Balance,2,Aligned,False,False
15610090,Low Balance,1,Aligned,False,False
15693926,High Balance,3,Aligned,True,False
15791501,Zero Balance,2,High Salary / Low Balance (Wallet-Share Risk),False,False
15621870,Zero Balance,3,High Salary / Low Balance (Wallet-Share Risk),False,False
15734711,Zero Balance,1,Aligned,False,False
15814405,Zero Balance,1,Aligned,False,False
15729359,Zero Balance,0,Aligned,False,False
15606944,High Balance,0,High Balance / Low Salary (Unusual Profile),False,False
15671934,Medium Balance,2,Aligned,False,False
15641773,High Balance,3,Aligned,True,False
15701972,Medium Balance,0,High Balance / Low Salary (Unusual Profile),False,False
15749114,Zero Balance,0,Aligned,False,False
15780362,Medium Balance,2,Aligned,False,False
15753229,Medium Balance,2,Aligned,False,False
15656009,Zero Balance,1,Aligned,False,False
15785024,Medium Balance,3,Aligned,False,False
15670492,Zero Balance,2,High Salary / Low Balance (Wallet-Share Risk),False,False
15795458,Zero Balance,1,Aligned,False,False
15732438,Zero Balance,0,Aligned,False,False
15781987,Low Balance,0,Aligned,False,False
15775826,Low Balance,3,High Salary / Low Balance (Wallet-Share Risk),False,False
15807457,Zero Balance,2,High Salary / Low Balance (Wallet-Share Risk),False,False
15632538,High Balance,0,High Balance / Low Salary (Unusual Profile),False,False
15641389,Medium Balance,1,Aligned,False,False
15657306,Zero Balance,2,High Salary / Low Balance (Wallet-Share Risk),False,False
15709447,High Balance,2,Aligned,False,False
15762682,Low Balance,0,Aligned,False,False
15626042,Zero Balance,1,Aligned,False,False
15597109,Low Balance,2,Aligned,False,False
15756148,Low Balance,0,Aligned,False,False
15665634,Low Balance,3,High Salary / Low Balance (Wallet-Share Risk),False,False
15739997,Low Balance,3,High Salary / Low Balance (Wallet-Share Risk),False,False
15686242,Zero Balance,1,Aligned,False,False
15759244,Low Balance,0,Aligned,False,False
15672027,Low Balance,0,Aligned,False,False
15594576,High Balance,3,Aligned,True,True
15707138,Zero Balance,1,Aligned,False,False
15756954,Zero Balance,1,Aligned,False,False
15619130,Low Balance,2,Aligned,False,False
15639665,Zero Balance,1,Aligned,False,False
15571065,Zero Balance,1,Aligned,False,False
15686060,Low Balance,3,High Salary / Low Balance (Wallet-Share Risk),False,False
15615753,Medium Balance,3,Aligned,False,False
15800961,Low Balance,3,High Salary / Low Balance (Wallet-Share Risk),False,False
15763065,Zero Balance,3,High Salary / Low Balance (Wallet-Share Risk),False,False
15672467,Low Balance,1,Aligned,False,False
15752915,Zero Balance,3,High Salary / Low Balance (Wallet-Share Risk),False,False
15744695,Low Balance,0,Aligned,False,False
15584897,Low Balance,0,Aligned,False,False
15601857,Low Balance,1,Aligned,False,False
15674156,Low Balance,2,Aligned,False,False
15695465,Zero Balance,3,High Salary / Low Balance (Wallet-Share Risk),False,False
15792232,Zero Balance,2,High Salary / Low Balance (Wallet-Share Risk),False,False
15807900,Zero Balance,1,Aligned,False,False
15743760,Medium Balance,3,Aligned,False,False
15652835,Medium Balance,2,Aligned,False,False
15767818,Medium Balance,0,High Balance / Low Salary (Unusual Profile),False,False
15591150,Zero Balance,3,High Salary / Low Balance (Wallet-Share Risk),False,False
15734659,Low Balance,3,High Salary / Low Balance (Wallet-Share Risk),False,False
15796115,Low Balance,2,Aligned,False,False
15724648,Low Balance,2,Aligned,False,False
15737732,Zero Balance,3,High Salary / Low Balance (Wallet-Share Risk),False,False
15632280,Zero Balance,2,High Salary / Low Balance (Wallet-Share Risk),False,False
15750407,Medium Balance,0,High Balance / Low Salary (Unusual Profile),False,False
15795370,Medium Balance,1,Aligned,False,False
15656829,Zero Balance,1,Aligned,False,False
15643794,Zero Balance,1,Aligned,False,False
15798605,Low Balance,1,Aligned,False,False
15637324,Zero Balance,0,Aligned,False,False
15589589,High Balance,0,High Balance / Low Salary (Unusual Profile),False,False
15778936,High Balance,3,Aligned,True,True
15757385,High Balance,3,Aligned,True,True
15666200,Zero Balance,2,High Salary / Low Balance (Wallet-Share Risk),False,False
15683977,Zero Balance,0,Aligned,False,False
15675518,Low Balance,2,Aligned,False,False
15584812,Zero Balance,1,Aligned,False,False
15752984,Low Balance,0,Aligned,False,False
15577913,High Balance,1,High Balance / Low Salary (Unusual Profile),False,False
15591980,Medium Balance,1,Aligned,False,False
15598948,High Balance,3,Aligned,True,False
15574142,High Balance,0,High Balance / Low Salary (Unusual Profile),False,False
15582903,Zero Balance,3,High Salary / Low Balance (Wallet-Share Risk),False,False
15733229,Zero Balance,0,Aligned,False,False
15635752,Low Balance,2,Aligned,False,False
15771000,Zero Balance,1,Aligned,False,False
15804864,Low Balance,0,Aligned,False,False
15641175,Medium Balance,2,Aligned,False,False
15692226,High Balance,1,High Balance / Low Salary (Unusual Profile),False,False
15584156,Zero Balance,1,Aligned,False,False
15702656,Low Balance,2,Aligned,False,False
15606552,Low Balance,3,High Salary / Low Balance (Wallet-Share Risk),False,False
15687001,Medium Balance,2,Aligned,False,False
15781903,Medium Balance,0,High Balance / Low Salary (Unusual Profile),False,False
15731951,Low Balance,0,Aligned,False,False
15580953,Low Balance,2,Aligned,False,False
15810390,Zero Balance,0,Aligned,False,False
15628274,High Balance,0,High Balance / Low Salary (Unusual Profile),False,False
15615444,Medium Balance,1,Aligned,False,False
15784010,Medium Balance,1,Aligned,False,False
15571586,High Balance,0,High Balance / Low Salary (Unusual Profile),False,False
15748616,Zero Balance,0,Aligned,False,False
15769402,High Balance,3,Aligned,True,False
15739248,Zero Balance,2,High Salary / Low Balance (Wallet-Share Risk),False,False
15603481,Zero Balance,1,Aligned,False,False
15723604,High Balance,0,High Balance / Low Salary (Unusual Profile),False,False
15797822,Low Balance,1,Aligned,False,False
15665064,High Balance,3,Aligned,True,True
15640580,Zero Balance,3,High Salary / Low Balance (Wallet-Share Risk),False,False
15581089,Zero Balance,0,Aligned,False,False
15728605,Zero Balance,0,Aligned,False,False
15737385,Zero Balance,3,High Salary / Low Balance (Wallet-Share Risk),False,False
15714789,Zero Balance,0,Aligned,False,False
15786035,Zero Balance,0,Aligned,False,False
15815259,Zero Balance,0,Aligned,False,False
15592716,Zero Balance,2,High Salary / Low Balance (Wallet-Share Risk),False,False
15734850,Low Balance,2,Aligned,False,False
15638047,High Balance,0,High Balance / Low Salary (Unusual Profile),False,False
15674573,Medium Balance,1,Aligned,False,False
15694859,Medium Balance,0,High Balance / Low Salary (Unusual Profile),False,False
15776404,Medium Balance,2,Aligned,False,False
15579345,High Balance,2,Aligned,False,False
15690733,Zero Balance,0,Aligned,False,False
15631481,Low Balance,3,High Salary / Low Balance (Wallet-Share Risk),False,False
15620988,Zero Balance,2,High Salary / Low Balance (Wallet-Share Risk),False,False
15571529,Medium Balance,1,Aligned,False,False
15592104,Zero Balance,0,Aligned,False,False
15651900,Low Balance,3,High Salary / Low Balance (Wallet-Share Risk),False,False
15596212,Zero Balance,0,Aligned,False,False
15710687,Low Balance,3,High Salary / Low Balance (Wallet-Share Risk),False,False
15613787,Low Balance,1,Aligned,False,False
15599211,Zero Balance,0,Aligned,False,False
15675983,Low Balance,3,High Salary / Low Balance (Wallet-Share Risk),False,False
15622370,Low Balance,1,Aligned,False,False
15656319,Low Balance,2,Aligned,False,False
15605130,High Balance,3,Aligned,True,False
15672574,Zero Balance,0,Aligned,False,False
15659355,Medium Balance,2,Aligned,False,False
15777907,Zero Balance,2,High Salary / Low Balance (Wallet-Share Risk),False,False
15655171,Zero Balance,1,Aligned,False,False
15619674,Low Balance,3,High Salary / Low Balance (Wallet-Share Risk),False,False
15775192,Low Balance,2,Aligned,False,False
15617657,Low Balance,2,Aligned,False,False
15688951,Low Balance,2,Aligned,False,False
15763460,High Balance,3,Aligned,True,True
15756992,Zero Balance,3,High Salary / Low Balance (Wallet-Share Risk),False,False
15617454,Zero Balance,2,High Salary / Low Balance (Wallet-Share Risk),False,False
15701932,High Balance,1,High Balance / Low Salary (Unusual Profile),False,False
15700813,Low Balance,2,Aligned,False,False
15645600,Low Balance,2,Aligned,False,False
15634146,High Balance,2,Aligned,False,False
15686743,Low Balance,3,High Salary / Low Balance (Wallet-Share Risk),False,False
15698792,Low Balance,1,Aligned,False,False
15591724,High Balance,1,High Balance / Low Salary (Unusual Profile),False,False
15571281,Low Balance,1,Aligned,False,False
15661380,Zero Balance,3,High Salary / Low Balance (Wallet-Share Risk),False,False
15728885,Zero Balance,1,Aligned,False,False
15618950,Low Balance,2,Aligned,False,False
15609804,Zero Balance,3,High Salary / Low Balance (Wallet-Share Risk),False,False
15735849,High Balance,3,Aligned,True,False
15652948,Low Balance,2,Aligned,False,False
15618155,Low Balance,0,Aligned,False,False
15566378,Medium Balance,2,Aligned,False,False
15565879,Zero Balance,1,Aligned,False,False
15792922,Medium Balance,1,Aligned,False,False
15770567,Medium Balance,1,Aligned,False,False
15738042,High Balance,2,Aligned,False,False
15714920,High Balance,2,Aligned,False,False
15782121,Zero Balance,0,Aligned,False,False
15673180,Low Balance,2,Aligned,False,False
15660636,Zero Balance,0,Aligned,False,False
15664504,Zero Balance,1,Aligned,False,False
15790322,Low Balance,1,Aligned,False,False
15739847,High Balance,1,High Balance / Low Salary (Unusual Profile),False,False
15699415,High Balance,2,Aligned,False,False
15665521,Low Balance,0,Aligned,False,False
15682868,Low Balance,3,High Salary / Low Balance (Wallet-Share Risk),False,False
15584462,Zero Balance,1,Aligned,False,False
15661708,Zero Balance,1,Aligned,False,False
15584452,Zero Balance,3,High Salary / Low Balance (Wallet-Share Risk),False,False
15717010,Zero Balance,0,Aligned,False,False
15643828,Zero Balance,1,Aligned,False,False
15733361,Low Balance,1,Aligned,False,False
15795488,Zero Balance,1,Aligned,False,False
15581551,Medium Balance,3,Aligned,False,False
15632051,Medium Balance,1,Aligned,False,False
15780409,Zero Balance,2,High Salary / Low Balance (Wallet-Share Risk),False,False
15572767,Zero Balance,2,High Salary / Low Balance (Wallet-Share Risk),False,False
15590337,Medium Balance,1,Aligned,False,False
15634551,Low Balance,2,Aligned,False,False
15669290,Low Balance,3,High Salary / Low Balance (Wallet-Share Risk),False,False
15621140,Zero Balance,1,Aligned,False,False
15613518,Low Balance,2,Aligned,False,False
15728043,Medium Balance,1,Aligned,False,False
15570073,Zero Balance,3,High Salary / Low Balance (Wallet-Share Risk),False,False
15777033,Zero Balance,2,High Salary / Low Balance (Wallet-Share Risk),False,False
15682454,Zero Balance,0,Aligned,False,False
15758513,Zero Balance,1,Aligned,False,False
15772604,High Balance,2,Aligned,False,False
15721715,Medium Balance,0,High Balance / Low Salary (Unusual Profile),False,False
15688563,High Balance,0,High Balance / Low Salary (Unusual Profile),False,False
15772009,Zero Balance,3,High Salary / Low Balance (Wallet-Share Risk),False,False
15809585,Zero Balance,0,Aligned,False,False
15593778,Low Balance,2,Aligned,False,False
15655360,High Balance,0,High Balance / Low Salary (Unusual Profile),False,False
15780909,Low Balance,1,Aligned,False,False
15757310,High Balance,3,Aligned,True,False
15801411,Zero Balance,0,Aligned,False,False
15761706,High Balance,0,High Balance / Low Salary (Unusual Profile),False,False
15658409,Medium Balance,2,Aligned,False,False
15810010,Low Balance,1,Aligned,False,False
15627027,Zero Balance,2,High Salary / Low Balance (Wallet-Share Risk),False,False
15624374,Zero Balance,0,Aligned,False,False
15720083,Zero Balance,3,High Salary / Low Balance (Wallet-Share Risk),False,False
15752294,Medium Balance,1,Aligned,False,False
15743193,Low Balance,2,Aligned,False,False
15696733,Zero Balance,0,Aligned,False,False
15677522,Zero Balance,0,Aligned,False,False
15643523,Zero Balance,0,Aligned,False,False
15624936,Medium Balance,1,Aligned,False,False
15716085,Zero Balance,3,High Salary / Low Balance (Wallet-Share Risk),False,False
15641688,Zero Balance,1,Aligned,False,False
15796834,Low Balance,1,Aligned,False,False
15720123,Zero Balance,3,High Salary / Low Balance (Wallet-Share Risk),False,False
15604732,Zero Balance,2,High Salary / Low Balance (Wallet-Share Risk),False,False
15723484,Low Balance,2,Aligned,False,False
15807120,Low Balance,1,Aligned,False,False
15810891,Low Balance,1,Aligned,False,False
15640407,Medium Balance,2,Aligned,False,False
15778838,Low Balance,3,High Salary / Low Balance (Wallet-Share Risk),False,False
15709256,Zero Balance,3,High Salary / Low Balance (Wallet-Share Risk),False,False
15742285,Low Balance,0,Aligned,False,False
15729019,Low Balance,0,Aligned,False,False
15608588,Low Balance,0,Aligned,False,False
15610557,Low Balance,2,Aligned,False,False
15786418,Zero Balance,0,Aligned,False,False
15653050,Low Balance,3,High Salary / Low Balance (Wallet-Share Risk),False,False
15744914,High Balance,2,Aligned,False,False
15669611,Low Balance,0,Aligned,False,False
15594786,Low Balance,2,Aligned,False,False
15649211,Low Balance,2,Aligned,False,False
15766066,Medium Balance,2,Aligned,False,False
15772216,Medium Balance,0,High Balance / Low Salary (Unusual Profile),False,False
15619898,Zero Balance,0,Aligned,False,False
15724543,Zero Balance,1,Aligned,False,False
15755084,Medium Balance,2,Aligned,False,False
15730441,Zero Balance,0,Aligned,False,False
15666767,Low Balance,1,Aligned,False,False
15690456,Low Balance,3,High Salary / Low Balance (Wallet-Share Risk),False,False
15570533,Medium Balance,1,Aligned,False,False
15797692,Low Balance,2,Aligned,False,False
15603135,Low Balance,1,Aligned,False,False
15698927,Zero Balance,0,Aligned,False,False
15687363,High Balance,3,Aligned,True,False
15733444,Zero Balance,3,High Salary / Low Balance (Wallet-Share Risk),False,False
15678057,Low Balance,1,Aligned,False,False
15806918,Zero Balance,3,High Salary / Low Balance (Wallet-Share Risk),False,False
15638247,Zero Balance,2,High Salary / Low Balance (Wallet-Share Risk),False,False
15674833,Zero Balance,0,Aligned,False,False
15812534,Zero Balance,2,High Salary / Low Balance (Wallet-Share Risk),False,False
15586522,Medium Balance,0,High Balance / Low Salary (Unusual Profile),False,False
15794297,Zero Balance,1,Aligned,False,False
15737025,Zero Balance,3,High Salary / Low Balance (Wallet-Share Risk),False,False
15615931,Zero Balance,3,High Salary / Low Balance (Wallet-Share Risk),False,False
15664860,Zero Balance,3,High Salary / Low Balance (Wallet-Share Risk),False,False
15664539,Low Balance,1,Aligned,False,False
15583692,Low Balance,1,Aligned,False,False
15693131,Low Balance,0,Aligned,False,False
15779973,Low Balance,3,High Salary / Low Balance (Wallet-Share Risk),False,False
15620557,Low Balance,1,Aligned,False,False
15639549,Low Balance,1,Aligned,False,False
15618750,Low Balance,0,Aligned,False,False
15796790,High Balance,0,High Balance / Low Salary (Unusual Profile),False,False
15668309,Low Balance,3,High Salary / Low Balance (Wallet-Share Risk),False,False
15732437,Medium Balance,3,Aligned,False,False
15665158,Medium Balance,2,Aligned,False,False
15689322,High Balance,1,High Balance / Low Salary (Unusual Profile),False,False
15596624,Zero Balance,0,Aligned,False,False
15601977,Medium Balance,1,Aligned,False,False
15801462,Low Balance,1,Aligned,False,False
15566139,Low Balance,1,Aligned,False,False
15791006,Low Balance,1,Aligned,False,False
15668057,Low Balance,0,Aligned,False,False
15580805,Zero Balance,1,Aligned,False,False
15658768,Zero Balance,1,Aligned,False,False
15613048,High Balance,0,High Balance / Low Salary (Unusual Profile),False,False
15803654,High Balance,3,Aligned,True,False
15662337,Medium Balance,2,Aligned,False,False
15650924,Low Balance,3,High Salary / Low Balance (Wallet-Share Risk),False,False
15647203,Zero Balance,3,High Salary / Low Balance (Wallet-Share Risk),False,False
15682778,Zero Balance,1,Aligned,False,False
15579820,Low Balance,3,High Salary / Low Balance (Wallet-Share Risk),False,False
15709354,Zero Balance,2,High Salary / Low Balance (Wallet-Share Risk),False,False
15728480,Zero Balance,3,High Salary / Low Balance (Wallet-Share Risk),False,False
15641091,Low Balance,1,Aligned,False,False
15603111,Low Balance,1,Aligned,False,False
15679693,Zero Balance,0,Aligned,False,False
15797190,Low Balance,3,High Salary / Low Balance (Wallet-Share Risk),False,False
15788025,Zero Balance,0,Aligned,False,False
15646168,Zero Balance,1,Aligned,False,False
15580493,Medium Balance,3,Aligned,False,False
15726720,Zero Balance,3,High Salary / Low Balance (Wallet-Share Risk),False,False
15735799,Medium Balance,2,Aligned,False,False
15773098,Zero Balance,1,Aligned,False,False
15668971,Low Balance,0,Aligned,False,False
15603221,Low Balance,1,Aligned,False,False
15740043,Low Balance,2,Aligned,False,False
15712264,Zero Balance,2,High Salary / Low Balance (Wallet-Share Risk),False,False
15751926,Low Balance,1,Aligned,False,False
15589401,Zero Balance,1,Aligned,False,False
15742019,Zero Balance,1,Aligned,False,False
15660611,Zero Balance,2,High Salary / Low Balance (Wallet-Share Risk),False,False
15607634,Low Balance,1,Aligned,False,False
15595036,Low Balance,2,Aligned,False,False
15745794,Zero Balance,0,Aligned,False,False
15781689,Zero Balance,1,Aligned,False,False
15696054,Zero Balance,2,High Salary / Low Balance (Wallet-Share Risk),False,False
15752467,Zero Balance,1,Aligned,False,False
15597739,Zero Balance,3,High Salary / Low Balance (Wallet-Share Risk),False,False
15651336,Zero Balance,2,High Salary / Low Balance (Wallet-Share Risk),False,False
15636061,Low Balance,2,Aligned,False,False
15723013,Low Balance,3,High Salary / Low Balance (Wallet-Share Risk),False,False
15784148,Zero Balance,3,High Salary / Low Balance (Wallet-Share Risk),False,False
15578098,Zero Balance,2,High Salary / Low Balance (Wallet-Share Risk),False,False
15638621,Low Balance,0,Aligned,False,False
15720924,Zero Balance,1,Aligned,False,False
15566531,Low Balance,3,High Salary / Low Balance (Wallet-Share Risk),False,False
15718064,Zero Balance,2,High Salary / Low Balance (Wallet-Share Risk),False,False
15605067,Zero Balance,0,Aligned,False,False
15655335,Zero Balance,0,Aligned,False,False
15607301,Medium Balance,0,High Balance / Low Salary (Unusual Profile),False,False
15694628,High Balance,3,Aligned,True,True
15607112,Zero Balance,0,Aligned,False,False
15635775,Low Balance,0,Aligned,False,False
15644280,Medium Balance,0,High Balance / Low Salary (Unusual Profile),False,False
15708362,Low Balance,1,Aligned,False,False
15771997,Low Balance,0,Aligned,False,False
15730579,High Balance,3,Aligned,True,False
15728005,Low Balance,2,Aligned,False,False
15791674,High Balance,1,High Balance / Low Salary (Unusual Profile),False,False
15754599,Medium Balance,1,Aligned,False,False
15693690,Low Balance,3,High Salary / Low Balance (Wallet-Share Risk),False,False
15728963,High Balance,1,High Balance / Low Salary (Unusual Profile),False,False
15659710,Low Balance,3,High Salary / Low Balance (Wallet-Share Risk),False,False
15658675,Medium Balance,0,High Balance / Low Salary (Unusual Profile),False,False
15638788,Low Balance,3,High Salary / Low Balance (Wallet-Share Risk),False,False
15609735,Medium Balance,1,Aligned,False,False
15771477,Low Balance,2,Aligned,False,False
15570145,Zero Balance,3,High Salary / Low Balance (Wallet-Share Risk),False,False
15797149,High Balance,1,High Balance / Low Salary (Unusual Profile),False,False
15636912,Medium Balance,2,Aligned,False,False
15687828,Low Balance,1,Aligned,False,False
15667424,Low Balance,1,Aligned,False,False
15759872,Zero Balance,3,High Salary / Low Balance (Wallet-Share Risk),False,False
15572374,Zero Balance,2,High Salary / Low Balance (Wallet-Share Risk),False,False
15754926,Zero Balance,1,Aligned,False,False
15687431,Low Balance,0,Aligned,False,False
15604515,Low Balance,2,Aligned,False,False
15682839,Medium Balance,1,Aligned,False,False
15624677,Medium Balance,0,High Balance / Low Salary (Unusual Profile),False,False
15646366,Medium Balance,0,High Balance / Low Salary (Unusual Profile),False,False
15701768,Zero Balance,3,High Salary / Low Balance (Wallet-Share Risk),False,False
15623566,Low Balance,1,Aligned,False,False
15681274,Low Balance,0,Aligned,False,False
15762573,Zero Balance,1,Aligned,False,False
15706458,Low Balance,3,High Salary / Low Balance (Wallet-Share Risk),False,False
15654222,High Balance,3,Aligned,True,False
15704053,Medium Balance,2,Aligned,False,False
15724321,Medium Balance,3,Aligned,False,False
15621815,High Balance,0,High Balance / Low Salary (Unusual Profile),False,False
15724876,Low Balance,0,Aligned,False,False
15696588,Zero Balance,0,Aligned,False,False
15612832,Medium Balance,1,Aligned,False,False
15804295,Low Balance,0,Aligned,False,False
15712536,Zero Balance,0,Aligned,False,False
15662494,Medium Balance,3,Aligned,False,False
15807728,Zero Balance,3,High Salary / Low Balance (Wallet-Share Risk),False,False
15764916,Low Balance,2,Aligned,False,False
15615330,Zero Balance,3,High Salary / Low Balance (Wallet-Share Risk),False,False
15638487,Medium Balance,3,Aligned,False,False
15627859,Low Balance,3,High Salary / Low Balance (Wallet-Share Risk),False,False
15622192,Zero Balance,1,Aligned,False,False
15789413,Zero Balance,1,Aligned,False,False
15583221,Low Balance,0,Aligned,False,False
15768495,Low Balance,3,High Salary / Low Balance (Wallet-Share Risk),False,False
15644103,High Balance,0,High Balance / Low Salary (Unusual Profile),False,False
15741197,Zero Balance,2,High Salary / Low Balance (Wallet-Share Risk),False,False
15664547,Zero Balance,0,Aligned,False,False
15797293,Zero Balance,3,High Salary / Low Balance (Wallet-Share Risk),False,False
15572021,Low Balance,1,Aligned,False,False
15637461,Zero Balance,1,Aligned,False,False
15620577,Zero Balance,1,Aligned,False,False
15609643,Low Balance,2,Aligned,False,False
15785358,Low Balance,1,Aligned,False,False
15603883,Zero Balance,0,Aligned,False,False
15782550,High Balance,3,Aligned,True,False
15775761,Low Balance,3,High Salary / Low Balance (Wallet-Share Risk),False,False
15680201,Low Balance,1,Aligned,False,False
15767594,Zero Balance,3,High Salary / Low Balance (Wallet-Share Risk),False,False
15591985,Low Balance,1,Aligned,False,False
15789339,Medium Balance,2,Aligned,False,False
15781530,Zero Balance,3,High Salary / Low Balance (Wallet-Share Risk),False,False
15705174,High Balance,3,Aligned,True,False
15572114,Medium Balance,0,High Balance / Low Salary (Unusual Profile),False,False
15804009,High Balance,2,Aligned,False,False
15662698,Low Balance,2,Aligned,False,False
15696047,Low Balance,0,Aligned,False,False
15701160,Medium Balance,1,Aligned,False,False
15790093,Zero Balance,2,High Salary / Low Balance (Wallet-Share Risk),False,False
15632143,Low Balance,3,High Salary / Low Balance (Wallet-Share Risk),False,False
15736778,Low Balance,0,Aligned,False,False
15734917,Medium Balance,0,High Balance / Low Salary (Unusual Profile),False,False
15643903,High Balance,3,Aligned,True,True
15569526,Low Balance,1,Aligned,False,False
15777067,Medium Balance,0,High Balance / Low Salary (Unusual Profile),False,False
15795511,Low Balance,0,Aligned,False,False
15610419,Low Balance,0,Aligned,False,False
15644994,Medium Balance,1,Aligned,False,False
15703707,High Balance,2,Aligned,False,False
15659327,Medium Balance,1,Aligned,False,False
15771323,Medium Balance,1,Aligned,False,False
15750549,Low Balance,1,Aligned,False,False
15698462,Zero Balance,2,High Salary / Low Balance (Wallet-Share Risk),False,False
15739692,Zero Balance,1,Aligned,False,False
15744041,High Balance,2,Aligned,False,False
15700714,Zero Balance,2,High Salary / Low Balance (Wallet-Share Risk),False,False
15777743,Low Balance,1,Aligned,False,False
15623143,Zero Balance,3,High Salary / Low Balance (Wallet-Share Risk),False,False
15712568,Medium Balance,2,Aligned,False,False
15617432,Low Balance,1,Aligned,False,False
15650424,High Balance,3,Aligned,True,False
15728829,Low Balance,3,High Salary / Low Balance (Wallet-Share Risk),False,False
15680430,Low Balance,2,Aligned,False,False
15687626,Zero Balance,3,High Salary / Low Balance (Wallet-Share Risk),False,False
15609187,High Balance,1,High Balance / Low Salary (Unusual Profile),False,False
15609521,High Balance,2,Aligned,False,False
15752626,Low Balance,2,Aligned,False,False
15571756,Zero Balance,1,Aligned,False,False
15814040,Zero Balance,3,High Salary / Low Balance (Wallet-Share Risk),False,False
15658211,Zero Balance,2,High Salary / Low Balance (Wallet-Share Risk),False,False
15742091,Low Balance,0,Aligned,False,False
15787168,High Balance,2,Aligned,False,False
15772363,Low Balance,1,Aligned,False,False
15659364,High Balance,2,Aligned,False,False
15738980,Zero Balance,2,High Salary / Low Balance (Wallet-Share Risk),False,False
15794236,Low Balance,3,High Salary / Low Balance (Wallet-Share Risk),False,False
15721383,Zero Balance,3,High Salary / Low Balance (Wallet-Share Risk),False,False
15652981,Low Balance,0,Aligned,False,False
15722731,Low Balance,1,Aligned,False,False
15640507,Low Balance,0,Aligned,False,False
15578878,High Balance,0,High Balance / Low Salary (Unusual Profile),False,False
15744295,Low Balance,2,Aligned,False,False
15776558,Low Balance,0,Aligned,False,False
15596136,High Balance,1,High Balance / Low Salary (Unusual Profile),False,False
15704597,High Balance,0,High Balance / Low Salary (Unusual Profile),False,False
15648272,Low Balance,1,Aligned,False,False
15594915,Zero Balance,2,High Salary / Low Balance (Wallet-Share Risk),False,False
15581115,Low Balance,0,Aligned,False,False
15763907,Low Balance,1,Aligned,False,False
15705994,Zero Balance,1,Aligned,False,False
15772421,Medium Balance,0,High Balance / Low Salary (Unusual Profile),False,False
15711572,Low Balance,3,High Salary / Low Balance (Wallet-Share Risk),False,False
15691170,Low Balance,2,Aligned,False,False
15600106,Zero Balance,2,High Salary / Low Balance (Wallet-Share Risk),False,False
15745431,Zero Balance,3,High Salary / Low Balance (Wallet-Share Risk),False,False
15649508,Zero Balance,3,High Salary / Low Balance (Wallet-Share Risk),False,False
15812611,Zero Balance,1,Aligned,False,False
15619699,Zero Balance,3,High Salary / Low Balance (Wallet-Share Risk),False,False
15813946,Low Balance,1,Aligned,False,False
15762762,Low Balance,1,Aligned,False,False
15629793,High Balance,3,Aligned,True,True
15781298,Medium Balance,3,Aligned,False,False
15622658,High Balance,0,High Balance / Low Salary (Unusual Profile),False,False
15658980,Medium Balance,0,High Balance / Low Salary (Unusual Profile),False,False
15701936,Medium Balance,0,High Balance / Low Salary (Unusual Profile),False,False
15686917,Zero Balance,2,High Salary / Low Balance (Wallet-Share Risk),False,False
15807312,Zero Balance,1,Aligned,False,False
15574523,Zero Balance,1,Aligned,False,False
15724200,Low Balance,3,High Salary / Low Balance (Wallet-Share Risk),False,False
15738224,Low Balance,2,Aligned,False,False
15593283,High Balance,1,High Balance / Low Salary (Unusual Profile),False,False
15814690,Low Balance,1,Aligned,False,False
15807245,High Balance,1,High Balance / Low Salary (Unusual Profile),False,False
15799358,Low Balance,3,High Salary / Low Balance (Wallet-Share Risk),False,False
15616172,Zero Balance,0,Aligned,False,False
15777958,Zero Balance,3,High Salary / Low Balance (Wallet-Share Risk),False,False
15809124,High Balance,0,High Balance / Low Salary (Unusual Profile),False,False
15616367,Medium Balance,3,Aligned,False,False
15687385,Zero Balance,1,Aligned,False,False
15607877,Zero Balance,0,Aligned,False,False
15736327,Low Balance,2,Aligned,False,False
15746704,Medium Balance,2,Aligned,False,False
15778304,Low Balance,0,Aligned,False,False
15588456,High Balance,3,Aligned,True,False
15664035,Zero Balance,2,High Salary / Low Balance (Wallet-Share Risk),False,False
15596405,Medium Balance,2,Aligned,False,False
15815097,Zero Balance,3,High Salary / Low Balance (Wallet-Share Risk),False,False
15762708,Low Balance,0,Aligned,False,False
15776211,Zero Balance,2,High Salary / Low Balance (Wallet-Share Risk),False,False
15626012,High Balance,0,High Balance / Low Salary (Unusual Profile),False,False
15792077,Medium Balance,2,Aligned,False,False
15718765,Low Balance,1,Aligned,False,False
15576615,High Balance,1,High Balance / Low Salary (Unusual Profile),False,False
15752650,Medium Balance,2,Aligned,False,False
15797502,High Balance,0,High Balance / Low Salary (Unusual Profile),False,False
15687329,Low Balance,1,Aligned,False,False
15779423,Low Balance,1,Aligned,False,False
15619514,Medium Balance,1,Aligned,False,False
15615430,Medium Balance,3,Aligned,False,False
15716431,High Balance,1,High Balance / Low Salary (Unusual Profile),False,False
15798341,Zero Balance,1,Aligned,False,False
15651958,Zero Balance,3,High Salary / Low Balance (Wallet-Share Risk),False,False
15726179,Medium Balance,0,High Balance / Low Salary (Unusual Profile),False,False
15652999,Medium Balance,1,Aligned,False,False
15691950,Zero Balance,0,Aligned,False,False
15632446,Zero Balance,3,High Salary / Low Balance (Wallet-Share Risk),False,False
15620936,Zero Balance,0,Aligned,False,False
15587640,Low Balance,3,High Salary / Low Balance (Wallet-Share Risk),False,False
15782231,Zero Balance,1,Aligned,False,False
15580462,Low Balance,0,Aligned,False,False
15736371,Medium Balance,0,High Balance / Low Salary (Unusual Profile),False,False
15648032,Zero Balance,3,High Salary / Low Balance (Wallet-Share Risk),False,False
15610454,Low Balance,3,High Salary / Low Balance (Wallet-Share Risk),False,False
15671358,Zero Balance,3,High Salary / Low Balance (Wallet-Share Risk),False,False
15747130,Zero Balance,0,Aligned,False,False
15578374,High Balance,0,High Balance / Low Salary (Unusual Profile),False,False
15572182,Low Balance,0,Aligned,False,False
15770041,Medium Balance,2,Aligned,False,False
15669414,Low Balance,3,High Salary / Low Balance (Wallet-Share Risk),False,False
15777054,Medium Balance,0,High Balance / Low Salary (Unusual Profile),False,False
15621021,Zero Balance,0,Aligned,False,False
15785490,Low Balance,0,Aligned,False,False
15577695,High Balance,0,High Balance / Low Salary (Unusual Profile),False,False
15686974,Zero Balance,0,Aligned,False,False
15574584,Medium Balance,0,High Balance / Low Salary (Unusual Profile),False,False
15719541,Low Balance,1,Aligned,False,False
15646310,High Balance,0,High Balance / Low Salary (Unusual Profile),False,False
15697606,Medium Balance,3,Aligned,False,False
15711489,Zero Balance,2,High Salary / Low Balance (Wallet-Share Risk),False,False
15670427,High Balance,0,High Balance / Low Salary (Unusual Profile),False,False
15731755,Zero Balance,3,High Salary / Low Balance (Wallet-Share Risk),False,False
15796370,High Balance,2,Aligned,False,False
15598331,Low Balance,2,Aligned,False,False
15704795,Zero Balance,0,Aligned,False,False
15796764,Medium Balance,1,Aligned,False,False
15589420,Low Balance,3,High Salary / Low Balance (Wallet-Share Risk),False,False
15810563,Zero Balance,3,High Salary / Low Balance (Wallet-Share Risk),False,False
15746569,Zero Balance,1,Aligned,False,False
15811594,Medium Balance,3,Aligned,False,False
15645896,Medium Balance,1,Aligned,False,False
15802909,High Balance,1,High Balance / Low Salary (Unusual Profile),False,False
15797665,Zero Balance,2,High Salary / Low Balance (Wallet-Share Risk),False,False
15778959,Zero Balance,3,High Salary / Low Balance (Wallet-Share Risk),False,False
15722532,Low Balance,2,Aligned,False,False
15784124,Low Balance,2,Aligned,False,False
15776518,High Balance,3,Aligned,True,False
15611247,Zero Balance,2,High Salary / Low Balance (Wallet-Share Risk),False,False
15721469,High Balance,3,Aligned,True,True
15773338,Low Balance,1,Aligned,False,False
15784042,Low Balance,1,Aligned,False,False
15776229,Low Balance,0,Aligned,False,False
15655903,Low Balance,2,Aligned,False,False
15590177,Medium Balance,2,Aligned,False,False
15568876,Low Balance,3,High Salary / Low Balance (Wallet-Share Risk),False,False
15813140,Zero Balance,2,High Salary / Low Balance (Wallet-Share Risk),False,False
15770516,High Balance,2,Aligned,False,False
15755731,Low Balance,2,Aligned,False,False
15574480,Medium Balance,3,Aligned,False,False
15798084,Zero Balance,2,High Salary / Low Balance (Wallet-Share Risk),False,False
15673020,High Balance,0,High Balance / Low Salary (Unusual Profile),False,False
15643575,Low Balance,1,Aligned,False,False
15596811,High Balance,1,High Balance / Low Salary (Unusual Profile),False,False
15786789,Zero Balance,3,High Salary / Low Balance (Wallet-Share Risk),False,False
15578865,Low Balance,0,Aligned,False,False
15605672,High Balance,1,High Balance / Low Salary (Unusual Profile),False,False
15603674,Zero Balance,2,High Salary / Low Balance (Wallet-Share Risk),False,False
15759915,Low Balance,3,High Salary / Low Balance (Wallet-Share Risk),False,False
15686219,Low Balance,0,Aligned,False,False
15696388,Low Balance,0,Aligned,False,False
15713604,High Balance,3,Aligned,True,False
15647800,Low Balance,0,Aligned,False,False
15813451,Medium Balance,2,Aligned,False,False
15765375,Zero Balance,3,High Salary / Low Balance (Wallet-Share Risk),False,False
15774586,Low Balance,3,High Salary / Low Balance (Wallet-Share Risk),False,False
15603454,High Balance,2,Aligned,False,False
15653037,Zero Balance,0,Aligned,False,False
15782475,Zero Balance,2,High Salary / Low Balance (Wallet-Share Risk),False,False
15593496,Low Balance,1,Aligned,False,False
15808971,Zero Balance,2,High Salary / Low Balance (Wallet-Share Risk),False,False
15791972,Zero Balance,0,Aligned,False,False
15676869,Zero Balance,2,High Salary / Low Balance (Wallet-Share Risk),False,False
15683007,Low Balance,2,Aligned,False,False
15659495,Zero Balance,0,Aligned,False,False
15703923,High Balance,2,Aligned,False,False
15674000,Zero Balance,3,High Salary / Low Balance (Wallet-Share Risk),False,False
15618171,Zero Balance,2,High Salary / Low Balance (Wallet-Share Risk),False,False
15732202,Low Balance,1,Aligned,False,False
15735078,High Balance,0,High Balance / Low Salary (Unusual Profile),False,False
15798615,Medium Balance,0,High Balance / Low Salary (Unusual Profile),False,False
15638494,Medium Balance,1,Aligned,False,False
15763874,Zero Balance,1,Aligned,False,False
15696355,Medium Balance,2,Aligned,False,False
15655952,Zero Balance,1,Aligned,False,False
15739850,High Balance,0,High Balance / Low Salary (Unusual Profile),False,False
15611338,Zero Balance,0,Aligned,False,False
15707861,Low Balance,2,Aligned,False,False
15672237,Zero Balance,2,High Salary / Low Balance (Wallet-Share Risk),False,False
15657771,Zero Balance,0,Aligned,False,False
15677783,Low Balance,1,Aligned,False,False
15681026,Low Balance,2,Aligned,False,False
15566543,Zero Balance,2,High Salary / Low Balance (Wallet-Share Risk),False,False
15594612,Zero Balance,1,Aligned,False,False
15814664,Medium Balance,2,Aligned,False,False
15642785,Low Balance,2,Aligned,False,False
15690164,Low Balance,3,High Salary / Low Balance (Wallet-Share Risk),False,False
15590213,Medium Balance,0,High Balance / Low Salary (Unusual Profile),False,False
15603794,Low Balance,3,High Salary / Low Balance (Wallet-Share Risk),False,False
15733491,High Balance,0,High Balance / Low Salary (Unusual Profile),False,False
15806360,Zero Balance,2,High Salary / Low Balance (Wallet-Share Risk),False,False
15587133,High Balance,2,Aligned,False,False
15721377,High Balance,3,Aligned,True,True
15747927,High Balance,3,Aligned,True,True
15806455,Zero Balance,3,High Salary / Low Balance (Wallet-Share Risk),False,False
15695474,Medium Balance,0,High Balance / Low Salary (Unusual Profile),False,False
15666295,Low Balance,3,High Salary / Low Balance (Wallet-Share Risk),False,False
15656062,Low Balance,1,Aligned,False,False
15579969,Zero Balance,0,Aligned,False,False
15703563,Low Balance,3,High Salary / Low Balance (Wallet-Share Risk),False,False
15692664,Low Balance,0,Aligned,False,False
15719276,Low Balance,1,Aligned,False,False
15672754,High Balance,1,High Balance / Low Salary (Unusual Profile),False,False
15768163,Medium Balance,2,Aligned,False,False
15656710,Zero Balance,3,High Salary / Low Balance (Wallet-Share Risk),False,False
15696175,Low Balance,1,Aligned,False,False
15586914,Medium Balance,1,Aligned,False,False
15581736,High Balance,0,High Balance / Low Salary (Unusual Profile),False,False
15588839,High Balance,0,High Balance / Low Salary (Unusual Profile),False,False
15589329,Zero Balance,0,Aligned,False,False
15605622,Zero Balance,3,High Salary / Low Balance (Wallet-Share Risk),False,False
15798964,Low Balance,1,Aligned,False,False
15769959,Low Balance,1,Aligned,False,False
15657105,Zero Balance,3,High Salary / Low Balance (Wallet-Share Risk),False,False
15569266,High Balance,0,High Balance / Low Salary (Unusual Profile),False,False
15719294,Zero Balance,3,High Salary / Low Balance (Wallet-Share Risk),False,False
15606229,Zero Balance,1,Aligned,False,False
15569892,Low Balance,2,Aligned,False,False
15584532,Zero Balance,0,Aligned,False,False
15682355,Low Balance,1,Aligned,False,False
15628319,Medium Balance,0,High Balance / Low Salary (Unusual Profile),False,False
