CustomerId,ActivityScore,ProductScore,CardScore,RSI,RSITier
15634602,2,1,1,4,Sticky Customer
15647311,2,1,0,3,Moderate Relationship
15619304,0,0,1,1,At-Risk Customer
15701354,0,3,0,3,Moderate Relationship
15737888,2,1,1,4,Sticky Customer
15574012,0,3,1,4,Sticky Customer
15592531,2,3,1,6,Sticky Customer
15656148,0,0,1,1,At-Risk Customer
15792365,2,3,0,5,Sticky Customer
15592389,2,1,1,4,Sticky Customer
15767821,0,3,0,3,Moderate Relationship
15737173,0,3,1,4,Sticky Customer
15632264,0,3,1,4,Sticky Customer
15691483,0,3,0,3,Moderate Relationship
15600882,2,3,1,6,Sticky Customer
15643966,2,3,0,5,Sticky Customer
15737452,0,1,1,2,Moderate Relationship
15788218,2,3,1,6,Sticky Customer
15661507,0,1,0,1,At-Risk Customer
15568982,2,3,1,6,Sticky Customer
15577657,2,3,1,6,Sticky Customer
15597945,0,3,1,4,Sticky Customer
15699309,0,1,1,2,Moderate Relationship
15725737,2,3,0,5,Sticky Customer
15625047,2,1,1,4,Sticky Customer
15738191,2,3,0,5,Sticky Customer
15736816,2,1,1,4,Sticky Customer
15700772,0,3,0,3,Moderate Relationship
15728693,2,1,1,4,Sticky Customer
15656300,2,3,1,6,Sticky Customer
15589475,0,0,1,1,At-Risk Customer
15706552,2,1,0,3,Moderate Relationship
15750181,0,3,0,3,Moderate Relationship
15659428,2,3,1,6,Sticky Customer
15732963,2,3,1,6,Sticky Customer
15794171,0,1,1,2,Moderate Relationship
15788448,2,1,0,3,Moderate Relationship
15729599,2,1,0,3,Moderate Relationship
15717426,2,1,1,4,Sticky Customer
15585768,2,3,0,5,Sticky Customer
15619360,0,1,1,2,Moderate Relationship
15738148,0,1,0,1,At-Risk Customer
15687946,2,1,1,4,Sticky Customer
15755196,0,1,0,1,At-Risk Customer
15684171,2,1,1,4,Sticky Customer
15754849,2,3,1,6,Sticky Customer
15602280,2,1,1,4,Sticky Customer
15771573,2,1,1,4,Sticky Customer
15766205,2,1,0,3,Moderate Relationship
15771873,0,3,1,4,Sticky Customer
15616550,0,3,1,4,Sticky Customer
15768193,0,3,0,3,Moderate Relationship
15683553,0,3,0,3,Moderate Relationship
15702298,0,1,0,1,At-Risk Customer
15569590,0,1,1,2,Moderate Relationship
15760861,2,1,1,4,Sticky Customer
15630053,0,1,1,2,Moderate Relationship
15647091,0,1,0,1,At-Risk Customer
15623944,0,1,1,2,Moderate Relationship
15804771,2,1,1,4,Sticky Customer
15651280,0,1,0,1,At-Risk Customer
15773469,0,3,0,3,Moderate Relationship
15702014,0,3,0,3,Moderate Relationship
15751208,2,1,1,4,Sticky Customer
15592461,2,1,1,4,Sticky Customer
15789484,2,3,1,6,Sticky Customer
15696061,0,1,1,2,Moderate Relationship
15641582,2,3,1,6,Sticky Customer
15638424,2,3,0,5,Sticky Customer
15755648,0,1,1,2,Moderate Relationship
15703793,0,0,1,1,At-Risk Customer
15620344,0,1,1,2,Moderate Relationship
15812518,2,1,0,3,Moderate Relationship
15779052,2,3,1,6,Sticky Customer
15770811,2,3,0,5,Sticky Customer
15780961,0,3,1,4,Sticky Customer
15614049,2,3,1,6,Sticky Customer
15662085,2,1,1,4,Sticky Customer
15575185,2,1,0,3,Moderate Relationship
15803136,0,3,1,4,Sticky Customer
15706021,0,3,0,3,Moderate Relationship
15663706,0,1,1,2,Moderate Relationship
15641732,0,3,0,3,Moderate Relationship
15701164,2,1,1,4,Sticky Customer
15738751,0,3,1,4,Sticky Customer
15805254,2,3,1,6,Sticky Customer
15762418,0,1,1,2,Moderate Relationship
15625759,0,3,1,4,Sticky Customer
15622897,0,0,1,1,At-Risk Customer
15767954,2,3,1,6,Sticky Customer
15757535,2,0,1,3,Moderate Relationship
15731511,0,3,1,4,Sticky Customer
15809248,0,3,1,4,Sticky Customer
15640635,2,3,1,6,Sticky Customer
15676966,2,3,0,5,Sticky Customer
15699461,2,1,0,3,Moderate Relationship
15738721,2,1,0,3,Moderate Relationship
15693683,2,3,1,6,Sticky Customer
15604348,0,3,0,3,Moderate Relationship
15633059,0,3,0,3,Moderate Relationship
15808582,2,1,1,4,Sticky Customer
15743192,0,3,0,3,Moderate Relationship
15580146,0,1,1,2,Moderate Relationship
15776605,0,3,1,4,Sticky Customer
15804919,2,1,1,4,Sticky Customer
15613854,2,3,1,6,Sticky Customer
15599195,2,1,1,4,Sticky Customer
15812878,2,1,0,3,Moderate Relationship
15602312,0,1,0,1,At-Risk Customer
15744689,0,1,1,2,Moderate Relationship
15803526,2,1,0,3,Moderate Relationship
15665790,0,3,1,4,Sticky Customer
15715951,0,1,0,1,At-Risk Customer
15591100,2,1,0,3,Moderate Relationship
15609618,2,3,0,5,Sticky Customer
15675522,2,3,1,6,Sticky Customer
15705512,0,1,1,2,Moderate Relationship
15698028,0,3,1,4,Sticky Customer
15661670,0,1,1,2,Moderate Relationship
15600781,0,3,1,4,Sticky Customer
15682472,0,3,0,3,Moderate Relationship
15580203,0,1,0,1,At-Risk Customer
15690673,0,3,1,4,Sticky Customer
15760085,2,1,1,4,Sticky Customer
15779659,0,1,0,1,At-Risk Customer
15627360,0,1,1,2,Moderate Relationship
15671137,2,1,0,3,Moderate Relationship
15782688,0,1,1,2,Moderate Relationship
15575492,0,3,1,4,Sticky Customer
15591607,0,1,1,2,Moderate Relationship
15740404,2,3,1,6,Sticky Customer
15718369,2,1,1,4,Sticky Customer
15677871,2,1,1,4,Sticky Customer
15642004,2,3,0,5,Sticky Customer
15712543,2,3,1,6,Sticky Customer
15584518,2,3,1,6,Sticky Customer
15802381,2,1,0,3,Moderate Relationship
15610156,2,1,0,3,Moderate Relationship
15594408,0,1,1,2,Moderate Relationship
15640905,2,3,0,5,Sticky Customer
15698932,0,1,1,2,Moderate Relationship
15724944,2,3,1,6,Sticky Customer
15628145,2,1,1,4,Sticky Customer
15713483,0,1,1,2,Moderate Relationship
15612350,0,1,1,2,Moderate Relationship
15800703,2,1,1,4,Sticky Customer
15705707,0,3,1,4,Sticky Customer
15754105,0,1,0,1,At-Risk Customer
15703264,0,1,1,2,Moderate Relationship
15794413,2,3,0,5,Sticky Customer
15650237,0,3,1,4,Sticky Customer
15759618,0,1,1,2,Moderate Relationship
15811589,0,3,1,4,Sticky Customer
15689044,0,1,1,2,Moderate Relationship
15709368,2,3,1,6,Sticky Customer
15679145,0,1,1,2,Moderate Relationship
15655007,0,3,0,3,Moderate Relationship
15623595,2,3,1,6,Sticky Customer
15589975,2,1,0,3,Moderate Relationship
15804017,0,1,0,1,At-Risk Customer
15692132,2,1,0,3,Moderate Relationship
15641122,0,3,1,4,Sticky Customer
15630910,0,1,0,1,At-Risk Customer
15680772,2,3,1,6,Sticky Customer
15658929,0,1,1,2,Moderate Relationship
15585388,2,3,1,6,Sticky Customer
15724623,0,1,1,2,Moderate Relationship
15588537,0,1,1,2,Moderate Relationship
15574692,0,3,1,4,Sticky Customer
15611325,0,3,0,3,Moderate Relationship
15587562,0,1,1,2,Moderate Relationship
15613172,0,3,1,4,Sticky Customer
15651022,0,1,1,2,Moderate Relationship
15586310,0,1,1,2,Moderate Relationship
15625524,2,3,1,6,Sticky Customer
15755209,2,1,1,4,Sticky Customer
15645248,2,3,1,6,Sticky Customer
15790355,0,3,0,3,Moderate Relationship
15762615,2,1,0,3,Moderate Relationship
15625426,0,1,1,2,Moderate Relationship
15716334,2,1,1,4,Sticky Customer
15789669,2,3,1,6,Sticky Customer
15621075,0,3,1,4,Sticky Customer
15810845,2,3,1,6,Sticky Customer
15719377,2,1,1,4,Sticky Customer
15654506,0,3,1,4,Sticky Customer
15771977,0,1,1,2,Moderate Relationship
15708710,2,1,0,3,Moderate Relationship
15726676,2,3,0,5,Sticky Customer
15587421,0,3,1,4,Sticky Customer
15726931,0,3,0,3,Moderate Relationship
15771086,0,3,1,4,Sticky Customer
15756850,0,3,0,3,Moderate Relationship
15702741,0,1,1,2,Moderate Relationship
15679200,0,3,1,4,Sticky Customer
15594815,2,1,1,4,Sticky Customer
15635905,2,3,1,6,Sticky Customer
15777892,2,1,1,4,Sticky Customer
15656176,2,3,1,6,Sticky Customer
15811127,0,1,1,2,Moderate Relationship
15604482,2,1,1,4,Sticky Customer
15622911,2,1,0,3,Moderate Relationship
15600974,2,1,0,3,Moderate Relationship
15727868,2,3,1,6,Sticky Customer
15627801,0,1,1,2,Moderate Relationship
15773039,2,1,1,4,Sticky Customer
15755262,0,1,0,1,At-Risk Customer
15679531,2,1,1,4,Sticky Customer
15684181,0,1,1,2,Moderate Relationship
15612087,2,1,0,3,Moderate Relationship
15752047,0,3,1,4,Sticky Customer
15624592,2,3,1,6,Sticky Customer
15573152,0,3,0,3,Moderate Relationship
15594917,2,1,1,4,Sticky Customer
15785542,0,3,0,3,Moderate Relationship
15723488,2,1,0,3,Moderate Relationship
15680920,0,1,1,2,Moderate Relationship
15786308,0,3,0,3,Moderate Relationship
15659366,0,3,1,4,Sticky Customer
15774854,2,1,1,4,Sticky Customer
15725311,2,3,1,6,Sticky Customer
15787155,2,1,0,3,Moderate Relationship
15727829,2,3,1,6,Sticky Customer
15733247,0,1,1,2,Moderate Relationship
15568748,2,1,1,4,Sticky Customer
15699029,0,3,1,4,Sticky Customer
15774393,2,3,1,6,Sticky Customer
15676895,2,0,1,3,Moderate Relationship
15637753,0,1,1,2,Moderate Relationship
15605461,0,1,1,2,Moderate Relationship
15808473,2,3,0,5,Sticky Customer
15627000,0,3,1,4,Sticky Customer
15787174,2,3,0,5,Sticky Customer
15723886,2,3,0,5,Sticky Customer
15704769,2,3,0,5,Sticky Customer
15772896,0,1,1,2,Moderate Relationship
15711540,2,1,1,4,Sticky Customer
15764866,0,0,1,1,At-Risk Customer
15794056,0,0,1,1,At-Risk Customer
15795149,2,3,0,5,Sticky Customer
15812009,0,3,1,4,Sticky Customer
15651001,0,1,1,2,Moderate Relationship
15813844,2,3,0,5,Sticky Customer
15596175,2,1,1,4,Sticky Customer
15576269,0,3,1,4,Sticky Customer
15797219,0,1,1,2,Moderate Relationship
15685500,0,3,1,4,Sticky Customer
15599792,2,3,1,6,Sticky Customer
15657566,2,1,1,4,Sticky Customer
15772423,0,1,1,2,Moderate Relationship
15628112,0,1,0,1,At-Risk Customer
15753754,2,3,1,6,Sticky Customer
15793726,2,3,0,5,Sticky Customer
15694717,2,1,1,4,Sticky Customer
15665834,0,1,0,1,At-Risk Customer
15765297,2,3,0,5,Sticky Customer
15636684,2,3,1,6,Sticky Customer
15592979,0,3,0,3,Moderate Relationship
15750803,2,1,1,4,Sticky Customer
15607178,2,1,1,4,Sticky Customer
15713853,2,3,1,6,Sticky Customer
15673481,0,1,1,2,Moderate Relationship
15686776,0,3,1,4,Sticky Customer
15673693,2,1,0,3,Moderate Relationship
15700696,2,1,1,4,Sticky Customer
15813163,0,1,1,2,Moderate Relationship
15653857,2,3,1,6,Sticky Customer
15777076,0,3,1,4,Sticky Customer
15717398,0,1,0,1,At-Risk Customer
15799217,0,1,1,2,Moderate Relationship
15787071,2,3,0,5,Sticky Customer
15619955,0,0,1,1,At-Risk Customer
15796505,2,3,1,6,Sticky Customer
15725166,0,3,1,4,Sticky Customer
15800116,2,1,0,3,Moderate Relationship
15758685,2,3,1,6,Sticky Customer
15694456,2,1,1,4,Sticky Customer
15767339,0,3,1,4,Sticky Customer
15683562,2,1,0,3,Moderate Relationship
15782210,0,1,1,2,Moderate Relationship
15668893,2,3,1,6,Sticky Customer
15669169,2,3,1,6,Sticky Customer
15643024,2,1,1,4,Sticky Customer
15699389,2,1,1,4,Sticky Customer
15708608,2,3,0,5,Sticky Customer
15626144,0,3,1,4,Sticky Customer
15573112,0,1,1,2,Moderate Relationship
15790678,0,1,1,2,Moderate Relationship
15727556,2,1,1,4,Sticky Customer
15697307,0,3,1,4,Sticky Customer
15652266,2,1,0,3,Moderate Relationship
15607098,0,3,1,4,Sticky Customer
15655774,0,3,1,4,Sticky Customer
15590241,0,1,0,1,At-Risk Customer
15785819,2,3,1,6,Sticky Customer
15723654,0,1,1,2,Moderate Relationship
15774510,2,1,1,4,Sticky Customer
15684173,0,0,1,1,At-Risk Customer
15650068,2,1,1,4,Sticky Customer
15811490,2,3,1,6,Sticky Customer
15803976,0,3,1,4,Sticky Customer
15682541,0,1,0,1,At-Risk Customer
15695699,0,3,1,4,Sticky Customer
15624188,2,3,1,6,Sticky Customer
15812191,0,1,0,1,At-Risk Customer
15636673,2,1,1,4,Sticky Customer
15594898,2,1,1,4,Sticky Customer
15660211,0,3,1,4,Sticky Customer
15773972,0,1,1,2,Moderate Relationship
15746726,0,1,1,2,Moderate Relationship
15712287,2,3,1,6,Sticky Customer
15702919,0,1,1,2,Moderate Relationship
15674398,0,3,0,3,Moderate Relationship
15797960,0,1,1,2,Moderate Relationship
15631868,2,1,1,4,Sticky Customer
15581539,0,3,0,3,Moderate Relationship
15662736,0,1,1,2,Moderate Relationship
15666252,2,3,1,6,Sticky Customer
15677512,0,1,1,2,Moderate Relationship
15626114,0,1,1,2,Moderate Relationship
15810834,2,1,1,4,Sticky Customer
15678910,2,1,1,4,Sticky Customer
15694408,0,1,1,2,Moderate Relationship
15585215,0,3,0,3,Moderate Relationship
15682757,0,3,1,4,Sticky Customer
15736601,0,1,1,2,Moderate Relationship
15601848,0,3,1,4,Sticky Customer
15736008,0,1,1,2,Moderate Relationship
15669064,2,1,1,4,Sticky Customer
15624528,2,3,1,6,Sticky Customer
15598493,2,3,0,5,Sticky Customer
15601274,0,1,1,2,Moderate Relationship
15702669,2,3,0,5,Sticky Customer
15728669,0,1,1,2,Moderate Relationship
15742668,0,1,1,2,Moderate Relationship
15697441,0,1,1,2,Moderate Relationship
15740476,2,3,0,5,Sticky Customer
15648064,0,3,1,4,Sticky Customer
15636624,0,1,1,2,Moderate Relationship
15807923,0,1,1,2,Moderate Relationship
15745844,2,3,0,5,Sticky Customer
15786170,0,1,0,1,At-Risk Customer
15681081,2,3,1,6,Sticky Customer
15684484,0,3,0,3,Moderate Relationship
15785869,0,3,1,4,Sticky Customer
15763859,0,3,1,4,Sticky Customer
15658935,0,3,1,4,Sticky Customer
15747358,2,1,1,4,Sticky Customer
15735203,2,1,1,4,Sticky Customer
15576256,2,3,1,6,Sticky Customer
15659420,2,3,1,6,Sticky Customer
15593365,2,1,1,4,Sticky Customer
15777352,0,1,1,2,Moderate Relationship
15812007,2,3,1,6,Sticky Customer
15625461,2,3,1,6,Sticky Customer
15739438,0,3,1,4,Sticky Customer
15611759,2,3,1,6,Sticky Customer
15661629,0,1,1,2,Moderate Relationship
15633950,2,1,1,4,Sticky Customer
15592386,2,3,0,5,Sticky Customer
15803716,2,3,0,5,Sticky Customer
15696674,2,1,0,3,Moderate Relationship
15706365,2,1,1,4,Sticky Customer
15745088,0,3,1,4,Sticky Customer
15676715,2,3,1,6,Sticky Customer
15613085,2,1,1,4,Sticky Customer
15633537,0,3,1,4,Sticky Customer
15594720,2,3,1,6,Sticky Customer
15684042,2,3,0,5,Sticky Customer
15583303,0,1,1,2,Moderate Relationship
15611579,2,1,1,4,Sticky Customer
15774696,2,3,0,5,Sticky Customer
15694506,2,3,1,6,Sticky Customer
15688074,2,1,1,4,Sticky Customer
15759537,2,3,1,6,Sticky Customer
15758449,2,1,0,3,Moderate Relationship
15583456,2,0,1,3,Moderate Relationship
15667871,0,1,1,2,Moderate Relationship
15677371,0,1,1,2,Moderate Relationship
15629677,0,0,0,0,At-Risk Customer
15713578,2,3,1,6,Sticky Customer
15591509,0,3,1,4,Sticky Customer
15568240,2,3,0,5,Sticky Customer
15622993,0,3,1,4,Sticky Customer
15689294,0,1,1,2,Moderate Relationship
15720910,2,1,1,4,Sticky Customer
15721181,0,3,1,4,Sticky Customer
15776433,2,3,1,6,Sticky Customer
15748936,2,3,0,5,Sticky Customer
15717225,0,3,1,4,Sticky Customer
15685226,2,1,1,4,Sticky Customer
15785611,2,1,1,4,Sticky Customer
15573456,0,3,1,4,Sticky Customer
15684548,0,3,0,3,Moderate Relationship
15620505,2,1,1,4,Sticky Customer
15807432,2,3,0,5,Sticky Customer
15584766,2,1,1,4,Sticky Customer
15612187,0,1,1,2,Moderate Relationship
15762218,2,3,0,5,Sticky Customer
15646372,0,1,1,2,Moderate Relationship
15690452,0,1,1,2,Moderate Relationship
15747795,2,1,1,4,Sticky Customer
15781589,2,3,0,5,Sticky Customer
15732674,2,3,0,5,Sticky Customer
15642291,2,3,1,6,Sticky Customer
15692761,0,1,1,2,Moderate Relationship
15578045,0,1,0,1,At-Risk Customer
15745354,0,3,1,4,Sticky Customer
15701376,2,3,1,6,Sticky Customer
15691625,0,1,1,2,Moderate Relationship
15566594,0,3,0,3,Moderate Relationship
15760431,2,3,1,6,Sticky Customer
15686302,2,1,1,4,Sticky Customer
15801559,2,0,1,3,Moderate Relationship
15810432,0,3,1,4,Sticky Customer
15809616,0,3,0,3,Moderate Relationship
15720559,0,1,0,1,At-Risk Customer
15695632,2,1,1,4,Sticky Customer
15659843,0,3,0,3,Moderate Relationship
15615624,0,3,0,3,Moderate Relationship
15810418,0,1,1,2,Moderate Relationship
15716186,0,3,1,4,Sticky Customer
15674551,0,1,1,2,Moderate Relationship
15622834,0,1,1,2,Moderate Relationship
15566111,0,1,1,2,Moderate Relationship
15784597,0,1,1,2,Moderate Relationship
15652883,0,3,1,4,Sticky Customer
15806964,2,1,1,4,Sticky Customer
15576313,0,1,1,2,Moderate Relationship
15806467,0,1,0,1,At-Risk Customer
15597602,2,1,1,4,Sticky Customer
15743040,2,3,0,5,Sticky Customer
15705521,0,1,1,2,Moderate Relationship
15595039,0,1,1,2,Moderate Relationship
15799384,0,1,0,1,At-Risk Customer
15581197,2,1,0,3,Moderate Relationship
15693737,0,3,1,4,Sticky Customer
15624623,0,3,0,3,Moderate Relationship
15783501,0,3,1,4,Sticky Customer
15690134,2,1,1,4,Sticky Customer
15782735,0,1,0,1,At-Risk Customer
15611088,0,3,1,4,Sticky Customer
15672145,2,3,1,6,Sticky Customer
15732628,2,1,1,4,Sticky Customer
15787470,0,1,0,1,At-Risk Customer
15803406,2,1,0,3,Moderate Relationship
15730460,0,1,0,1,At-Risk Customer
15644572,2,1,1,4,Sticky Customer
15694860,0,1,0,1,At-Risk Customer
15658169,0,3,1,4,Sticky Customer
15794396,0,1,1,2,Moderate Relationship
15785798,2,3,0,5,Sticky Customer
15710825,0,1,0,1,At-Risk Customer
15668444,0,1,1,2,Moderate Relationship
15726631,2,1,0,3,Moderate Relationship
15733797,0,3,1,4,Sticky Customer
15747960,2,1,1,4,Sticky Customer
15634632,0,3,1,4,Sticky Customer
15707362,2,1,0,3,Moderate Relationship
15662976,2,1,1,4,Sticky Customer
15732778,2,3,1,6,Sticky Customer
15718443,0,3,1,4,Sticky Customer
15670039,0,3,1,4,Sticky Customer
15773792,2,1,1,4,Sticky Customer
15613786,2,3,1,6,Sticky Customer
15726032,0,1,1,2,Moderate Relationship
15663252,2,3,1,6,Sticky Customer
15593782,0,0,1,1,At-Risk Customer
15633283,0,3,1,4,Sticky Customer
15749167,2,3,1,6,Sticky Customer
15759298,2,1,1,4,Sticky Customer
15683625,0,1,1,2,Moderate Relationship
15635367,0,1,1,2,Moderate Relationship
15681705,0,3,1,4,Sticky Customer
15603156,0,3,1,4,Sticky Customer
15591986,0,1,0,1,At-Risk Customer
15798888,2,1,1,4,Sticky Customer
15809722,0,3,1,4,Sticky Customer
15677538,2,1,1,4,Sticky Customer
15797736,2,1,1,4,Sticky Customer
15695585,2,1,0,3,Moderate Relationship
15744398,0,3,1,4,Sticky Customer
15750658,0,0,0,0,At-Risk Customer
15578186,0,3,1,4,Sticky Customer
15676519,0,3,1,4,Sticky Customer
15637954,2,1,1,4,Sticky Customer
15758639,0,3,1,4,Sticky Customer
15613772,2,1,1,4,Sticky Customer
15731744,2,3,0,5,Sticky Customer
15807709,2,1,1,4,Sticky Customer
15714689,2,1,1,4,Sticky Customer
15699005,2,1,1,4,Sticky Customer
15624170,2,3,0,5,Sticky Customer
15725679,0,1,0,1,At-Risk Customer
15585865,0,3,0,3,Moderate Relationship
15804256,2,3,1,6,Sticky Customer
15662403,0,3,1,4,Sticky Customer
15733616,2,1,1,4,Sticky Customer
15591995,2,3,1,6,Sticky Customer
15677020,2,1,0,3,Moderate Relationship
15727688,2,3,1,6,Sticky Customer
15715941,2,3,1,6,Sticky Customer
15714485,0,1,1,2,Moderate Relationship
15730059,2,3,1,6,Sticky Customer
15715527,0,1,0,1,At-Risk Customer
15576623,0,3,1,4,Sticky Customer
15805565,0,1,1,2,Moderate Relationship
15677307,0,1,1,2,Moderate Relationship
15773890,2,3,1,6,Sticky Customer
15598883,2,3,1,6,Sticky Customer
15568506,2,3,1,6,Sticky Customer
15761043,0,3,1,4,Sticky Customer
15782236,0,3,0,3,Moderate Relationship
15593601,2,1,1,4,Sticky Customer
15682048,2,1,1,4,Sticky Customer
15746902,0,3,1,4,Sticky Customer
15752081,2,0,0,2,Moderate Relationship
15781307,0,3,1,4,Sticky Customer
15775912,2,3,0,5,Sticky Customer
15745417,2,1,0,3,Moderate Relationship
15671256,0,1,1,2,Moderate Relationship
15653547,2,1,1,4,Sticky Customer
15595766,2,3,1,6,Sticky Customer
15742358,2,1,1,4,Sticky Customer
15763274,0,1,0,1,At-Risk Customer
15786063,2,3,1,6,Sticky Customer
15600258,2,3,1,6,Sticky Customer
15573318,0,3,1,4,Sticky Customer
15653849,0,1,1,2,Moderate Relationship
15694272,2,1,1,4,Sticky Customer
15736112,2,3,1,6,Sticky Customer
15749851,2,1,0,3,Moderate Relationship
15663478,2,1,1,4,Sticky Customer
15592300,0,1,1,2,Moderate Relationship
15567832,0,1,1,2,Moderate Relationship
15776780,0,1,1,2,Moderate Relationship
15592846,0,3,1,4,Sticky Customer
15739803,0,3,1,4,Sticky Customer
15794142,2,0,0,2,Moderate Relationship
15762729,0,1,1,2,Moderate Relationship
15667896,2,3,1,6,Sticky Customer
15626578,2,3,1,6,Sticky Customer
15776223,2,1,1,4,Sticky Customer
15705953,0,1,1,2,Moderate Relationship
15802593,2,0,0,2,Moderate Relationship
15615457,0,3,1,4,Sticky Customer
15708916,0,3,1,4,Sticky Customer
15720187,0,3,1,4,Sticky Customer
15595440,2,3,1,6,Sticky Customer
15600651,2,0,1,3,Moderate Relationship
15750141,0,3,1,4,Sticky Customer
15657284,2,1,1,4,Sticky Customer
15763063,0,1,1,2,Moderate Relationship
15709324,0,3,1,4,Sticky Customer
15711309,0,1,1,2,Moderate Relationship
15775318,2,0,0,2,Moderate Relationship
15705515,0,3,1,4,Sticky Customer
15634844,0,1,1,2,Moderate Relationship
15717046,2,3,1,6,Sticky Customer
15571816,2,1,1,4,Sticky Customer
15670080,2,1,0,3,Moderate Relationship
15800440,2,1,0,3,Moderate Relationship
15665678,2,1,1,4,Sticky Customer
15665956,0,1,1,2,Moderate Relationship
15788126,2,1,1,4,Sticky Customer
15811773,2,3,1,6,Sticky Customer
15651674,0,1,0,1,At-Risk Customer
15689614,2,1,1,4,Sticky Customer
15795564,2,3,1,6,Sticky Customer
15706647,2,0,1,3,Moderate Relationship
15728505,2,3,1,6,Sticky Customer
15730076,0,1,1,2,Moderate Relationship
15622003,0,3,1,4,Sticky Customer
15607312,2,3,1,6,Sticky Customer
15644753,2,1,1,4,Sticky Customer
15653620,2,3,1,6,Sticky Customer
15761986,0,1,1,2,Moderate Relationship
15633922,2,3,0,5,Sticky Customer
15734674,0,1,1,2,Moderate Relationship
15658032,2,3,1,6,Sticky Customer
15692671,0,3,1,4,Sticky Customer
15737741,2,3,0,5,Sticky Customer
15576352,2,3,0,5,Sticky Customer
15753719,0,1,1,2,Moderate Relationship
15803689,0,3,0,3,Moderate Relationship
15718057,0,1,0,1,At-Risk Customer
15722010,0,1,1,2,Moderate Relationship
15680998,2,1,1,4,Sticky Customer
15614782,0,1,1,2,Moderate Relationship
15591047,0,3,0,3,Moderate Relationship
15788291,2,1,1,4,Sticky Customer
15604044,0,1,1,2,Moderate Relationship
15679587,2,1,1,4,Sticky Customer
15775153,0,1,0,1,At-Risk Customer
15603925,2,3,0,5,Sticky Customer
15680970,0,1,1,2,Moderate Relationship
15697183,0,3,1,4,Sticky Customer
15567446,2,1,1,4,Sticky Customer
15637476,0,1,0,1,At-Risk Customer
15714939,2,1,0,3,Moderate Relationship
15683503,2,0,0,2,Moderate Relationship
15645569,2,3,1,6,Sticky Customer
15782569,2,1,0,3,Moderate Relationship
15592387,0,1,1,2,Moderate Relationship
15609286,2,1,1,4,Sticky Customer
15814035,2,1,1,4,Sticky Customer
15661249,2,3,0,5,Sticky Customer
15629117,0,3,1,4,Sticky Customer
15607170,2,3,1,6,Sticky Customer
15586585,0,1,1,2,Moderate Relationship
15686611,0,1,0,1,At-Risk Customer
15603203,0,3,1,4,Sticky Customer
15619857,2,1,1,4,Sticky Customer
15805062,2,1,1,4,Sticky Customer
15660271,2,1,1,4,Sticky Customer
15745295,0,1,1,2,Moderate Relationship
15719352,0,3,1,4,Sticky Customer
15766575,0,1,1,2,Moderate Relationship
15594594,2,1,1,4,Sticky Customer
15646161,2,3,1,6,Sticky Customer
15682585,0,1,1,2,Moderate Relationship
15603134,2,1,0,3,Moderate Relationship
15636444,2,3,1,6,Sticky Customer
15773456,2,3,0,5,Sticky Customer
15745307,2,1,0,3,Moderate Relationship
15604119,0,1,0,1,At-Risk Customer
15626900,2,1,1,4,Sticky Customer
15605447,0,1,1,2,Moderate Relationship
15589030,2,3,1,6,Sticky Customer
15692463,0,1,1,2,Moderate Relationship
15712403,0,1,1,2,Moderate Relationship
15811762,0,1,1,2,Moderate Relationship
15718673,0,1,1,2,Moderate Relationship
15724282,2,3,1,6,Sticky Customer
15738181,0,3,0,3,Moderate Relationship
15633648,0,3,1,4,Sticky Customer
15603323,0,3,0,3,Moderate Relationship
15583725,2,1,0,3,Moderate Relationship
15588350,2,1,0,3,Moderate Relationship
15798398,0,1,0,1,At-Risk Customer
15784844,0,1,1,2,Moderate Relationship
15580684,0,1,1,2,Moderate Relationship
15809663,2,1,1,4,Sticky Customer
15640078,0,1,1,2,Moderate Relationship
15698786,0,1,1,2,Moderate Relationship
15569807,0,1,1,2,Moderate Relationship
15730830,2,3,1,6,Sticky Customer
15805112,0,1,1,2,Moderate Relationship
15633064,0,3,1,4,Sticky Customer
15703119,2,3,1,6,Sticky Customer
15730447,2,3,1,6,Sticky Customer
15813850,2,1,1,4,Sticky Customer
15711889,0,1,1,2,Moderate Relationship
15664610,2,1,1,4,Sticky Customer
15751710,2,3,1,6,Sticky Customer
15692926,2,1,1,4,Sticky Customer
15813741,2,1,0,3,Moderate Relationship
15698474,2,3,1,6,Sticky Customer
15568595,2,1,1,4,Sticky Customer
15603065,0,3,1,4,Sticky Customer
15592937,2,1,1,4,Sticky Customer
15699637,2,1,1,4,Sticky Customer
15667215,2,3,1,6,Sticky Customer
15788659,2,3,1,6,Sticky Customer
15763218,2,3,0,5,Sticky Customer
15645772,2,3,1,6,Sticky Customer
15725511,2,1,0,3,Moderate Relationship
15575024,2,3,1,6,Sticky Customer
15640825,2,1,1,4,Sticky Customer
15662397,2,1,1,4,Sticky Customer
15576368,0,3,0,3,Moderate Relationship
15674991,2,3,0,5,Sticky Customer
15721024,0,1,0,1,At-Risk Customer
15745621,2,3,1,6,Sticky Customer
15642394,2,3,1,6,Sticky Customer
15754605,2,3,1,6,Sticky Customer
15607040,0,3,1,4,Sticky Customer
15715142,2,1,0,3,Moderate Relationship
15810978,2,3,1,6,Sticky Customer
15668886,0,3,1,4,Sticky Customer
15780804,2,1,0,3,Moderate Relationship
15613880,2,1,0,3,Moderate Relationship
15775238,2,1,0,3,Moderate Relationship
15786905,0,3,0,3,Moderate Relationship
15747867,0,1,0,1,At-Risk Customer
15600337,0,1,0,1,At-Risk Customer
15801277,2,3,1,6,Sticky Customer
15579334,0,1,1,2,Moderate Relationship
15802741,0,1,1,2,Moderate Relationship
15720649,0,1,1,2,Moderate Relationship
15589493,0,3,1,4,Sticky Customer
15688251,0,3,1,4,Sticky Customer
15665238,0,1,0,1,At-Risk Customer
15740900,2,3,1,6,Sticky Customer
15681068,2,1,1,4,Sticky Customer
15748625,2,3,1,6,Sticky Customer
15727299,2,1,1,4,Sticky Customer
15620204,2,3,1,6,Sticky Customer
15669516,2,3,1,6,Sticky Customer
15736534,2,1,1,4,Sticky Customer
15803457,0,3,1,4,Sticky Customer
15659098,0,1,0,1,At-Risk Customer
15603436,2,3,0,5,Sticky Customer
15566292,2,3,0,5,Sticky Customer
15808621,2,3,1,6,Sticky Customer
15580148,0,0,1,1,At-Risk Customer
15776231,2,1,1,4,Sticky Customer
15773809,0,3,1,4,Sticky Customer
15649423,2,3,0,5,Sticky Customer
15734886,0,3,1,4,Sticky Customer
15722548,0,1,0,1,At-Risk Customer
15650288,0,1,1,2,Moderate Relationship
15629448,0,1,1,2,Moderate Relationship
15716164,0,1,1,2,Moderate Relationship
15807609,0,0,1,1,At-Risk Customer
15578977,0,3,1,4,Sticky Customer
15677369,0,1,0,1,At-Risk Customer
15804072,0,3,0,3,Moderate Relationship
15696859,0,3,0,3,Moderate Relationship
15653780,2,1,1,4,Sticky Customer
15721658,2,3,1,6,Sticky Customer
15578761,2,3,1,6,Sticky Customer
15736879,0,3,0,3,Moderate Relationship
15571973,0,1,1,2,Moderate Relationship
15626742,2,1,1,4,Sticky Customer
15672692,2,3,1,6,Sticky Customer
15673570,2,3,0,5,Sticky Customer
15767432,2,0,1,3,Moderate Relationship
15654238,0,1,1,2,Moderate Relationship
15612525,0,1,0,1,At-Risk Customer
15812750,2,1,1,4,Sticky Customer
15790757,0,3,0,3,Moderate Relationship
15723873,0,1,0,1,At-Risk Customer
15744607,0,3,1,4,Sticky Customer
15612966,2,1,0,3,Moderate Relationship
15784209,2,1,1,4,Sticky Customer
15794278,2,1,1,4,Sticky Customer
15766741,2,1,0,3,Moderate Relationship
15661036,0,3,1,4,Sticky Customer
15705639,0,3,1,4,Sticky Customer
15637414,2,1,0,3,Moderate Relationship
15716835,2,1,1,4,Sticky Customer
15696231,2,1,1,4,Sticky Customer
15641675,0,0,0,0,At-Risk Customer
15670755,2,3,1,6,Sticky Customer
15640059,2,3,1,6,Sticky Customer
15787619,0,1,0,1,At-Risk Customer
15587535,0,1,1,2,Moderate Relationship
15813034,2,1,1,4,Sticky Customer
15698839,2,3,1,6,Sticky Customer
15790314,2,3,0,5,Sticky Customer
15634245,0,1,1,2,Moderate Relationship
15677305,2,1,1,4,Sticky Customer
15661526,0,3,1,4,Sticky Customer
15685997,0,3,1,4,Sticky Customer
15660101,0,3,1,4,Sticky Customer
15637979,0,3,1,4,Sticky Customer
15815364,2,3,1,6,Sticky Customer
15647099,0,1,1,2,Moderate Relationship
15625944,2,1,1,4,Sticky Customer
15583212,0,1,1,2,Moderate Relationship
15582741,0,1,1,2,Moderate Relationship
15637876,0,1,0,1,At-Risk Customer
15622750,0,1,1,2,Moderate Relationship
15672056,2,0,1,3,Moderate Relationship
15812351,0,1,1,2,Moderate Relationship
15810864,2,3,0,5,Sticky Customer
15677921,0,3,0,3,Moderate Relationship
15724296,0,3,0,3,Moderate Relationship
15685329,2,1,0,3,Moderate Relationship
15584091,0,3,0,3,Moderate Relationship
15640442,0,1,0,1,At-Risk Customer
15639314,2,3,0,5,Sticky Customer
15685320,0,1,0,1,At-Risk Customer
15789158,0,3,1,4,Sticky Customer
15752137,2,1,1,4,Sticky Customer
15712551,0,1,1,2,Moderate Relationship
15628936,0,1,0,1,At-Risk Customer
15797227,2,3,1,6,Sticky Customer
15769974,0,1,0,1,At-Risk Customer
15737051,0,3,1,4,Sticky Customer
15585595,2,3,0,5,Sticky Customer
15654060,2,3,0,5,Sticky Customer
15745196,0,3,0,3,Moderate Relationship
15571221,2,1,1,4,Sticky Customer
15660155,2,1,0,3,Moderate Relationship
15605284,2,3,1,6,Sticky Customer
15694366,2,1,0,3,Moderate Relationship
15600739,0,3,1,4,Sticky Customer
15653253,2,1,1,4,Sticky Customer
15763431,2,3,1,6,Sticky Customer
15643696,2,3,1,6,Sticky Customer
15707473,0,1,1,2,Moderate Relationship
15769504,2,1,1,4,Sticky Customer
15776807,0,1,1,2,Moderate Relationship
15686870,0,3,0,3,Moderate Relationship
15668747,2,1,0,3,Moderate Relationship
15766908,0,1,1,2,Moderate Relationship
15570134,2,3,1,6,Sticky Customer
15567367,2,1,0,3,Moderate Relationship
15747542,2,3,1,6,Sticky Customer
15762238,2,3,0,5,Sticky Customer
15681554,2,3,1,6,Sticky Customer
15712825,2,3,0,5,Sticky Customer
15640280,2,3,0,5,Sticky Customer
15756026,0,1,0,1,At-Risk Customer
15613319,0,1,0,1,At-Risk Customer
15798906,2,3,1,6,Sticky Customer
15708917,2,1,1,4,Sticky Customer
15778463,0,1,1,2,Moderate Relationship
15699430,0,3,1,4,Sticky Customer
15649992,2,3,0,5,Sticky Customer
15578980,2,3,1,6,Sticky Customer
15775306,2,0,1,3,Moderate Relationship
15641655,0,3,0,3,Moderate Relationship
15619708,0,3,1,4,Sticky Customer
15734565,0,3,1,4,Sticky Customer
15806438,0,1,0,1,At-Risk Customer
15591969,2,1,1,4,Sticky Customer
15747807,0,3,1,4,Sticky Customer
15596939,0,3,1,4,Sticky Customer
15716155,0,1,0,1,At-Risk Customer
15765311,0,1,1,2,Moderate Relationship
15757811,2,1,0,3,Moderate Relationship
15603830,0,3,1,4,Sticky Customer
15660602,2,3,1,6,Sticky Customer
15660535,2,3,1,6,Sticky Customer
15666633,2,3,1,6,Sticky Customer
15596914,2,3,1,6,Sticky Customer
15639788,0,3,1,4,Sticky Customer
15695846,2,3,1,6,Sticky Customer
15726234,2,1,0,3,Moderate Relationship
15797964,2,1,1,4,Sticky Customer
15625881,2,3,1,6,Sticky Customer
15780628,0,3,0,3,Moderate Relationship
15575883,0,3,1,4,Sticky Customer
15585036,2,3,1,6,Sticky Customer
15589488,2,1,1,4,Sticky Customer
15585888,2,1,0,3,Moderate Relationship
15727915,0,1,0,1,At-Risk Customer
15707567,0,1,0,1,At-Risk Customer
15737792,0,1,0,1,At-Risk Customer
15599433,2,1,0,3,Moderate Relationship
15672012,0,1,1,2,Moderate Relationship
15806983,0,1,1,2,Moderate Relationship
15592222,0,1,0,1,At-Risk Customer
15608968,0,3,0,3,Moderate Relationship
15586959,0,3,1,4,Sticky Customer
15646558,2,1,1,4,Sticky Customer
15725811,2,1,0,3,Moderate Relationship
15572265,0,3,1,4,Sticky Customer
15794048,0,3,0,3,Moderate Relationship
15677610,2,1,1,4,Sticky Customer
15745012,2,3,1,6,Sticky Customer
15601589,2,3,0,5,Sticky Customer
15686436,0,3,1,4,Sticky Customer
15693864,0,1,1,2,Moderate Relationship
15760550,2,3,0,5,Sticky Customer
15686137,2,1,1,4,Sticky Customer
15809087,0,3,1,4,Sticky Customer
15807663,0,1,1,2,Moderate Relationship
15809100,0,1,1,2,Moderate Relationship
15794916,2,1,1,4,Sticky Customer
15614215,2,3,0,5,Sticky Customer
15805449,0,3,0,3,Moderate Relationship
15686983,2,3,0,5,Sticky Customer
15808017,2,3,1,6,Sticky Customer
15756804,0,1,1,2,Moderate Relationship
15646810,0,3,1,4,Sticky Customer
15710424,2,1,1,4,Sticky Customer
15799422,2,1,1,4,Sticky Customer
15692750,0,0,1,1,At-Risk Customer
15794549,2,3,1,6,Sticky Customer
15803764,0,3,1,4,Sticky Customer
15674840,2,3,0,5,Sticky Customer
15653762,0,1,0,1,At-Risk Customer
15581229,2,1,0,3,Moderate Relationship
15800228,2,3,1,6,Sticky Customer
15656333,0,1,1,2,Moderate Relationship
15697497,2,3,1,6,Sticky Customer
15585362,0,1,1,2,Moderate Relationship
15571928,0,0,1,1,At-Risk Customer
15785519,0,1,1,2,Moderate Relationship
15743007,0,1,1,2,Moderate Relationship
15777211,2,1,1,4,Sticky Customer
15721935,2,3,1,6,Sticky Customer
15591711,0,1,1,2,Moderate Relationship
15625021,2,3,1,6,Sticky Customer
15702968,2,1,1,4,Sticky Customer
15600462,2,1,0,3,Moderate Relationship
15768104,0,1,0,1,At-Risk Customer
15780140,2,3,1,6,Sticky Customer
15585255,0,1,1,2,Moderate Relationship
15772781,2,0,1,3,Moderate Relationship
15669987,0,3,1,4,Sticky Customer
15697000,2,1,1,4,Sticky Customer
15733119,0,3,1,4,Sticky Customer
15782390,0,1,1,2,Moderate Relationship
15654700,0,1,1,2,Moderate Relationship
15632210,0,1,1,2,Moderate Relationship
15642041,0,3,1,4,Sticky Customer
15709737,2,3,0,5,Sticky Customer
15792388,2,1,1,4,Sticky Customer
15786014,0,3,1,4,Sticky Customer
15794580,0,1,0,1,At-Risk Customer
15675964,2,1,1,4,Sticky Customer
15814275,2,1,1,4,Sticky Customer
15724848,0,1,1,2,Moderate Relationship
15754713,2,1,1,4,Sticky Customer
15693814,0,3,1,4,Sticky Customer
15599660,2,3,1,6,Sticky Customer
15746490,2,1,1,4,Sticky Customer
15566091,0,1,1,2,Moderate Relationship
15655961,0,1,1,2,Moderate Relationship
15710404,2,1,1,4,Sticky Customer
15775625,0,1,1,2,Moderate Relationship
15792328,2,1,1,4,Sticky Customer
15719856,2,1,1,4,Sticky Customer
15593773,0,3,0,3,Moderate Relationship
15733114,0,3,1,4,Sticky Customer
15797748,2,3,0,5,Sticky Customer
15743411,0,1,1,2,Moderate Relationship
15753337,0,0,1,1,At-Risk Customer
15601026,2,1,1,4,Sticky Customer
15658485,2,1,1,4,Sticky Customer
15636731,2,3,1,6,Sticky Customer
15628303,2,1,1,4,Sticky Customer
15633461,2,1,1,4,Sticky Customer
15677135,2,3,1,6,Sticky Customer
15590876,0,1,0,1,At-Risk Customer
15790782,0,1,0,1,At-Risk Customer
15700476,2,3,1,6,Sticky Customer
15634141,0,3,1,4,Sticky Customer
15737795,2,1,0,3,Moderate Relationship
15790299,2,0,1,3,Moderate Relationship
15675316,2,3,0,5,Sticky Customer
15613630,2,1,1,4,Sticky Customer
15662100,2,1,0,3,Moderate Relationship
15668032,2,1,1,4,Sticky Customer
15599289,0,1,1,2,Moderate Relationship
15754084,2,1,1,4,Sticky Customer
15676521,0,3,0,3,Moderate Relationship
15804586,0,1,1,2,Moderate Relationship
15781465,0,1,1,2,Moderate Relationship
15729362,0,1,1,2,Moderate Relationship
15709295,2,3,1,6,Sticky Customer
15745324,0,1,1,2,Moderate Relationship
15741336,2,1,1,4,Sticky Customer
15783659,2,1,1,4,Sticky Customer
15620981,0,1,0,1,At-Risk Customer
15630328,2,3,1,6,Sticky Customer
15785899,0,1,1,2,Moderate Relationship
15606149,2,1,0,3,Moderate Relationship
15671139,2,1,1,4,Sticky Customer
15660429,2,3,0,5,Sticky Customer
15571002,0,1,0,1,At-Risk Customer
15631681,2,3,0,5,Sticky Customer
15731522,2,3,1,6,Sticky Customer
15619529,0,1,0,1,At-Risk Customer
15628034,2,1,1,4,Sticky Customer
15686164,2,1,1,4,Sticky Customer
15582797,0,1,1,2,Moderate Relationship
15753831,2,1,1,4,Sticky Customer
15731815,0,0,1,1,At-Risk Customer
15580956,2,1,1,4,Sticky Customer
15602084,2,1,1,4,Sticky Customer
15589805,2,1,1,4,Sticky Customer
15720893,0,3,0,3,Moderate Relationship
15641009,0,1,0,1,At-Risk Customer
15605926,2,3,0,5,Sticky Customer
15805955,2,1,1,4,Sticky Customer
15801488,2,3,1,6,Sticky Customer
15605918,0,3,0,3,Moderate Relationship
15779711,2,3,0,5,Sticky Customer
15705620,0,3,1,4,Sticky Customer
15685357,2,1,0,3,Moderate Relationship
15570060,0,1,1,2,Moderate Relationship
15582616,0,3,1,4,Sticky Customer
15799515,0,1,1,2,Moderate Relationship
15642937,0,3,1,4,Sticky Customer
15624729,0,1,0,1,At-Risk Customer
15566156,0,3,0,3,Moderate Relationship
15792360,2,3,1,6,Sticky Customer
15807008,0,1,0,1,At-Risk Customer
15704770,2,3,0,5,Sticky Customer
15756475,2,3,1,6,Sticky Customer
15655339,0,1,1,2,Moderate Relationship
15613749,0,1,1,2,Moderate Relationship
15664521,2,3,1,6,Sticky Customer
15681206,0,1,1,2,Moderate Relationship
15745527,0,3,1,4,Sticky Customer
15806926,2,3,1,6,Sticky Customer
15724563,2,3,0,5,Sticky Customer
15782899,0,1,0,1,At-Risk Customer
15623521,0,3,1,4,Sticky Customer
15810218,2,0,0,2,Moderate Relationship
15645621,2,3,0,5,Sticky Customer
15608114,2,1,0,3,Moderate Relationship
15659557,2,3,1,6,Sticky Customer
15787772,0,1,0,1,At-Risk Customer
15691111,0,3,1,4,Sticky Customer
15592089,2,3,1,6,Sticky Customer
15633897,2,3,1,6,Sticky Customer
15701301,0,3,0,3,Moderate Relationship
15723685,0,3,1,4,Sticky Customer
15701602,0,0,0,0,At-Risk Customer
15739189,0,3,1,4,Sticky Customer
15573086,2,1,1,4,Sticky Customer
15569050,0,1,1,2,Moderate Relationship
15750765,2,1,1,4,Sticky Customer
15799811,0,1,1,2,Moderate Relationship
15698442,2,1,1,4,Sticky Customer
15655274,2,3,0,5,Sticky Customer
15603594,2,3,1,6,Sticky Customer
15585961,2,3,0,5,Sticky Customer
15686936,2,1,1,4,Sticky Customer
15770424,0,3,1,4,Sticky Customer
15587451,0,1,1,2,Moderate Relationship
15602010,0,1,1,2,Moderate Relationship
15600583,0,1,1,2,Moderate Relationship
15654673,0,1,1,2,Moderate Relationship
15717164,2,3,1,6,Sticky Customer
15765014,2,3,0,5,Sticky Customer
15682639,2,3,1,6,Sticky Customer
15729279,0,1,1,2,Moderate Relationship
15759805,0,3,1,4,Sticky Customer
15767864,0,3,0,3,Moderate Relationship
15769948,2,1,0,3,Moderate Relationship
15686345,2,3,1,6,Sticky Customer
15688071,2,1,1,4,Sticky Customer
15681174,0,1,0,1,At-Risk Customer
15667521,0,3,0,3,Moderate Relationship
15750243,2,3,0,5,Sticky Customer
15695475,2,3,0,5,Sticky Customer
15689176,2,3,0,5,Sticky Customer
15652955,0,1,1,2,Moderate Relationship
15668958,0,1,1,2,Moderate Relationship
15631054,2,3,1,6,Sticky Customer
15581479,2,1,1,4,Sticky Customer
15577478,2,1,1,4,Sticky Customer
15780870,2,1,1,4,Sticky Customer
15692317,0,3,1,4,Sticky Customer
15593969,0,1,1,2,Moderate Relationship
15570417,0,3,1,4,Sticky Customer
15779059,2,3,1,6,Sticky Customer
15785980,0,3,1,4,Sticky Customer
15644200,0,1,1,2,Moderate Relationship
15793949,0,1,1,2,Moderate Relationship
15645103,0,1,1,2,Moderate Relationship
15705860,0,1,1,2,Moderate Relationship
15623828,2,1,0,3,Moderate Relationship
15715003,2,1,1,4,Sticky Customer
15623471,0,1,1,2,Moderate Relationship
15798348,2,1,1,4,Sticky Customer
15743016,0,1,1,2,Moderate Relationship
15769499,2,3,1,6,Sticky Customer
15798521,0,3,1,4,Sticky Customer
15706534,0,1,0,1,At-Risk Customer
15706186,0,3,0,3,Moderate Relationship
15812197,0,1,0,1,At-Risk Customer
15650933,0,1,1,2,Moderate Relationship
15692991,2,3,1,6,Sticky Customer
15631189,0,1,1,2,Moderate Relationship
15762198,2,1,1,4,Sticky Customer
15699598,2,3,1,6,Sticky Customer
15692744,0,3,0,3,Moderate Relationship
15688963,2,1,1,4,Sticky Customer
15599131,0,3,1,4,Sticky Customer
15680303,0,1,1,2,Moderate Relationship
15628674,0,1,1,2,Moderate Relationship
15648075,0,1,1,2,Moderate Relationship
15586970,2,1,1,4,Sticky Customer
15625698,2,3,0,5,Sticky Customer
15790497,0,3,0,3,Moderate Relationship
15682618,2,3,1,6,Sticky Customer
15762937,2,3,1,6,Sticky Customer
15750929,0,3,1,4,Sticky Customer
15729832,0,1,1,2,Moderate Relationship
15633650,2,3,1,6,Sticky Customer
15748856,2,1,1,4,Sticky Customer
15589195,2,1,0,3,Moderate Relationship
15699911,0,1,1,2,Moderate Relationship
15663438,0,1,1,2,Moderate Relationship
15692583,0,3,1,4,Sticky Customer
15591257,0,3,1,4,Sticky Customer
15646513,0,1,1,2,Moderate Relationship
15708063,0,0,0,0,At-Risk Customer
15696098,0,3,1,4,Sticky Customer
15645517,2,3,1,6,Sticky Customer
15649744,2,3,1,6,Sticky Customer
15604304,2,1,1,4,Sticky Customer
15784092,2,1,1,4,Sticky Customer
15585198,2,1,0,3,Moderate Relationship
15624347,2,3,1,6,Sticky Customer
15621687,0,3,1,4,Sticky Customer
15689081,0,1,1,2,Moderate Relationship
15813168,2,0,1,3,Moderate Relationship
15604295,0,3,1,4,Sticky Customer
15724127,0,3,0,3,Moderate Relationship
15673055,2,3,1,6,Sticky Customer
15768201,2,1,1,4,Sticky Customer
15782219,0,3,1,4,Sticky Customer
15746410,0,3,1,4,Sticky Customer
15780144,0,3,1,4,Sticky Customer
15590476,0,3,1,4,Sticky Customer
15624293,0,1,1,2,Moderate Relationship
15618182,0,3,0,3,Moderate Relationship
15660316,0,1,0,1,At-Risk Customer
15678886,0,3,1,4,Sticky Customer
15616330,0,3,1,4,Sticky Customer
15592229,2,1,1,4,Sticky Customer
15798424,2,1,1,4,Sticky Customer
15714750,0,3,0,3,Moderate Relationship
15648800,0,1,1,2,Moderate Relationship
15626147,0,1,0,1,At-Risk Customer
15626608,2,1,0,3,Moderate Relationship
15723250,2,3,1,6,Sticky Customer
15592583,0,0,0,0,At-Risk Customer
15759381,2,1,1,4,Sticky Customer
15585241,0,3,1,4,Sticky Customer
15589358,0,3,1,4,Sticky Customer
15672704,0,3,1,4,Sticky Customer
15789955,0,3,0,3,Moderate Relationship
15596800,2,1,1,4,Sticky Customer
15627305,0,1,1,2,Moderate Relationship
15645316,2,1,1,4,Sticky Customer
15593973,0,1,1,2,Moderate Relationship
15647301,2,3,1,6,Sticky Customer
15750258,0,1,1,2,Moderate Relationship
15685309,2,1,1,4,Sticky Customer
15628205,2,1,0,3,Moderate Relationship
15733974,0,1,1,2,Moderate Relationship
15762110,2,3,1,6,Sticky Customer
15706899,2,3,1,6,Sticky Customer
15732660,2,1,1,4,Sticky Customer
15656121,0,3,0,3,Moderate Relationship
15614220,2,3,0,5,Sticky Customer
15645269,0,3,1,4,Sticky Customer
15698510,0,3,1,4,Sticky Customer
15569247,2,1,0,3,Moderate Relationship
15566251,0,1,1,2,Moderate Relationship
15716134,2,3,1,6,Sticky Customer
15763625,0,3,1,4,Sticky Customer
15605965,2,3,1,6,Sticky Customer
15694821,2,1,0,3,Moderate Relationship
15601688,0,1,1,2,Moderate Relationship
15575581,0,3,1,4,Sticky Customer
15671209,0,0,1,1,At-Risk Customer
15616529,2,1,1,4,Sticky Customer
15773906,0,3,0,3,Moderate Relationship
15722993,0,1,0,1,At-Risk Customer
15752463,2,1,0,3,Moderate Relationship
15589754,2,1,0,3,Moderate Relationship
15669899,0,1,0,1,At-Risk Customer
15766887,2,3,1,6,Sticky Customer
15768006,0,1,1,2,Moderate Relationship
15741295,2,3,1,6,Sticky Customer
15811327,2,1,0,3,Moderate Relationship
15690007,0,3,1,4,Sticky Customer
15690664,0,3,1,4,Sticky Customer
15719348,0,1,1,2,Moderate Relationship
15781802,0,1,1,2,Moderate Relationship
15752731,0,1,1,2,Moderate Relationship
15600997,2,3,0,5,Sticky Customer
15750776,2,1,1,4,Sticky Customer
15723907,0,3,0,3,Moderate Relationship
15633419,0,3,1,4,Sticky Customer
15702430,2,1,1,4,Sticky Customer
15710456,0,3,1,4,Sticky Customer
15650351,2,1,1,4,Sticky Customer
15590820,0,1,0,1,At-Risk Customer
15640454,0,1,0,1,At-Risk Customer
15697789,2,3,1,6,Sticky Customer
15808182,0,3,1,4,Sticky Customer
15588670,0,1,1,2,Moderate Relationship
15721292,0,3,1,4,Sticky Customer
15604217,0,3,0,3,Moderate Relationship
15651369,0,3,1,4,Sticky Customer
15782454,2,1,1,4,Sticky Customer
15814032,0,3,0,3,Moderate Relationship
15570326,2,3,1,6,Sticky Customer
15624428,2,1,1,4,Sticky Customer
15755638,2,1,1,4,Sticky Customer
15600992,2,3,1,6,Sticky Customer
15755649,0,1,1,2,Moderate Relationship
15795228,2,1,1,4,Sticky Customer
15589257,2,3,1,6,Sticky Customer
15719302,2,1,1,4,Sticky Customer
15639882,0,3,1,4,Sticky Customer
15791279,2,1,1,4,Sticky Customer
15636935,2,3,1,6,Sticky Customer
15686909,2,1,0,3,Moderate Relationship
15589572,0,3,1,4,Sticky Customer
15779947,0,0,1,1,At-Risk Customer
15573769,0,3,1,4,Sticky Customer
15578866,2,1,1,4,Sticky Customer
15739131,0,1,1,2,Moderate Relationship
15813444,0,3,1,4,Sticky Customer
15678058,0,1,1,2,Moderate Relationship
15769169,2,1,0,3,Moderate Relationship
15804602,0,3,0,3,Moderate Relationship
15651052,0,1,1,2,Moderate Relationship
15724334,0,1,1,2,Moderate Relationship
15569451,2,1,1,4,Sticky Customer
15650098,2,3,1,6,Sticky Customer
15724307,2,1,0,3,Moderate Relationship
15599268,0,3,1,4,Sticky Customer
15594864,2,1,1,4,Sticky Customer
15616451,2,1,1,4,Sticky Customer
15715667,0,3,0,3,Moderate Relationship
15658969,0,0,1,1,At-Risk Customer
15738174,2,3,0,5,Sticky Customer
15813590,0,3,1,4,Sticky Customer
15624229,2,3,1,6,Sticky Customer
15674148,0,1,1,2,Moderate Relationship
15625080,0,1,1,2,Moderate Relationship
15682528,2,1,0,3,Moderate Relationship
15696900,2,3,1,6,Sticky Customer
15730038,0,1,0,1,At-Risk Customer
15812272,2,3,1,6,Sticky Customer
15654654,2,3,1,6,Sticky Customer
15697625,0,3,1,4,Sticky Customer
15616280,0,1,1,2,Moderate Relationship
15654229,2,3,0,5,Sticky Customer
15628298,0,1,1,2,Moderate Relationship
15733387,2,1,1,4,Sticky Customer
15775572,0,3,1,4,Sticky Customer
15613844,0,3,1,4,Sticky Customer
15578515,0,3,1,4,Sticky Customer
15607598,2,3,1,6,Sticky Customer
15742480,2,3,0,5,Sticky Customer
15749482,0,1,1,2,Moderate Relationship
15607537,0,1,1,2,Moderate Relationship
15575410,0,3,1,4,Sticky Customer
15684865,2,1,1,4,Sticky Customer
15600700,2,1,1,4,Sticky Customer
15774155,2,1,1,4,Sticky Customer
15634267,0,3,1,4,Sticky Customer
15619626,2,3,0,5,Sticky Customer
15660422,0,3,1,4,Sticky Customer
15617934,2,1,1,4,Sticky Customer
15760774,2,3,1,6,Sticky Customer
15813132,2,1,1,4,Sticky Customer
15593331,2,1,0,3,Moderate Relationship
15616709,0,3,0,3,Moderate Relationship
15658052,0,1,1,2,Moderate Relationship
15721189,2,3,1,6,Sticky Customer
15711288,0,3,1,4,Sticky Customer
15770030,2,3,1,6,Sticky Customer
15803681,2,3,1,6,Sticky Customer
15702789,2,1,1,4,Sticky Customer
15814930,0,1,1,2,Moderate Relationship
15658306,2,1,1,4,Sticky Customer
15699523,0,3,1,4,Sticky Customer
15610383,0,0,1,1,At-Risk Customer
15615032,2,3,1,6,Sticky Customer
15781989,0,1,1,2,Moderate Relationship
15647402,2,3,1,6,Sticky Customer
15740494,0,3,1,4,Sticky Customer
15701265,2,3,0,5,Sticky Customer
15743532,0,1,1,2,Moderate Relationship
15794870,0,3,1,4,Sticky Customer
15747591,2,1,0,3,Moderate Relationship
15726557,0,1,0,1,At-Risk Customer
15732199,2,1,0,3,Moderate Relationship
15662291,0,0,1,1,At-Risk Customer
15749050,0,1,1,2,Moderate Relationship
15781586,2,1,1,4,Sticky Customer
15617078,0,1,1,2,Moderate Relationship
15723339,2,3,1,6,Sticky Customer
15671322,0,1,1,2,Moderate Relationship
15793854,2,1,1,4,Sticky Customer
15756539,0,3,0,3,Moderate Relationship
15612064,0,3,1,4,Sticky Customer
15625916,0,1,1,2,Moderate Relationship
15683195,2,1,1,4,Sticky Customer
15690182,0,1,1,2,Moderate Relationship
15721719,2,3,1,6,Sticky Customer
15641690,2,3,0,5,Sticky Customer
15634896,2,3,0,5,Sticky Customer
15671590,2,3,1,6,Sticky Customer
15779182,0,1,0,1,At-Risk Customer
15778287,2,3,1,6,Sticky Customer
15609510,2,1,0,3,Moderate Relationship
15742229,2,1,0,3,Moderate Relationship
15658532,2,1,1,4,Sticky Customer
15590993,0,3,0,3,Moderate Relationship
15565701,0,1,0,1,At-Risk Customer
15597239,0,1,1,2,Moderate Relationship
15688880,0,1,1,2,Moderate Relationship
15813917,0,1,1,2,Moderate Relationship
15679611,0,1,0,1,At-Risk Customer
15636589,2,3,1,6,Sticky Customer
15687752,2,3,0,5,Sticky Customer
15584363,2,1,1,4,Sticky Customer
15737748,0,1,0,1,At-Risk Customer
15803365,2,1,0,3,Moderate Relationship
15793247,2,3,1,6,Sticky Customer
15572360,0,1,0,1,At-Risk Customer
15795166,2,3,1,6,Sticky Customer
15724620,0,1,1,2,Moderate Relationship
15800856,2,1,1,4,Sticky Customer
15671097,0,3,1,4,Sticky Customer
15683930,0,3,1,4,Sticky Customer
15749004,0,3,1,4,Sticky Customer
15800434,0,1,0,1,At-Risk Customer
15709117,2,1,1,4,Sticky Customer
15638806,0,3,0,3,Moderate Relationship
15662294,2,3,1,6,Sticky Customer
15690079,0,3,0,3,Moderate Relationship
15759317,2,1,1,4,Sticky Customer
15750497,2,1,1,4,Sticky Customer
15596181,2,1,1,4,Sticky Customer
15576602,2,3,1,6,Sticky Customer
15644833,0,1,1,2,Moderate Relationship
15734634,0,1,0,1,At-Risk Customer
15808689,2,3,1,6,Sticky Customer
15720702,0,1,1,2,Moderate Relationship
15665077,2,0,1,3,Moderate Relationship
15763612,2,3,0,5,Sticky Customer
15596493,2,3,1,6,Sticky Customer
15704483,0,3,0,3,Moderate Relationship
15598846,0,1,1,2,Moderate Relationship
15629244,0,3,0,3,Moderate Relationship
15765537,2,1,1,4,Sticky Customer
15729975,2,1,0,3,Moderate Relationship
15682773,0,3,1,4,Sticky Customer
15688007,2,1,1,4,Sticky Customer
15574331,2,1,0,3,Moderate Relationship
15645572,0,1,1,2,Moderate Relationship
15742854,0,3,1,4,Sticky Customer
15575417,2,3,1,6,Sticky Customer
15796721,2,3,1,6,Sticky Customer
15734942,0,1,1,2,Moderate Relationship
15664772,2,3,1,6,Sticky Customer
15576683,0,1,1,2,Moderate Relationship
15682563,0,1,1,2,Moderate Relationship
15650889,0,3,1,4,Sticky Customer
15612108,2,1,1,4,Sticky Customer
15761132,2,1,1,4,Sticky Customer
15645511,2,1,1,4,Sticky Customer
15609824,0,0,1,1,At-Risk Customer
15640268,2,1,1,4,Sticky Customer
15645778,0,1,1,2,Moderate Relationship
15691104,0,3,1,4,Sticky Customer
15714567,0,3,0,3,Moderate Relationship
15777826,2,1,1,4,Sticky Customer
15668445,2,3,1,6,Sticky Customer
15576162,2,1,1,4,Sticky Customer
15778135,0,1,1,2,Moderate Relationship
15613141,2,1,1,4,Sticky Customer
15635435,0,1,0,1,At-Risk Customer
15596552,2,1,1,4,Sticky Customer
15623644,0,3,1,4,Sticky Customer
15683403,2,1,0,3,Moderate Relationship
15615029,2,1,1,4,Sticky Customer
15769005,2,3,1,6,Sticky Customer
15746326,2,3,0,5,Sticky Customer
15722364,2,3,1,6,Sticky Customer
15704954,2,1,1,4,Sticky Customer
15694409,2,3,0,5,Sticky Customer
15754068,2,3,1,6,Sticky Customer
15683841,2,3,1,6,Sticky Customer
15789095,2,3,0,5,Sticky Customer
15719958,2,3,1,6,Sticky Customer
15689514,0,1,1,2,Moderate Relationship
15621353,0,3,1,4,Sticky Customer
15627232,2,1,1,4,Sticky Customer
15745843,2,3,1,6,Sticky Customer
15722902,2,1,1,4,Sticky Customer
15791767,0,3,1,4,Sticky Customer
15792722,0,1,1,2,Moderate Relationship
15723006,2,3,0,5,Sticky Customer
15771942,0,1,1,2,Moderate Relationship
15774738,0,1,1,2,Moderate Relationship
15574004,2,3,1,6,Sticky Customer
15587233,2,0,1,3,Moderate Relationship
15808228,2,1,1,4,Sticky Customer
15682834,2,3,1,6,Sticky Customer
15571752,2,1,1,4,Sticky Customer
15743067,0,1,1,2,Moderate Relationship
15714466,0,0,1,1,At-Risk Customer
15617982,0,3,1,4,Sticky Customer
15696637,2,1,0,3,Moderate Relationship
15690647,0,1,1,2,Moderate Relationship
15672756,2,1,0,3,Moderate Relationship
15704586,2,3,0,5,Sticky Customer
15674526,2,1,1,4,Sticky Customer
15775295,2,1,0,3,Moderate Relationship
15684196,0,1,1,2,Moderate Relationship
15727281,0,3,1,4,Sticky Customer
15787835,2,3,1,6,Sticky Customer
15730540,0,3,1,4,Sticky Customer
15646276,0,1,1,2,Moderate Relationship
15582180,2,1,1,4,Sticky Customer
15697095,0,3,1,4,Sticky Customer
15748797,0,1,1,2,Moderate Relationship
15754796,2,3,1,6,Sticky Customer
15628947,0,3,0,3,Moderate Relationship
15775546,0,3,1,4,Sticky Customer
15670481,2,3,0,5,Sticky Customer
15619029,0,3,1,4,Sticky Customer
15613282,0,1,1,2,Moderate Relationship
15721487,2,1,1,4,Sticky Customer
15797276,0,1,1,2,Moderate Relationship
15612494,0,1,1,2,Moderate Relationship
15629617,2,1,0,3,Moderate Relationship
15600821,2,1,1,4,Sticky Customer
15579062,0,3,0,3,Moderate Relationship
15814268,0,1,1,2,Moderate Relationship
15710164,0,3,0,3,Moderate Relationship
15693904,2,3,0,5,Sticky Customer
15588986,2,1,1,4,Sticky Customer
15797733,0,3,0,3,Moderate Relationship
15620507,2,1,1,4,Sticky Customer
15685150,2,3,1,6,Sticky Customer
15667651,0,3,1,4,Sticky Customer
15774166,2,3,0,5,Sticky Customer
15649280,0,1,1,2,Moderate Relationship
15705657,2,1,1,4,Sticky Customer
15753969,2,1,0,3,Moderate Relationship
15742378,0,1,1,2,Moderate Relationship
15794874,2,1,0,3,Moderate Relationship
15589221,2,3,1,6,Sticky Customer
15596671,0,1,0,1,At-Risk Customer
15583668,2,1,0,3,Moderate Relationship
15710206,0,1,1,2,Moderate Relationship
15799966,0,1,0,1,At-Risk Customer
15794560,2,1,1,4,Sticky Customer
15626485,2,1,1,4,Sticky Customer
15703143,2,1,0,3,Moderate Relationship
15809772,0,1,1,2,Moderate Relationship
15687959,2,1,1,4,Sticky Customer
15585282,2,3,0,5,Sticky Customer
15714993,0,1,1,2,Moderate Relationship
15596021,0,3,1,4,Sticky Customer
15646615,2,3,0,5,Sticky Customer
15742632,2,1,0,3,Moderate Relationship
15574068,0,1,0,1,At-Risk Customer
15806967,2,1,1,4,Sticky Customer
15796334,0,1,1,2,Moderate Relationship
15688713,2,1,1,4,Sticky Customer
15796179,0,1,1,2,Moderate Relationship
15598751,0,0,0,0,At-Risk Customer
15703019,2,3,0,5,Sticky Customer
15646302,0,1,1,2,Moderate Relationship
15680855,2,1,0,3,Moderate Relationship
15697311,2,1,1,4,Sticky Customer
15585367,0,1,1,2,Moderate Relationship
15726556,0,3,0,3,Moderate Relationship
15676242,0,1,1,2,Moderate Relationship
15684198,2,3,1,6,Sticky Customer
15774882,2,1,1,4,Sticky Customer
15714227,2,1,1,4,Sticky Customer
15608653,2,1,1,4,Sticky Customer
15784280,2,3,0,5,Sticky Customer
15789546,0,3,1,4,Sticky Customer
15590320,2,3,0,5,Sticky Customer
15678385,2,3,1,6,Sticky Customer
15571778,0,1,1,2,Moderate Relationship
15657085,2,1,1,4,Sticky Customer
15640627,0,3,1,4,Sticky Customer
15566211,0,1,1,2,Moderate Relationship
15669293,2,1,0,3,Moderate Relationship
15595067,2,3,1,6,Sticky Customer
15753566,0,1,1,2,Moderate Relationship
15650391,0,1,1,2,Moderate Relationship
15681843,0,3,1,4,Sticky Customer
15814846,0,1,1,2,Moderate Relationship
15670374,0,0,0,0,At-Risk Customer
15762332,2,3,1,6,Sticky Customer
15700223,2,1,1,4,Sticky Customer
15729956,2,1,1,4,Sticky Customer
15594862,0,3,0,3,Moderate Relationship
15598782,2,3,0,5,Sticky Customer
15745080,0,1,1,2,Moderate Relationship
15703399,2,3,0,5,Sticky Customer
15732175,2,1,0,3,Moderate Relationship
15630725,0,1,1,2,Moderate Relationship
15640260,2,3,1,6,Sticky Customer
15716822,2,1,1,4,Sticky Customer
15583748,0,3,1,4,Sticky Customer
15605968,2,1,1,4,Sticky Customer
15790683,2,3,0,5,Sticky Customer
15607713,2,3,1,6,Sticky Customer
15700212,0,3,0,3,Moderate Relationship
15626710,2,1,1,4,Sticky Customer
15716491,2,1,0,3,Moderate Relationship
15625824,0,0,1,1,At-Risk Customer
15617705,2,1,0,3,Moderate Relationship
15761976,0,3,1,4,Sticky Customer
15634891,0,1,1,2,Moderate Relationship
15744517,0,1,0,1,At-Risk Customer
15686963,0,1,1,2,Moderate Relationship
15808189,2,3,0,5,Sticky Customer
15580845,2,1,0,3,Moderate Relationship
15799156,0,3,0,3,Moderate Relationship
15694296,0,3,1,4,Sticky Customer
15677049,2,3,0,5,Sticky Customer
15583595,2,1,1,4,Sticky Customer
15590146,2,1,0,3,Moderate Relationship
15801548,2,3,1,6,Sticky Customer
15660833,0,3,0,3,Moderate Relationship
15762277,0,1,0,1,At-Risk Customer
15791302,0,3,1,4,Sticky Customer
15798975,0,1,0,1,At-Risk Customer
15599956,0,3,0,3,Moderate Relationship
15577274,0,1,1,2,Moderate Relationship
15701200,2,3,1,6,Sticky Customer
15638149,0,1,1,2,Moderate Relationship
15786199,2,1,1,4,Sticky Customer
15701765,0,3,0,3,Moderate Relationship
15586974,2,3,1,6,Sticky Customer
15729040,0,3,1,4,Sticky Customer
15788676,2,3,1,6,Sticky Customer
15602497,2,1,0,3,Moderate Relationship
15701333,0,1,0,1,At-Risk Customer
15812071,2,3,0,5,Sticky Customer
15634375,0,3,0,3,Moderate Relationship
15738267,2,1,1,4,Sticky Customer
15786800,2,1,0,3,Moderate Relationship
15591130,2,3,0,5,Sticky Customer
15720662,2,1,1,4,Sticky Customer
15751531,2,3,1,6,Sticky Customer
15653595,2,3,0,5,Sticky Customer
15568360,2,1,1,4,Sticky Customer
15781210,0,3,0,3,Moderate Relationship
15668058,0,1,1,2,Moderate Relationship
15597131,2,1,1,4,Sticky Customer
15697283,0,3,1,4,Sticky Customer
15640953,2,3,1,6,Sticky Customer
15715031,2,3,0,5,Sticky Customer
15589660,2,1,0,3,Moderate Relationship
15769818,2,1,0,3,Moderate Relationship
15782736,2,1,0,3,Moderate Relationship
15614818,2,1,0,3,Moderate Relationship
15794014,0,3,1,4,Sticky Customer
15732448,2,1,1,4,Sticky Customer
15723411,2,1,1,4,Sticky Customer
15797686,2,1,1,4,Sticky Customer
15605950,2,3,1,6,Sticky Customer
15812497,0,1,1,2,Moderate Relationship
15690678,2,1,1,4,Sticky Customer
15747677,2,1,1,4,Sticky Customer
15618926,2,3,1,6,Sticky Customer
15673908,2,1,1,4,Sticky Customer
15727944,2,1,1,4,Sticky Customer
15807294,2,3,1,6,Sticky Customer
15618581,2,3,1,6,Sticky Customer
15584364,0,1,1,2,Moderate Relationship
15599552,2,3,1,6,Sticky Customer
15749177,2,3,0,5,Sticky Customer
15718779,2,1,1,4,Sticky Customer
15568106,2,3,0,5,Sticky Customer
15779481,2,3,1,6,Sticky Customer
15709994,2,1,0,3,Moderate Relationship
15772777,2,3,1,6,Sticky Customer
15706815,2,1,1,4,Sticky Customer
15618018,2,3,0,5,Sticky Customer
15671032,2,3,1,6,Sticky Customer
15634281,0,1,0,1,At-Risk Customer
15766374,2,3,1,6,Sticky Customer
15600991,2,3,1,6,Sticky Customer
15777576,2,1,0,3,Moderate Relationship
15742613,0,3,1,4,Sticky Customer
15649523,0,3,1,4,Sticky Customer
15651063,0,3,1,4,Sticky Customer
15683124,0,1,0,1,At-Risk Customer
15618314,2,1,1,4,Sticky Customer
15670823,0,1,1,2,Moderate Relationship
15607133,2,3,1,6,Sticky Customer
15615012,0,1,1,2,Moderate Relationship
15725141,0,1,1,2,Moderate Relationship
15623560,2,1,1,4,Sticky Customer
15693018,2,1,1,4,Sticky Customer
15636756,0,3,1,4,Sticky Customer
15647474,2,3,1,6,Sticky Customer
15576714,2,3,1,6,Sticky Customer
15585047,0,1,0,1,At-Risk Customer
15743976,2,1,1,4,Sticky Customer
15793881,2,1,0,3,Moderate Relationship
15576517,2,3,1,6,Sticky Customer
15631072,2,3,0,5,Sticky Customer
15730394,0,3,0,3,Moderate Relationship
15631460,2,3,1,6,Sticky Customer
15692002,2,1,1,4,Sticky Customer
15595282,0,3,1,4,Sticky Customer
15789548,2,3,1,6,Sticky Customer
15758035,2,1,0,3,Moderate Relationship
15617518,2,1,1,4,Sticky Customer
15651802,0,3,1,4,Sticky Customer
15631813,2,3,1,6,Sticky Customer
15729668,0,1,1,2,Moderate Relationship
15741728,2,1,1,4,Sticky Customer
15576676,2,3,1,6,Sticky Customer
15711378,0,3,1,4,Sticky Customer
15765520,0,1,1,2,Moderate Relationship
15656726,2,1,1,4,Sticky Customer
15647842,0,1,1,2,Moderate Relationship
15719309,2,3,0,5,Sticky Customer
15748718,0,1,1,2,Moderate Relationship
15594404,0,3,1,4,Sticky Customer
15751158,0,0,1,1,At-Risk Customer
15593470,2,1,1,4,Sticky Customer
15695129,2,1,0,3,Moderate Relationship
15640865,2,3,1,6,Sticky Customer
15714080,0,3,1,4,Sticky Customer
15648721,2,3,1,6,Sticky Customer
15801466,0,3,1,4,Sticky Customer
15750248,0,1,1,2,Moderate Relationship
15758726,2,3,1,6,Sticky Customer
15781553,0,1,1,2,Moderate Relationship
15649121,0,1,1,2,Moderate Relationship
15674811,2,3,1,6,Sticky Customer
15646037,2,0,1,3,Moderate Relationship
15722578,2,1,1,4,Sticky Customer
15665695,2,3,1,6,Sticky Customer
15801062,2,3,0,5,Sticky Customer
15662955,0,3,1,4,Sticky Customer
15770309,2,1,0,3,Moderate Relationship
15657386,2,3,0,5,Sticky Customer
15777797,2,1,1,4,Sticky Customer
15783955,0,3,1,4,Sticky Customer
15804516,0,1,1,2,Moderate Relationship
15681758,0,3,1,4,Sticky Customer
15630321,0,3,1,4,Sticky Customer
15588248,2,3,1,6,Sticky Customer
15591932,0,1,1,2,Moderate Relationship
15810347,2,3,0,5,Sticky Customer
15595303,2,1,1,4,Sticky Customer
15634950,2,1,1,4,Sticky Customer
15685372,2,1,1,4,Sticky Customer
15745827,0,1,1,2,Moderate Relationship
15755868,0,1,0,1,At-Risk Customer
15735222,2,3,1,6,Sticky Customer
15604804,2,1,1,4,Sticky Customer
15718944,0,3,1,4,Sticky Customer
15678626,0,3,0,3,Moderate Relationship
15571550,0,1,1,2,Moderate Relationship
15723053,2,3,0,5,Sticky Customer
15661528,0,1,1,2,Moderate Relationship
15754177,0,3,0,3,Moderate Relationship
15683544,2,1,1,4,Sticky Customer
15708048,0,1,1,2,Moderate Relationship
15701109,2,1,1,4,Sticky Customer
15600110,0,1,1,2,Moderate Relationship
15651533,0,1,1,2,Moderate Relationship
15777904,2,3,1,6,Sticky Customer
15655574,0,1,1,2,Moderate Relationship
15569423,0,3,1,4,Sticky Customer
15718106,0,3,0,3,Moderate Relationship
15585067,2,1,1,4,Sticky Customer
15675501,2,1,1,4,Sticky Customer
15633233,0,1,1,2,Moderate Relationship
15667134,0,3,0,3,Moderate Relationship
15659105,0,1,1,2,Moderate Relationship
15575409,0,1,1,2,Moderate Relationship
15752342,0,0,1,1,At-Risk Customer
15654851,2,1,0,3,Moderate Relationship
15741429,2,3,1,6,Sticky Customer
15682356,0,3,1,4,Sticky Customer
15806447,2,3,1,6,Sticky Customer
15800229,2,1,0,3,Moderate Relationship
15663441,0,1,1,2,Moderate Relationship
15791991,2,1,0,3,Moderate Relationship
15775082,2,3,0,5,Sticky Customer
15579706,0,1,1,2,Moderate Relationship
15718247,2,3,1,6,Sticky Customer
15755722,0,1,0,1,At-Risk Customer
15582259,2,3,1,6,Sticky Customer
15716994,0,1,1,2,Moderate Relationship
15586880,2,3,1,6,Sticky Customer
15713854,0,3,1,4,Sticky Customer
15780835,2,1,1,4,Sticky Customer
15675896,2,1,1,4,Sticky Customer
15658459,0,3,1,4,Sticky Customer
15658057,0,0,1,1,At-Risk Customer
15801767,0,3,1,4,Sticky Customer
15569178,0,1,1,2,Moderate Relationship
15731478,0,1,0,1,At-Risk Customer
15811236,2,1,1,4,Sticky Customer
15746749,2,3,1,6,Sticky Customer
15662758,0,1,1,2,Moderate Relationship
15709387,2,1,1,4,Sticky Customer
15572093,0,1,1,2,Moderate Relationship
15713826,0,1,0,1,At-Risk Customer
15570205,2,3,1,6,Sticky Customer
15589348,2,1,1,4,Sticky Customer
15804610,2,3,0,5,Sticky Customer
15700854,0,1,1,2,Moderate Relationship
15758836,2,3,0,5,Sticky Customer
15772933,2,1,1,4,Sticky Customer
15809006,0,3,0,3,Moderate Relationship
15689612,2,1,0,3,Moderate Relationship
15744614,2,1,1,4,Sticky Customer
15704250,0,3,0,3,Moderate Relationship
15700255,0,3,0,3,Moderate Relationship
15669410,0,3,0,3,Moderate Relationship
15807595,0,3,1,4,Sticky Customer
15664523,0,3,1,4,Sticky Customer
15642833,0,3,1,4,Sticky Customer
15605279,2,0,1,3,Moderate Relationship
15713644,0,3,1,4,Sticky Customer
15750466,0,1,1,2,Moderate Relationship
15739054,2,1,0,3,Moderate Relationship
15612771,2,1,1,4,Sticky Customer
15788483,0,1,1,2,Moderate Relationship
15732832,0,3,1,4,Sticky Customer
15772892,0,1,0,1,At-Risk Customer
15713843,2,3,0,5,Sticky Customer
15567993,0,1,1,2,Moderate Relationship
15617603,2,3,1,6,Sticky Customer
15744983,2,1,1,4,Sticky Customer
15630419,0,1,1,2,Moderate Relationship
15738828,0,1,0,1,At-Risk Customer
15778025,2,3,0,5,Sticky Customer
15799479,2,1,1,4,Sticky Customer
15684269,0,1,1,2,Moderate Relationship
15762745,0,1,1,2,Moderate Relationship
15746970,2,3,1,6,Sticky Customer
15725024,2,3,0,5,Sticky Customer
15592116,0,3,1,4,Sticky Customer
15624391,2,1,1,4,Sticky Customer
15567422,0,3,1,4,Sticky Customer
15612627,0,3,1,4,Sticky Customer
15574879,2,3,0,5,Sticky Customer
15745107,2,1,0,3,Moderate Relationship
15734491,2,3,1,6,Sticky Customer
15675320,0,3,0,3,Moderate Relationship
15643824,2,3,0,5,Sticky Customer
15643438,0,3,1,4,Sticky Customer
15721730,0,3,1,4,Sticky Customer
15680727,0,1,1,2,Moderate Relationship
15752508,2,3,1,6,Sticky Customer
15808846,2,3,1,6,Sticky Customer
15727251,0,1,0,1,At-Risk Customer
15663489,0,1,1,2,Moderate Relationship
15683677,2,1,1,4,Sticky Customer
15596414,0,1,1,2,Moderate Relationship
15730639,0,3,1,4,Sticky Customer
15672132,0,1,0,1,At-Risk Customer
15742638,2,3,0,5,Sticky Customer
15578603,0,1,0,1,At-Risk Customer
15726088,2,1,1,4,Sticky Customer
15682533,2,1,0,3,Moderate Relationship
15772995,0,1,1,2,Moderate Relationship
15765694,2,1,0,3,Moderate Relationship
15659486,0,1,1,2,Moderate Relationship
15568963,0,1,1,2,Moderate Relationship
15703820,0,3,1,4,Sticky Customer
15569410,2,3,1,6,Sticky Customer
15632256,0,1,0,1,At-Risk Customer
15724466,0,1,1,2,Moderate Relationship
15777639,0,3,0,3,Moderate Relationship
15802501,0,3,1,4,Sticky Customer
15778410,2,1,0,3,Moderate Relationship
15670702,2,3,0,5,Sticky Customer
15704763,2,1,1,4,Sticky Customer
15645544,0,1,1,2,Moderate Relationship
15757646,0,3,1,4,Sticky Customer
15701121,2,1,0,3,Moderate Relationship
15796313,0,3,1,4,Sticky Customer
15815660,2,1,1,4,Sticky Customer
15602844,0,1,0,1,At-Risk Customer
15636238,2,3,1,6,Sticky Customer
15770101,2,3,1,6,Sticky Customer
15645543,2,3,1,6,Sticky Customer
15596397,2,3,1,6,Sticky Customer
15770525,0,3,0,3,Moderate Relationship
15684267,2,3,1,6,Sticky Customer
15689980,0,1,0,1,At-Risk Customer
15633260,2,1,0,3,Moderate Relationship
15756471,2,3,1,6,Sticky Customer
15721303,0,1,0,1,At-Risk Customer
15802256,0,3,1,4,Sticky Customer
15725664,0,1,0,1,At-Risk Customer
15674851,0,3,0,3,Moderate Relationship
15701946,0,1,0,1,At-Risk Customer
15748947,2,1,1,4,Sticky Customer
15673342,0,3,1,4,Sticky Customer
15601008,0,3,1,4,Sticky Customer
15771636,0,1,0,1,At-Risk Customer
15642002,0,3,0,3,Moderate Relationship
15693381,2,3,0,5,Sticky Customer
15607691,2,1,1,4,Sticky Customer
15589380,2,3,1,6,Sticky Customer
15603846,0,3,1,4,Sticky Customer
15753549,0,1,0,1,At-Risk Customer
15725355,2,1,0,3,Moderate Relationship
15773017,2,3,1,6,Sticky Customer
15625641,2,3,1,6,Sticky Customer
15776467,0,3,1,4,Sticky Customer
15746451,2,1,0,3,Moderate Relationship
15777922,2,3,1,6,Sticky Customer
15606841,0,3,1,4,Sticky Customer
15757648,2,1,0,3,Moderate Relationship
15677173,0,1,1,2,Moderate Relationship
15764170,0,1,1,2,Moderate Relationship
15610446,0,0,0,0,At-Risk Customer
15612776,2,3,1,6,Sticky Customer
15794122,2,3,1,6,Sticky Customer
15774931,2,1,1,4,Sticky Customer
15779247,0,1,1,2,Moderate Relationship
15707078,0,1,0,1,At-Risk Customer
15605263,2,1,0,3,Moderate Relationship
15607381,0,3,1,4,Sticky Customer
15683471,0,3,0,3,Moderate Relationship
15605037,2,1,0,3,Moderate Relationship
15576085,0,3,0,3,Moderate Relationship
15770435,2,3,1,6,Sticky Customer
15592994,2,3,1,6,Sticky Customer
15624068,2,3,0,5,Sticky Customer
15595221,0,1,1,2,Moderate Relationship
15637131,0,3,1,4,Sticky Customer
15613471,2,3,1,6,Sticky Customer
15583499,2,1,1,4,Sticky Customer
15752816,0,1,0,1,At-Risk Customer
15804075,0,1,1,2,Moderate Relationship
15800517,2,3,1,6,Sticky Customer
15712319,2,3,0,5,Sticky Customer
15797389,2,1,1,4,Sticky Customer
15621432,0,3,0,3,Moderate Relationship
15779390,2,1,1,4,Sticky Customer
15711219,2,1,1,4,Sticky Customer
15770498,2,1,1,4,Sticky Customer
15678727,0,1,1,2,Moderate Relationship
15573893,2,3,1,6,Sticky Customer
15740104,2,3,0,5,Sticky Customer
15792649,0,3,0,3,Moderate Relationship
15605275,0,1,0,1,At-Risk Customer
15572467,2,3,1,6,Sticky Customer
15738219,2,3,1,6,Sticky Customer
15600710,0,1,1,2,Moderate Relationship
15804394,0,1,1,2,Moderate Relationship
15694188,2,3,0,5,Sticky Customer
15583718,2,1,1,4,Sticky Customer
15802478,2,3,1,6,Sticky Customer
15619343,0,3,1,4,Sticky Customer
15758813,0,3,0,3,Moderate Relationship
15761374,2,1,1,4,Sticky Customer
15569209,2,1,1,4,Sticky Customer
15788539,0,1,1,2,Moderate Relationship
15747222,2,3,1,6,Sticky Customer
15769346,0,3,1,4,Sticky Customer
15699634,2,3,1,6,Sticky Customer
15589076,2,1,0,3,Moderate Relationship
15812338,0,1,1,2,Moderate Relationship
15758845,2,1,0,3,Moderate Relationship
15685844,2,1,0,3,Moderate Relationship
15583090,0,3,1,4,Sticky Customer
15587581,2,3,1,6,Sticky Customer
15633640,2,1,1,4,Sticky Customer
15573741,2,1,1,4,Sticky Customer
15633574,0,1,1,2,Moderate Relationship
15711455,0,1,0,1,At-Risk Customer
15570601,2,1,1,4,Sticky Customer
15690925,0,1,1,2,Moderate Relationship
15709338,2,1,1,4,Sticky Customer
15780746,2,3,1,6,Sticky Customer
15681956,2,3,1,6,Sticky Customer
15778190,2,1,1,4,Sticky Customer
15786852,2,3,1,6,Sticky Customer
15726494,0,1,1,2,Moderate Relationship
15641183,0,1,1,2,Moderate Relationship
15805312,2,1,0,3,Moderate Relationship
15636572,2,3,1,6,Sticky Customer
15632575,2,1,1,4,Sticky Customer
15740164,2,1,1,4,Sticky Customer
15574947,2,3,0,5,Sticky Customer
15597909,0,1,1,2,Moderate Relationship
15782574,0,3,0,3,Moderate Relationship
15734999,0,1,1,2,Moderate Relationship
15706593,2,3,1,6,Sticky Customer
15766686,0,1,1,2,Moderate Relationship
15590268,2,1,1,4,Sticky Customer
15763055,2,1,0,3,Moderate Relationship
15664754,2,0,0,2,Moderate Relationship
15643630,0,3,1,4,Sticky Customer
15641043,2,3,1,6,Sticky Customer
15768095,2,1,0,3,Moderate Relationship
15811314,0,3,1,4,Sticky Customer
15669922,2,3,1,6,Sticky Customer
15707114,2,3,0,5,Sticky Customer
15670602,2,1,0,3,Moderate Relationship
15713479,0,3,1,4,Sticky Customer
15663830,2,3,1,6,Sticky Customer
15566958,2,1,1,4,Sticky Customer
15680918,0,1,1,2,Moderate Relationship
15663921,2,3,1,6,Sticky Customer
15716324,2,1,1,4,Sticky Customer
15796969,2,3,1,6,Sticky Customer
15574783,2,3,1,6,Sticky Customer
15773487,0,1,0,1,At-Risk Customer
15802486,2,3,1,6,Sticky Customer
15783398,0,1,1,2,Moderate Relationship
15649418,2,3,1,6,Sticky Customer
15604588,2,3,0,5,Sticky Customer
15735428,0,3,0,3,Moderate Relationship
15629078,2,1,1,4,Sticky Customer
15806880,2,1,1,4,Sticky Customer
15754999,2,1,1,4,Sticky Customer
15781034,2,3,0,5,Sticky Customer
15622017,2,1,1,4,Sticky Customer
15705885,2,3,1,6,Sticky Customer
15677382,2,1,1,4,Sticky Customer
15566843,2,1,1,4,Sticky Customer
15608387,0,3,1,4,Sticky Customer
15810786,2,3,1,6,Sticky Customer
15626983,2,3,1,6,Sticky Customer
15773605,0,3,1,4,Sticky Customer
15811261,2,1,1,4,Sticky Customer
15590606,0,3,1,4,Sticky Customer
15576644,0,1,1,2,Moderate Relationship
15750264,2,3,1,6,Sticky Customer
15741554,2,1,1,4,Sticky Customer
15769051,2,1,0,3,Moderate Relationship
15812198,0,1,0,1,At-Risk Customer
15699772,0,3,1,4,Sticky Customer
15744105,2,3,0,5,Sticky Customer
15739858,2,1,1,4,Sticky Customer
15723720,2,3,0,5,Sticky Customer
15638355,0,1,0,1,At-Risk Customer
15805637,0,0,1,1,At-Risk Customer
15629575,0,1,1,2,Moderate Relationship
15586243,2,1,1,4,Sticky Customer
15757931,0,3,1,4,Sticky Customer
15716023,2,3,0,5,Sticky Customer
15647782,0,3,1,4,Sticky Customer
15716609,0,1,0,1,At-Risk Customer
15623791,0,1,1,2,Moderate Relationship
15627262,0,3,1,4,Sticky Customer
15652693,0,1,0,1,At-Risk Customer
15586993,2,3,1,6,Sticky Customer
15815560,2,1,1,4,Sticky Customer
15584930,0,3,1,4,Sticky Customer
15799031,0,3,1,4,Sticky Customer
15810457,0,3,1,4,Sticky Customer
15697879,0,3,1,4,Sticky Customer
15594902,2,1,0,3,Moderate Relationship
15799710,2,1,0,3,Moderate Relationship
15659651,0,1,1,2,Moderate Relationship
15645956,0,1,1,2,Moderate Relationship
15651713,0,1,1,2,Moderate Relationship
15737265,0,1,0,1,At-Risk Customer
15687310,0,3,1,4,Sticky Customer
15607347,0,1,0,1,At-Risk Customer
15698321,2,3,1,6,Sticky Customer
15657812,2,3,1,6,Sticky Customer
15569187,0,3,0,3,Moderate Relationship
15681562,2,3,1,6,Sticky Customer
15615456,0,1,1,2,Moderate Relationship
15589793,0,1,1,2,Moderate Relationship
15781884,2,3,0,5,Sticky Customer
15675190,2,3,0,5,Sticky Customer
15600734,2,3,1,6,Sticky Customer
15779176,2,0,0,2,Moderate Relationship
15605286,2,3,1,6,Sticky Customer
15674922,2,1,1,4,Sticky Customer
15737506,0,1,0,1,At-Risk Customer
15780514,0,1,1,2,Moderate Relationship
15623647,0,1,1,2,Moderate Relationship
15668472,0,3,0,3,Moderate Relationship
15692416,0,0,1,1,At-Risk Customer
15771139,0,3,1,4,Sticky Customer
15738318,0,1,1,2,Moderate Relationship
15772243,0,1,0,1,At-Risk Customer
15638463,2,1,1,4,Sticky Customer
15598088,2,3,1,6,Sticky Customer
15693468,0,1,0,1,At-Risk Customer
15671930,2,3,1,6,Sticky Customer
15762268,0,1,1,2,Moderate Relationship
15780954,0,3,1,4,Sticky Customer
15700174,0,1,0,1,At-Risk Customer
15635728,0,3,0,3,Moderate Relationship
15679283,0,3,1,4,Sticky Customer
15591386,0,3,1,4,Sticky Customer
15694192,0,3,0,3,Moderate Relationship
15585901,0,0,0,0,At-Risk Customer
15792329,0,3,1,4,Sticky Customer
15635597,2,3,1,6,Sticky Customer
15775880,2,3,1,6,Sticky Customer
15630913,2,1,0,3,Moderate Relationship
15756680,0,1,1,2,Moderate Relationship
15587913,0,3,1,4,Sticky Customer
15737605,2,3,1,6,Sticky Customer
15627876,0,1,1,2,Moderate Relationship
15772601,0,3,0,3,Moderate Relationship
15758606,2,1,0,3,Moderate Relationship
15657107,0,1,1,2,Moderate Relationship
15622454,2,1,1,4,Sticky Customer
15775803,2,3,0,5,Sticky Customer
15570859,2,3,1,6,Sticky Customer
15748381,2,3,1,6,Sticky Customer
15787189,0,0,0,0,At-Risk Customer
15666055,0,1,1,2,Moderate Relationship
15617648,2,3,1,6,Sticky Customer
15755678,0,3,0,3,Moderate Relationship
15624781,2,3,1,6,Sticky Customer
15779497,2,1,1,4,Sticky Customer
15567399,2,1,1,4,Sticky Customer
15613656,2,1,1,4,Sticky Customer
15734311,2,3,1,6,Sticky Customer
15657214,2,3,0,5,Sticky Customer
15799350,2,1,0,3,Moderate Relationship
15729970,2,1,0,3,Moderate Relationship
15725835,2,3,0,5,Sticky Customer
15745543,0,3,1,4,Sticky Customer
15727384,2,1,0,3,Moderate Relationship
15666916,0,3,1,4,Sticky Customer
15732917,0,1,1,2,Moderate Relationship
15612050,2,1,1,4,Sticky Customer
15726267,2,3,0,5,Sticky Customer
15780124,2,1,0,3,Moderate Relationship
15742238,0,3,1,4,Sticky Customer
15679024,0,1,1,2,Moderate Relationship
15715297,2,1,1,4,Sticky Customer
15633612,2,1,1,4,Sticky Customer
15602929,0,1,0,1,At-Risk Customer
15696703,0,3,1,4,Sticky Customer
15756668,2,1,1,4,Sticky Customer
15565779,0,1,1,2,Moderate Relationship
15795519,0,1,0,1,At-Risk Customer
15761477,0,3,1,4,Sticky Customer
15731890,2,1,0,3,Moderate Relationship
15633043,0,1,0,1,At-Risk Customer
15752953,0,3,0,3,Moderate Relationship
15603088,2,3,0,5,Sticky Customer
15606613,0,1,1,2,Moderate Relationship
15635939,0,3,1,4,Sticky Customer
15666043,2,3,1,6,Sticky Customer
15746190,2,3,0,5,Sticky Customer
15591357,2,1,1,4,Sticky Customer
15658716,0,0,1,1,At-Risk Customer
15679909,0,3,1,4,Sticky Customer
15634262,2,3,1,6,Sticky Customer
15799825,2,3,1,6,Sticky Customer
15756875,2,1,0,3,Moderate Relationship
15678146,0,1,0,1,At-Risk Customer
15710743,2,1,1,4,Sticky Customer
15595831,2,1,1,4,Sticky Customer
15626684,2,1,0,3,Moderate Relationship
15709846,0,1,1,2,Moderate Relationship
15635459,0,3,1,4,Sticky Customer
15642544,2,3,0,5,Sticky Customer
15566494,0,3,1,4,Sticky Customer
15655238,0,3,0,3,Moderate Relationship
15733429,2,3,1,6,Sticky Customer
15814536,0,3,0,3,Moderate Relationship
15771702,0,3,1,4,Sticky Customer
15723008,2,3,1,6,Sticky Customer
15797160,2,1,1,4,Sticky Customer
15792222,0,3,0,3,Moderate Relationship
15644765,2,1,0,3,Moderate Relationship
15610686,0,1,0,1,At-Risk Customer
15730868,2,3,1,6,Sticky Customer
15705991,0,1,0,1,At-Risk Customer
15577078,2,1,1,4,Sticky Customer
15679550,0,3,1,4,Sticky Customer
15787655,0,3,1,4,Sticky Customer
15668081,2,3,1,6,Sticky Customer
15747980,0,3,1,4,Sticky Customer
15710295,0,3,1,4,Sticky Customer
15724443,2,1,0,3,Moderate Relationship
15571305,0,1,1,2,Moderate Relationship
15569503,2,3,1,6,Sticky Customer
15581840,0,3,1,4,Sticky Customer
15772262,2,1,1,4,Sticky Customer
15767794,2,1,1,4,Sticky Customer
15629338,0,1,1,2,Moderate Relationship
15790379,2,1,1,4,Sticky Customer
15750684,0,1,1,2,Moderate Relationship
15697214,2,3,1,6,Sticky Customer
15711015,2,3,1,6,Sticky Customer
15573309,2,3,1,6,Sticky Customer
15805303,0,1,1,2,Moderate Relationship
15741385,2,1,1,4,Sticky Customer
15780254,0,1,0,1,At-Risk Customer
15744843,0,1,0,1,At-Risk Customer
15815626,2,3,1,6,Sticky Customer
15784736,0,1,1,2,Moderate Relationship
15813412,0,1,1,2,Moderate Relationship
15809143,2,1,1,4,Sticky Customer
15617617,2,3,1,6,Sticky Customer
15779738,2,1,1,4,Sticky Customer
15668669,0,1,1,2,Moderate Relationship
15687477,0,1,1,2,Moderate Relationship
15578908,2,3,1,6,Sticky Customer
15687658,0,3,1,4,Sticky Customer
15615020,2,3,0,5,Sticky Customer
15608886,0,3,0,3,Moderate Relationship
15602551,0,3,1,4,Sticky Customer
15672945,0,1,1,2,Moderate Relationship
15757408,2,0,0,2,Moderate Relationship
15806132,2,1,1,4,Sticky Customer
15813022,0,3,0,3,Moderate Relationship
15673578,0,3,1,4,Sticky Customer
15757916,2,3,1,6,Sticky Customer
15689168,2,3,0,5,Sticky Customer
15769216,0,1,1,2,Moderate Relationship
15593295,2,1,1,4,Sticky Customer
15804814,0,3,1,4,Sticky Customer
15778934,2,3,0,5,Sticky Customer
15802351,2,3,1,6,Sticky Customer
15630241,2,1,1,4,Sticky Customer
15719561,0,0,0,0,At-Risk Customer
15615096,2,3,1,6,Sticky Customer
15659931,0,1,1,2,Moderate Relationship
15714586,2,1,0,3,Moderate Relationship
15634949,2,3,1,6,Sticky Customer
15589224,2,3,0,5,Sticky Customer
15795990,2,1,1,4,Sticky Customer
15603216,0,3,1,4,Sticky Customer
15631201,0,3,1,4,Sticky Customer
15686255,0,1,0,1,At-Risk Customer
15746594,0,1,1,2,Moderate Relationship
15718893,0,1,1,2,Moderate Relationship
15671609,0,3,1,4,Sticky Customer
15652540,2,3,0,5,Sticky Customer
15774857,0,3,1,4,Sticky Customer
15791836,0,3,1,4,Sticky Customer
15651554,2,1,1,4,Sticky Customer
15583576,2,1,0,3,Moderate Relationship
15732740,0,1,0,1,At-Risk Customer
15723320,0,3,1,4,Sticky Customer
15603851,0,0,0,0,At-Risk Customer
15777923,2,3,0,5,Sticky Customer
15735719,2,3,1,6,Sticky Customer
15703482,0,3,1,4,Sticky Customer
15605835,2,3,0,5,Sticky Customer
15664881,0,1,1,2,Moderate Relationship
15757568,2,1,1,4,Sticky Customer
15792660,0,1,1,2,Moderate Relationship
15599722,2,3,1,6,Sticky Customer
15726354,0,1,1,2,Moderate Relationship
15610355,0,1,1,2,Moderate Relationship
15704284,0,1,1,2,Moderate Relationship
15621893,2,1,1,4,Sticky Customer
15588219,0,3,1,4,Sticky Customer
15688619,2,3,1,6,Sticky Customer
15765518,0,1,1,2,Moderate Relationship
15616931,0,1,1,2,Moderate Relationship
15758372,2,3,1,6,Sticky Customer
15782591,0,1,1,2,Moderate Relationship
15612109,2,3,1,6,Sticky Customer
15613712,0,3,1,4,Sticky Customer
15639322,0,3,1,4,Sticky Customer
15594349,2,1,0,3,Moderate Relationship
15574167,2,1,1,4,Sticky Customer
15811842,2,3,1,6,Sticky Customer
15648794,0,1,1,2,Moderate Relationship
15771211,2,1,0,3,Moderate Relationship
15588614,0,1,1,2,Moderate Relationship
15630698,2,1,0,3,Moderate Relationship
15694200,0,1,0,1,At-Risk Customer
15721426,0,0,0,0,At-Risk Customer
15725997,0,1,1,2,Moderate Relationship
15762138,0,3,1,4,Sticky Customer
15750649,2,3,1,6,Sticky Customer
15685706,2,1,1,4,Sticky Customer
15641835,2,1,0,3,Moderate Relationship
15586821,2,3,0,5,Sticky Customer
15569678,0,1,1,2,Moderate Relationship
15793842,0,1,1,2,Moderate Relationship
15667554,2,3,1,6,Sticky Customer
15794479,2,1,1,4,Sticky Customer
15585041,2,3,0,5,Sticky Customer
15780650,2,1,1,4,Sticky Customer
15780846,2,3,0,5,Sticky Customer
15805260,0,1,1,2,Moderate Relationship
15621629,2,3,1,6,Sticky Customer
15662151,2,1,0,3,Moderate Relationship
15747174,2,3,1,6,Sticky Customer
15651585,2,1,1,4,Sticky Customer
15649738,2,3,1,6,Sticky Customer
15633108,0,1,1,2,Moderate Relationship
15769254,0,3,0,3,Moderate Relationship
15704746,2,3,1,6,Sticky Customer
15637644,2,3,0,5,Sticky Customer
15609562,0,1,1,2,Moderate Relationship
15787459,0,1,0,1,At-Risk Customer
15762902,2,3,0,5,Sticky Customer
15738605,2,1,1,4,Sticky Customer
15724889,2,1,0,3,Moderate Relationship
15730735,2,3,1,6,Sticky Customer
15689147,0,3,1,4,Sticky Customer
15730397,2,1,1,4,Sticky Customer
15762169,0,3,1,4,Sticky Customer
15589320,2,1,1,4,Sticky Customer
15799211,2,1,1,4,Sticky Customer
15798310,2,1,1,4,Sticky Customer
15609998,0,1,1,2,Moderate Relationship
15583548,0,1,1,2,Moderate Relationship
15761763,0,1,1,2,Moderate Relationship
15764409,2,1,1,4,Sticky Customer
15710161,2,3,1,6,Sticky Customer
15735246,0,3,0,3,Moderate Relationship
15791700,2,0,1,3,Moderate Relationship
15670753,2,1,1,4,Sticky Customer
15573876,0,3,1,4,Sticky Customer
15770174,0,1,1,2,Moderate Relationship
15641114,2,1,1,4,Sticky Customer
15682435,0,3,1,4,Sticky Customer
15751788,2,1,1,4,Sticky Customer
15672598,2,1,1,4,Sticky Customer
15762803,0,3,1,4,Sticky Customer
15812982,0,1,0,1,At-Risk Customer
15597901,2,1,1,4,Sticky Customer
15731507,0,1,0,1,At-Risk Customer
15809826,0,1,1,2,Moderate Relationship
15764237,0,3,0,3,Moderate Relationship
15769917,2,0,0,2,Moderate Relationship
15641850,0,1,1,2,Moderate Relationship
15770974,0,3,0,3,Moderate Relationship
15803749,2,3,1,6,Sticky Customer
15684999,2,3,0,5,Sticky Customer
15770225,2,3,1,6,Sticky Customer
15627484,0,1,1,2,Moderate Relationship
15610337,0,1,1,2,Moderate Relationship
15752488,2,1,1,4,Sticky Customer
15610056,2,3,0,5,Sticky Customer
15806049,0,1,1,2,Moderate Relationship
15736069,0,1,1,2,Moderate Relationship
15763662,2,3,1,6,Sticky Customer
15615575,2,3,1,6,Sticky Customer
15691723,0,1,1,2,Moderate Relationship
15774098,2,3,0,5,Sticky Customer
15750808,2,3,1,6,Sticky Customer
15744368,2,1,1,4,Sticky Customer
15610594,0,3,1,4,Sticky Customer
15756125,0,3,1,4,Sticky Customer
15623277,2,3,1,6,Sticky Customer
15795954,0,1,1,2,Moderate Relationship
15671969,0,3,1,4,Sticky Customer
15791268,0,1,0,1,At-Risk Customer
15713655,2,3,1,6,Sticky Customer
15633930,0,3,1,4,Sticky Customer
15712849,0,1,0,1,At-Risk Customer
15639077,0,0,1,1,At-Risk Customer
15808784,2,3,1,6,Sticky Customer
15648577,2,1,1,4,Sticky Customer
15670345,0,1,0,1,At-Risk Customer
15633112,0,3,1,4,Sticky Customer
15714397,2,3,1,6,Sticky Customer
15780038,0,1,1,2,Moderate Relationship
15756305,2,3,1,6,Sticky Customer
15578799,2,1,1,4,Sticky Customer
15800326,0,3,1,4,Sticky Customer
15785485,2,1,0,3,Moderate Relationship
15783958,0,3,0,3,Moderate Relationship
15727546,2,3,1,6,Sticky Customer
15739576,2,3,1,6,Sticky Customer
15631333,0,1,1,2,Moderate Relationship
15604782,2,1,0,3,Moderate Relationship
15589643,2,1,1,4,Sticky Customer
15585533,2,1,0,3,Moderate Relationship
15681506,2,3,1,6,Sticky Customer
15630551,2,1,1,4,Sticky Customer
15698349,2,3,1,6,Sticky Customer
15776631,2,1,0,3,Moderate Relationship
15762216,0,3,1,4,Sticky Customer
15623927,2,3,1,6,Sticky Customer
15681402,2,1,1,4,Sticky Customer
15586264,0,1,1,2,Moderate Relationship
15594685,0,3,0,3,Moderate Relationship
15812945,2,1,1,4,Sticky Customer
15734628,0,3,1,4,Sticky Customer
15629323,0,3,1,4,Sticky Customer
15666823,0,3,1,4,Sticky Customer
15777553,0,1,1,2,Moderate Relationship
15613097,2,3,0,5,Sticky Customer
15622217,0,3,0,3,Moderate Relationship
15703588,0,3,1,4,Sticky Customer
15570835,2,1,1,4,Sticky Customer
15679299,2,1,0,3,Moderate Relationship
15808044,0,0,1,1,At-Risk Customer
15579208,2,3,1,6,Sticky Customer
15684951,0,3,1,4,Sticky Customer
15667620,0,3,1,4,Sticky Customer
15582960,2,1,0,3,Moderate Relationship
15590730,0,3,1,4,Sticky Customer
15763747,2,3,1,6,Sticky Customer
15778320,0,1,0,1,At-Risk Customer
15642787,0,1,0,1,At-Risk Customer
15624633,2,1,1,4,Sticky Customer
15766765,0,1,1,2,Moderate Relationship
15783615,2,0,1,3,Moderate Relationship
15640161,0,3,0,3,Moderate Relationship
15619889,0,1,1,2,Moderate Relationship
15579166,2,1,1,4,Sticky Customer
15789097,2,3,0,5,Sticky Customer
15674880,0,3,1,4,Sticky Customer
15778157,0,3,1,4,Sticky Customer
15779064,2,3,1,6,Sticky Customer
15801265,0,1,1,2,Moderate Relationship
15589204,0,1,1,2,Moderate Relationship
15664543,2,1,0,3,Moderate Relationship
15582714,2,1,0,3,Moderate Relationship
15797595,2,1,1,4,Sticky Customer
15614034,2,3,1,6,Sticky Customer
15763171,2,1,1,4,Sticky Customer
15647266,0,1,1,2,Moderate Relationship
15757577,2,3,1,6,Sticky Customer
15736656,2,3,0,5,Sticky Customer
15635078,2,1,0,3,Moderate Relationship
15680141,2,1,1,4,Sticky Customer
15576945,0,1,1,2,Moderate Relationship
15602034,0,1,1,2,Moderate Relationship
15732020,2,3,0,5,Sticky Customer
15611029,0,1,1,2,Moderate Relationship
15621210,2,1,1,4,Sticky Customer
15569222,2,1,1,4,Sticky Customer
15664639,0,1,0,1,At-Risk Customer
15724223,0,1,0,1,At-Risk Customer
15644621,0,3,1,4,Sticky Customer
15756056,0,3,1,4,Sticky Customer
15700353,0,3,1,4,Sticky Customer
15624388,2,1,1,4,Sticky Customer
15627212,2,1,1,4,Sticky Customer
15648005,2,3,1,6,Sticky Customer
15681446,2,1,1,4,Sticky Customer
15775888,2,1,1,4,Sticky Customer
15749019,2,3,1,6,Sticky Customer
15709928,0,3,1,4,Sticky Customer
15784676,0,3,1,4,Sticky Customer
15748116,2,1,1,4,Sticky Customer
15612193,0,3,1,4,Sticky Customer
15762984,0,3,0,3,Moderate Relationship
15613713,2,1,1,4,Sticky Customer
15664204,2,3,1,6,Sticky Customer
15639415,0,1,1,2,Moderate Relationship
15806332,2,3,1,6,Sticky Customer
15614929,0,3,1,4,Sticky Customer
15695492,0,1,1,2,Moderate Relationship
15635972,0,3,1,4,Sticky Customer
15616380,0,3,0,3,Moderate Relationship
15581440,2,3,1,6,Sticky Customer
15654390,0,1,1,2,Moderate Relationship
15660688,0,3,0,3,Moderate Relationship
15806307,2,3,1,6,Sticky Customer
15647975,0,1,0,1,At-Risk Customer
15595728,0,1,0,1,At-Risk Customer
15735388,0,3,1,4,Sticky Customer
15788535,0,1,1,2,Moderate Relationship
15765902,2,3,1,6,Sticky Customer
15642345,0,1,1,2,Moderate Relationship
15641250,0,1,1,2,Moderate Relationship
15706163,0,1,0,1,At-Risk Customer
15746708,0,1,1,2,Moderate Relationship
15775203,0,1,0,1,At-Risk Customer
15787907,0,0,1,1,At-Risk Customer
15646764,0,3,1,4,Sticky Customer
15678284,0,0,1,1,At-Risk Customer
15726791,2,1,1,4,Sticky Customer
15813144,0,3,1,4,Sticky Customer
15669342,0,3,1,4,Sticky Customer
15710366,2,1,1,4,Sticky Customer
15614934,0,1,1,2,Moderate Relationship
15588701,0,3,1,4,Sticky Customer
15665438,2,1,0,3,Moderate Relationship
15644896,2,1,1,4,Sticky Customer
15670205,0,1,1,2,Moderate Relationship
15635776,2,3,1,6,Sticky Customer
15791053,2,1,1,4,Sticky Customer
15644005,2,3,0,5,Sticky Customer
15796343,0,3,0,3,Moderate Relationship
15751057,0,1,0,1,At-Risk Customer
15623430,0,3,1,4,Sticky Customer
15682600,0,1,1,2,Moderate Relationship
15769312,2,3,1,6,Sticky Customer
15708212,0,1,1,2,Moderate Relationship
15650258,0,1,1,2,Moderate Relationship
15604345,2,1,1,4,Sticky Customer
15578297,0,1,1,2,Moderate Relationship
15671789,0,3,1,4,Sticky Customer
15726186,0,3,1,4,Sticky Customer
15764618,2,1,1,4,Sticky Customer
15730738,2,3,1,6,Sticky Customer
15637650,2,3,0,5,Sticky Customer
15606267,2,1,1,4,Sticky Customer
15625904,0,3,0,3,Moderate Relationship
15654463,0,3,1,4,Sticky Customer
15774151,0,1,0,1,At-Risk Customer
15693259,2,1,1,4,Sticky Customer
15642468,0,3,0,3,Moderate Relationship
15758531,0,3,1,4,Sticky Customer
15728352,0,1,0,1,At-Risk Customer
15637240,0,3,1,4,Sticky Customer
15595588,2,3,0,5,Sticky Customer
15778395,0,3,1,4,Sticky Customer
15711825,0,3,1,4,Sticky Customer
15599251,0,3,1,4,Sticky Customer
15570004,0,3,1,4,Sticky Customer
15656912,2,1,1,4,Sticky Customer
15657342,0,1,1,2,Moderate Relationship
15716284,2,3,1,6,Sticky Customer
15672374,0,1,0,1,At-Risk Customer
15732476,2,3,0,5,Sticky Customer
15747724,0,1,1,2,Moderate Relationship
15633877,2,1,1,4,Sticky Customer
15672516,0,3,1,4,Sticky Customer
15607827,2,3,1,6,Sticky Customer
15751336,2,3,0,5,Sticky Customer
15646539,0,1,1,2,Moderate Relationship
15756901,2,3,0,5,Sticky Customer
15809286,0,3,0,3,Moderate Relationship
15759021,0,1,1,2,Moderate Relationship
15725039,2,1,1,4,Sticky Customer
15579130,0,1,1,2,Moderate Relationship
15754112,2,3,1,6,Sticky Customer
15735522,0,3,0,3,Moderate Relationship
15613326,0,1,1,2,Moderate Relationship
15739502,2,3,1,6,Sticky Customer
15670914,0,3,1,4,Sticky Customer
15604073,2,1,1,4,Sticky Customer
15806027,0,1,1,2,Moderate Relationship
15574886,2,1,1,4,Sticky Customer
15707120,0,1,1,2,Moderate Relationship
15800845,2,1,1,4,Sticky Customer
15603914,2,1,1,4,Sticky Customer
15722765,2,1,0,3,Moderate Relationship
15783305,0,1,1,2,Moderate Relationship
15574842,2,0,1,3,Moderate Relationship
15607837,2,1,1,4,Sticky Customer
15714877,0,3,1,4,Sticky Customer
15782941,2,3,1,6,Sticky Customer
15630167,2,1,1,4,Sticky Customer
15759038,0,1,1,2,Moderate Relationship
15661821,2,1,1,4,Sticky Customer
15728006,0,1,1,2,Moderate Relationship
15712176,2,3,1,6,Sticky Customer
15689351,2,1,0,3,Moderate Relationship
15782247,2,0,1,3,Moderate Relationship
15769064,0,1,1,2,Moderate Relationship
15718153,2,1,1,4,Sticky Customer
15613189,0,1,1,2,Moderate Relationship
15661734,0,3,1,4,Sticky Customer
15592645,0,3,0,3,Moderate Relationship
15768387,0,3,0,3,Moderate Relationship
15792525,2,1,1,4,Sticky Customer
15586976,0,1,1,2,Moderate Relationship
15790659,2,3,0,5,Sticky Customer
15691446,2,3,1,6,Sticky Customer
15772632,0,3,1,4,Sticky Customer
15706587,2,3,0,5,Sticky Customer
15572461,0,3,0,3,Moderate Relationship
15654409,2,1,1,4,Sticky Customer
15568025,2,1,1,4,Sticky Customer
15715769,2,1,0,3,Moderate Relationship
15667458,0,1,1,2,Moderate Relationship
15567980,2,1,0,3,Moderate Relationship
15679294,0,3,1,4,Sticky Customer
15606507,0,3,1,4,Sticky Customer
15578825,0,1,1,2,Moderate Relationship
15619935,2,1,1,4,Sticky Customer
15636089,0,1,0,1,At-Risk Customer
15727490,2,1,0,3,Moderate Relationship
15591766,2,1,0,3,Moderate Relationship
15641629,2,3,0,5,Sticky Customer
15813303,2,3,1,6,Sticky Customer
15756920,0,1,0,1,At-Risk Customer
15726403,0,1,1,2,Moderate Relationship
15592765,2,1,1,4,Sticky Customer
15704442,2,0,1,3,Moderate Relationship
15641136,2,3,0,5,Sticky Customer
15725818,2,1,1,4,Sticky Customer
15612071,2,1,0,3,Moderate Relationship
15719809,0,3,0,3,Moderate Relationship
15716518,0,3,0,3,Moderate Relationship
15742210,2,1,1,4,Sticky Customer
15630617,2,1,1,4,Sticky Customer
15720838,2,1,0,3,Moderate Relationship
15595537,0,3,1,4,Sticky Customer
15623196,2,1,1,4,Sticky Customer
15679249,0,1,1,2,Moderate Relationship
15693199,0,3,1,4,Sticky Customer
15661219,0,3,1,4,Sticky Customer
15617136,2,1,1,4,Sticky Customer
15760294,0,1,1,2,Moderate Relationship
15652808,0,1,1,2,Moderate Relationship
15657139,2,3,0,5,Sticky Customer
15803790,2,3,1,6,Sticky Customer
15764105,0,3,1,4,Sticky Customer
15672610,0,1,0,1,At-Risk Customer
15766896,0,3,1,4,Sticky Customer
15587735,2,1,1,4,Sticky Customer
15659501,2,1,0,3,Moderate Relationship
15745001,0,3,1,4,Sticky Customer
15651140,0,1,1,2,Moderate Relationship
15571148,0,3,0,3,Moderate Relationship
15776824,2,1,1,4,Sticky Customer
15633141,0,1,1,2,Moderate Relationship
15764174,2,3,1,6,Sticky Customer
15778155,2,1,1,4,Sticky Customer
15715920,2,1,1,4,Sticky Customer
15671917,2,1,1,4,Sticky Customer
15666548,0,0,1,1,At-Risk Customer
15625623,2,3,0,5,Sticky Customer
15748123,2,3,1,6,Sticky Customer
15648735,2,3,1,6,Sticky Customer
15634974,2,0,0,2,Moderate Relationship
15713378,0,3,0,3,Moderate Relationship
15753370,0,1,1,2,Moderate Relationship
15782659,0,1,1,2,Moderate Relationship
15583364,0,1,0,1,At-Risk Customer
15625942,0,3,0,3,Moderate Relationship
15720284,0,1,0,1,At-Risk Customer
15679642,2,3,1,6,Sticky Customer
15628007,0,3,0,3,Moderate Relationship
15661974,2,1,1,4,Sticky Customer
15689341,0,0,1,1,At-Risk Customer
15607993,2,1,1,4,Sticky Customer
15693267,0,1,1,2,Moderate Relationship
15769522,2,1,1,4,Sticky Customer
15755825,0,3,1,4,Sticky Customer
15598175,0,3,1,4,Sticky Customer
15744327,0,1,1,2,Moderate Relationship
15798666,2,3,1,6,Sticky Customer
15577064,0,3,1,4,Sticky Customer
15759436,2,0,1,3,Moderate Relationship
15690231,2,3,1,6,Sticky Customer
15751561,0,1,1,2,Moderate Relationship
15739068,2,3,1,6,Sticky Customer
15758056,0,3,0,3,Moderate Relationship
15742269,0,3,1,4,Sticky Customer
15726490,2,1,1,4,Sticky Customer
15738411,2,1,0,3,Moderate Relationship
15727919,0,3,0,3,Moderate Relationship
15709396,2,3,1,6,Sticky Customer
15654106,2,3,0,5,Sticky Customer
15621653,2,1,1,4,Sticky Customer
15598086,0,1,1,2,Moderate Relationship
15752300,2,1,1,4,Sticky Customer
15658693,2,3,0,5,Sticky Customer
15631838,2,3,0,5,Sticky Customer
15803804,0,1,1,2,Moderate Relationship
15578809,0,3,0,3,Moderate Relationship
15752026,2,1,0,3,Moderate Relationship
15723706,0,1,1,2,Moderate Relationship
15752838,2,3,1,6,Sticky Customer
15569571,0,3,1,4,Sticky Customer
15769703,0,1,0,1,At-Risk Customer
15679770,2,0,0,2,Moderate Relationship
15791102,2,0,1,3,Moderate Relationship
15655192,2,3,0,5,Sticky Customer
15709487,0,3,0,3,Moderate Relationship
15687130,2,1,1,4,Sticky Customer
15755178,2,0,1,3,Moderate Relationship
15634772,2,1,0,3,Moderate Relationship
15617197,2,3,1,6,Sticky Customer
15631240,2,3,1,6,Sticky Customer
15784301,0,3,1,4,Sticky Customer
15631310,2,1,1,4,Sticky Customer
15756560,0,3,1,4,Sticky Customer
15732270,2,1,1,4,Sticky Customer
15739357,0,1,0,1,At-Risk Customer
15771540,0,1,1,2,Moderate Relationship
15567486,2,3,1,6,Sticky Customer
15714634,0,3,1,4,Sticky Customer
15727021,2,3,1,6,Sticky Customer
15650670,0,3,1,4,Sticky Customer
15711834,0,1,0,1,At-Risk Customer
15729763,2,1,1,4,Sticky Customer
15646566,2,1,0,3,Moderate Relationship
15645463,2,3,1,6,Sticky Customer
15672144,2,1,1,4,Sticky Customer
15596088,2,3,0,5,Sticky Customer
15614878,2,1,1,4,Sticky Customer
15635240,0,3,0,3,Moderate Relationship
15775905,2,1,1,4,Sticky Customer
15700657,0,1,1,2,Moderate Relationship
15611905,0,1,1,2,Moderate Relationship
15652527,2,1,0,3,Moderate Relationship
15785865,2,3,1,6,Sticky Customer
15645942,2,3,1,6,Sticky Customer
15688691,2,3,0,5,Sticky Customer
15592736,0,1,1,2,Moderate Relationship
15673529,0,3,1,4,Sticky Customer
15724145,0,1,1,2,Moderate Relationship
15704629,2,1,0,3,Moderate Relationship
15597896,0,1,1,2,Moderate Relationship
15731790,2,1,1,4,Sticky Customer
15634719,0,3,1,4,Sticky Customer
15703205,2,3,1,6,Sticky Customer
15567333,0,3,1,4,Sticky Customer
15754537,0,1,0,1,At-Risk Customer
15612030,2,3,1,6,Sticky Customer
15573242,2,1,1,4,Sticky Customer
15601892,2,3,0,5,Sticky Customer
15663885,2,1,1,4,Sticky Customer
15701096,0,1,1,2,Moderate Relationship
15710450,2,1,1,4,Sticky Customer
15790846,2,1,1,4,Sticky Customer
15658956,2,3,1,6,Sticky Customer
15755223,0,3,0,3,Moderate Relationship
15787318,0,1,1,2,Moderate Relationship
15737310,0,1,1,2,Moderate Relationship
15763665,0,3,0,3,Moderate Relationship
15668818,2,1,1,4,Sticky Customer
15765812,2,3,1,6,Sticky Customer
15704844,2,1,0,3,Moderate Relationship
15744582,0,0,1,1,At-Risk Customer
15616700,2,3,1,6,Sticky Customer
15683521,0,3,1,4,Sticky Customer
15583049,2,1,0,3,Moderate Relationship
15643752,0,1,1,2,Moderate Relationship
15620398,0,3,1,4,Sticky Customer
15715707,2,3,1,6,Sticky Customer
15814209,0,1,1,2,Moderate Relationship
15733768,2,1,1,4,Sticky Customer
15755242,2,1,1,4,Sticky Customer
15729412,2,1,1,4,Sticky Customer
15746564,2,1,1,4,Sticky Customer
15588446,0,3,0,3,Moderate Relationship
15665221,2,3,0,5,Sticky Customer
15640846,0,0,1,1,At-Risk Customer
15700209,2,1,1,4,Sticky Customer
15658360,0,3,0,3,Moderate Relationship
15602735,2,0,0,2,Moderate Relationship
15724834,0,3,0,3,Moderate Relationship
15800062,0,1,0,1,At-Risk Customer
15685300,0,3,1,4,Sticky Customer
15760102,0,1,1,2,Moderate Relationship
15787026,2,3,1,6,Sticky Customer
15653696,0,3,0,3,Moderate Relationship
15788946,0,1,0,1,At-Risk Customer
15600724,0,1,1,2,Moderate Relationship
15574324,2,3,0,5,Sticky Customer
15707144,0,3,1,4,Sticky Customer
15775891,2,1,1,4,Sticky Customer
15711789,0,1,0,1,At-Risk Customer
15600879,0,3,1,4,Sticky Customer
15681196,2,1,1,4,Sticky Customer
15716000,2,3,1,6,Sticky Customer
15766776,2,1,1,4,Sticky Customer
15680278,0,1,1,2,Moderate Relationship
15688637,2,3,1,6,Sticky Customer
15591179,2,3,1,6,Sticky Customer
15677435,0,3,1,4,Sticky Customer
15698619,2,3,1,6,Sticky Customer
15581036,0,3,1,4,Sticky Customer
15622117,0,3,1,4,Sticky Customer
15599301,2,1,0,3,Moderate Relationship
15581548,0,1,1,2,Moderate Relationship
15586870,2,1,1,4,Sticky Customer
15735263,2,1,0,3,Moderate Relationship
15765322,2,3,1,6,Sticky Customer
15582944,0,3,1,4,Sticky Customer
15687162,0,1,0,1,At-Risk Customer
15644962,2,1,1,4,Sticky Customer
15612615,0,3,1,4,Sticky Customer
15813439,0,1,1,2,Moderate Relationship
15604544,2,3,0,5,Sticky Customer
15761348,0,3,1,4,Sticky Customer
15785078,0,1,1,2,Moderate Relationship
15759874,0,1,1,2,Moderate Relationship
15643658,0,3,1,4,Sticky Customer
15713267,2,3,0,5,Sticky Customer
15737782,2,1,1,4,Sticky Customer
15815490,0,0,0,0,At-Risk Customer
15679410,0,1,1,2,Moderate Relationship
15756241,2,1,1,4,Sticky Customer
15688409,0,1,1,2,Moderate Relationship
15742272,0,1,0,1,At-Risk Customer
15717898,2,1,0,3,Moderate Relationship
15769582,2,3,1,6,Sticky Customer
15635660,0,1,1,2,Moderate Relationship
15576723,2,3,1,6,Sticky Customer
15591577,2,1,1,4,Sticky Customer
15582325,0,1,1,2,Moderate Relationship
15693947,0,3,1,4,Sticky Customer
15760446,2,1,0,3,Moderate Relationship
15611105,2,3,0,5,Sticky Customer
15630920,0,3,0,3,Moderate Relationship
15574910,0,1,1,2,Moderate Relationship
15756472,0,1,1,2,Moderate Relationship
15682890,2,3,1,6,Sticky Customer
15641994,0,1,1,2,Moderate Relationship
15733297,2,1,1,4,Sticky Customer
15767793,0,3,1,4,Sticky Customer
15725698,2,1,1,4,Sticky Customer
15813532,0,3,1,4,Sticky Customer
15576760,0,3,0,3,Moderate Relationship
15732102,0,3,1,4,Sticky Customer
15739046,2,1,0,3,Moderate Relationship
15631927,0,3,0,3,Moderate Relationship
15672115,2,3,1,6,Sticky Customer
15618765,2,1,0,3,Moderate Relationship
15679148,0,3,0,3,Moderate Relationship
15728474,2,1,1,4,Sticky Customer
15636999,2,1,0,3,Moderate Relationship
15754261,0,3,1,4,Sticky Customer
15629150,0,3,1,4,Sticky Customer
15736274,0,3,0,3,Moderate Relationship
15627697,2,3,0,5,Sticky Customer
15721585,2,3,0,5,Sticky Customer
15639946,0,0,1,1,At-Risk Customer
15792176,2,1,1,4,Sticky Customer
15699450,2,3,1,6,Sticky Customer
15729954,0,0,1,1,At-Risk Customer
15600103,2,1,1,4,Sticky Customer
15786200,0,3,1,4,Sticky Customer
15797010,0,3,1,4,Sticky Customer
15670172,2,1,0,3,Moderate Relationship
15627352,0,1,1,2,Moderate Relationship
15622494,0,3,0,3,Moderate Relationship
15585835,0,3,1,4,Sticky Customer
15595071,2,1,1,4,Sticky Customer
15628203,0,1,0,1,At-Risk Customer
15667190,2,1,1,4,Sticky Customer
15780212,0,1,0,1,At-Risk Customer
15766869,2,3,1,6,Sticky Customer
15775741,2,3,1,6,Sticky Customer
15628170,0,1,1,2,Moderate Relationship
15701318,2,1,0,3,Moderate Relationship
15710928,2,1,1,4,Sticky Customer
15682547,2,1,0,3,Moderate Relationship
15631170,2,3,1,6,Sticky Customer
15648702,2,3,1,6,Sticky Customer
15783444,2,1,0,3,Moderate Relationship
15809178,0,1,1,2,Moderate Relationship
15806688,2,0,0,2,Moderate Relationship
15576824,2,0,1,3,Moderate Relationship
15675422,2,1,1,4,Sticky Customer
15681550,2,1,1,4,Sticky Customer
15812628,0,1,1,2,Moderate Relationship
15597951,2,1,1,4,Sticky Customer
15807045,0,1,0,1,At-Risk Customer
15581748,2,3,1,6,Sticky Customer
15770420,2,3,1,6,Sticky Customer
15608230,0,3,1,4,Sticky Customer
15730339,0,1,0,1,At-Risk Customer
15712584,2,3,1,6,Sticky Customer
15592816,0,1,1,2,Moderate Relationship
15641480,0,1,1,2,Moderate Relationship
15708505,2,3,0,5,Sticky Customer
15791131,0,1,1,2,Moderate Relationship
15618225,0,3,1,4,Sticky Customer
15644724,2,3,0,5,Sticky Customer
15662098,0,0,0,0,At-Risk Customer
15723894,0,1,0,1,At-Risk Customer
15787699,2,1,1,4,Sticky Customer
15687738,0,3,1,4,Sticky Customer
15576126,2,1,1,4,Sticky Customer
15658889,0,1,1,2,Moderate Relationship
15667046,0,1,1,2,Moderate Relationship
15669957,2,1,1,4,Sticky Customer
15655794,2,3,1,6,Sticky Customer
15599829,2,3,1,6,Sticky Customer
15753332,0,1,1,2,Moderate Relationship
15671124,2,1,1,4,Sticky Customer
15767474,2,0,1,3,Moderate Relationship
15720671,2,3,1,6,Sticky Customer
15626787,0,1,0,1,At-Risk Customer
15774491,0,3,0,3,Moderate Relationship
15579647,2,1,1,4,Sticky Customer
15625522,2,3,0,5,Sticky Customer
15765806,2,1,1,4,Sticky Customer
15566708,0,3,1,4,Sticky Customer
15668347,0,3,0,3,Moderate Relationship
15575214,0,1,1,2,Moderate Relationship
15591123,2,1,1,4,Sticky Customer
15573280,2,3,1,6,Sticky Customer
15589018,2,3,1,6,Sticky Customer
15654495,2,1,1,4,Sticky Customer
15597265,2,3,0,5,Sticky Customer
15733876,2,3,1,6,Sticky Customer
15677217,2,1,1,4,Sticky Customer
15747265,2,1,1,4,Sticky Customer
15713379,2,3,1,6,Sticky Customer
15730433,0,1,1,2,Moderate Relationship
15693347,2,3,1,6,Sticky Customer
15715465,0,1,1,2,Moderate Relationship
15680736,2,3,1,6,Sticky Customer
15610765,0,3,0,3,Moderate Relationship
15650034,2,1,1,4,Sticky Customer
15782468,2,3,1,6,Sticky Customer
15685109,0,3,0,3,Moderate Relationship
15776233,0,1,1,2,Moderate Relationship
15761141,2,3,1,6,Sticky Customer
15781702,2,3,0,5,Sticky Customer
15790235,2,3,1,6,Sticky Customer
15641416,2,3,1,6,Sticky Customer
15775234,0,3,0,3,Moderate Relationship
15659475,0,3,0,3,Moderate Relationship
15642202,2,3,0,5,Sticky Customer
15771417,0,1,0,1,At-Risk Customer
15585100,0,1,1,2,Moderate Relationship
15700487,0,0,1,1,At-Risk Customer
15726589,0,1,1,2,Moderate Relationship
15747503,0,1,1,2,Moderate Relationship
15595883,2,1,1,4,Sticky Customer
15663826,2,1,1,4,Sticky Customer
15742820,2,3,0,5,Sticky Customer
15624793,0,1,1,2,Moderate Relationship
15597930,0,1,0,1,At-Risk Customer
15665110,2,1,0,3,Moderate Relationship
15770719,2,1,1,4,Sticky Customer
15731327,2,3,0,5,Sticky Customer
15576044,0,1,1,2,Moderate Relationship
15775662,0,1,1,2,Moderate Relationship
15646817,0,3,1,4,Sticky Customer
15596060,2,1,1,4,Sticky Customer
15723299,2,1,1,4,Sticky Customer
15636982,2,1,1,4,Sticky Customer
15751175,2,3,1,6,Sticky Customer
15618936,0,1,1,2,Moderate Relationship
15787529,0,1,1,2,Moderate Relationship
15780128,0,3,1,4,Sticky Customer
15615991,2,1,1,4,Sticky Customer
15757001,2,3,1,6,Sticky Customer
15595388,2,3,1,6,Sticky Customer
15699550,2,3,1,6,Sticky Customer
15581620,2,0,1,3,Moderate Relationship
15600934,0,1,1,2,Moderate Relationship
15738672,0,3,1,4,Sticky Customer
15721307,0,3,1,4,Sticky Customer
15619280,0,3,1,4,Sticky Customer
15768244,2,3,1,6,Sticky Customer
15806837,0,1,1,2,Moderate Relationship
15643496,0,3,1,4,Sticky Customer
15813916,2,1,1,4,Sticky Customer
15626385,2,3,1,6,Sticky Customer
15603582,0,1,1,2,Moderate Relationship
15764351,2,1,0,3,Moderate Relationship
15667938,2,3,1,6,Sticky Customer
15576360,2,1,1,4,Sticky Customer
15628813,0,1,1,2,Moderate Relationship
15584190,2,3,0,5,Sticky Customer
15716449,0,1,0,1,At-Risk Customer
15759913,2,3,1,6,Sticky Customer
15701555,2,3,0,5,Sticky Customer
15758482,0,3,0,3,Moderate Relationship
15758171,2,1,1,4,Sticky Customer
15680346,0,1,1,2,Moderate Relationship
15649124,0,1,0,1,At-Risk Customer
15812917,2,3,1,6,Sticky Customer
15768455,2,3,1,6,Sticky Customer
15703059,2,1,0,3,Moderate Relationship
15646196,0,3,0,3,Moderate Relationship
15585451,2,1,1,4,Sticky Customer
15714057,0,3,1,4,Sticky Customer
15748473,0,3,1,4,Sticky Customer
15785782,2,1,1,4,Sticky Customer
15693233,2,3,1,6,Sticky Customer
15757521,2,1,0,3,Moderate Relationship
15812513,0,1,1,2,Moderate Relationship
15674950,0,3,1,4,Sticky Customer
15678572,0,3,1,4,Sticky Customer
15713608,2,3,1,6,Sticky Customer
15579262,0,1,0,1,At-Risk Customer
15610426,2,1,0,3,Moderate Relationship
15776454,0,1,1,2,Moderate Relationship
15771483,2,3,1,6,Sticky Customer
15648489,2,1,1,4,Sticky Customer
15646609,0,1,0,1,At-Risk Customer
15693203,2,3,1,6,Sticky Customer
15813067,0,1,1,2,Moderate Relationship
15769829,2,3,0,5,Sticky Customer
15662434,0,3,0,3,Moderate Relationship
15773503,0,3,1,4,Sticky Customer
15705890,0,1,1,2,Moderate Relationship
15711398,0,3,1,4,Sticky Customer
15752375,0,1,0,1,At-Risk Customer
15659175,0,3,1,4,Sticky Customer
15597033,2,1,1,4,Sticky Customer
15590228,2,1,1,4,Sticky Customer
15631848,2,1,1,4,Sticky Customer
15654211,2,1,0,3,Moderate Relationship
15707968,0,3,1,4,Sticky Customer
15594084,0,3,1,4,Sticky Customer
15651093,2,3,0,5,Sticky Customer
15798824,0,3,1,4,Sticky Customer
15671591,0,0,1,1,At-Risk Customer
15707189,2,1,1,4,Sticky Customer
15733581,0,1,1,2,Moderate Relationship
15641640,0,1,1,2,Moderate Relationship
15585284,2,1,1,4,Sticky Customer
15617866,2,3,1,6,Sticky Customer
15667751,0,1,1,2,Moderate Relationship
15669411,0,1,1,2,Moderate Relationship
15789425,0,3,1,4,Sticky Customer
15570943,2,1,1,4,Sticky Customer
15685829,2,3,1,6,Sticky Customer
15721917,2,1,1,4,Sticky Customer
15776047,2,3,0,5,Sticky Customer
15716024,0,3,1,4,Sticky Customer
15675328,0,3,1,4,Sticky Customer
15604314,0,1,1,2,Moderate Relationship
15658339,2,3,1,6,Sticky Customer
15630402,2,1,0,3,Moderate Relationship
15689616,0,1,0,1,At-Risk Customer
15774224,0,3,1,4,Sticky Customer
15701291,0,3,1,4,Sticky Customer
15719606,0,3,0,3,Moderate Relationship
15644119,2,1,1,4,Sticky Customer
15646859,2,1,1,4,Sticky Customer
15606836,2,1,0,3,Moderate Relationship
15664150,0,3,1,4,Sticky Customer
15624510,0,1,1,2,Moderate Relationship
15810944,0,3,1,4,Sticky Customer
15668575,2,0,0,2,Moderate Relationship
15603246,2,3,1,6,Sticky Customer
15804002,2,1,1,4,Sticky Customer
15728773,2,3,1,6,Sticky Customer
15598044,2,1,1,4,Sticky Customer
15694829,2,1,0,3,Moderate Relationship
15600575,0,3,1,4,Sticky Customer
15727311,2,3,1,6,Sticky Customer
15570769,2,1,1,4,Sticky Customer
15606274,2,3,1,6,Sticky Customer
15746139,0,1,0,1,At-Risk Customer
15704987,0,1,1,2,Moderate Relationship
15628972,2,0,1,3,Moderate Relationship
15697686,2,3,1,6,Sticky Customer
15733883,0,3,0,3,Moderate Relationship
15617482,0,1,1,2,Moderate Relationship
15704583,0,1,1,2,Moderate Relationship
15621083,2,3,1,6,Sticky Customer
15649487,0,3,1,4,Sticky Customer
15736760,0,1,0,1,At-Risk Customer
15714658,2,3,1,6,Sticky Customer
15599081,2,1,1,4,Sticky Customer
15705113,0,1,0,1,At-Risk Customer
15631159,2,3,1,6,Sticky Customer
15792818,0,1,1,2,Moderate Relationship
15633531,2,1,1,4,Sticky Customer
15744529,2,3,1,6,Sticky Customer
15669656,2,1,1,4,Sticky Customer
15581198,0,1,1,2,Moderate Relationship
15729054,2,1,1,4,Sticky Customer
15573452,0,1,1,2,Moderate Relationship
15776733,0,3,1,4,Sticky Customer
15724858,0,1,1,2,Moderate Relationship
15713144,0,1,1,2,Moderate Relationship
15690188,2,1,1,4,Sticky Customer
15689425,0,3,1,4,Sticky Customer
15671766,2,1,1,4,Sticky Customer
15782806,0,3,1,4,Sticky Customer
15764419,2,3,1,6,Sticky Customer
15591915,2,1,0,3,Moderate Relationship
15772798,2,3,1,6,Sticky Customer
15792008,2,3,0,5,Sticky Customer
15715541,2,1,1,4,Sticky Customer
15639277,0,1,0,1,At-Risk Customer
15798850,0,3,1,4,Sticky Customer
15776348,0,1,0,1,At-Risk Customer
15727696,2,3,1,6,Sticky Customer
15793813,2,1,0,3,Moderate Relationship
15694395,0,3,0,3,Moderate Relationship
15764195,2,1,1,4,Sticky Customer
15744919,2,1,1,4,Sticky Customer
15671655,2,3,1,6,Sticky Customer
15654901,0,1,1,2,Moderate Relationship
15649136,2,3,1,6,Sticky Customer
15775562,0,3,1,4,Sticky Customer
15807481,2,1,1,4,Sticky Customer
15642885,0,3,1,4,Sticky Customer
15789109,2,1,1,4,Sticky Customer
15814004,2,3,0,5,Sticky Customer
15673619,0,1,1,2,Moderate Relationship
15595135,0,1,1,2,Moderate Relationship
15583681,2,3,1,6,Sticky Customer
15605000,2,0,1,3,Moderate Relationship
15718071,2,3,0,5,Sticky Customer
15679760,0,3,0,3,Moderate Relationship
15654574,0,3,1,4,Sticky Customer
15577178,0,1,1,2,Moderate Relationship
15595324,0,0,0,0,At-Risk Customer
15756932,2,3,1,6,Sticky Customer
15726358,0,3,0,3,Moderate Relationship
15595228,2,1,0,3,Moderate Relationship
15782530,0,1,1,2,Moderate Relationship
15592877,0,1,1,2,Moderate Relationship
15651983,2,1,1,4,Sticky Customer
15746737,2,1,1,4,Sticky Customer
15774179,2,3,1,6,Sticky Customer
15667265,2,1,1,4,Sticky Customer
15655123,0,0,1,1,At-Risk Customer
15595917,2,1,0,3,Moderate Relationship
15668385,2,1,1,4,Sticky Customer
15709476,0,3,1,4,Sticky Customer
15711218,0,3,1,4,Sticky Customer
15798659,0,3,1,4,Sticky Customer
15663939,2,1,1,4,Sticky Customer
15694946,2,3,1,6,Sticky Customer
15631912,0,1,1,2,Moderate Relationship
15768816,0,3,1,4,Sticky Customer
15682268,0,1,0,1,At-Risk Customer
15684801,0,0,1,1,At-Risk Customer
15636428,0,1,1,2,Moderate Relationship
15809823,0,1,0,1,At-Risk Customer
15699284,0,1,1,2,Moderate Relationship
15786993,2,3,0,5,Sticky Customer
15709441,2,1,1,4,Sticky Customer
15710257,2,1,0,3,Moderate Relationship
15582492,0,1,1,2,Moderate Relationship
15575694,0,3,1,4,Sticky Customer
15756820,2,1,0,3,Moderate Relationship
15766289,0,3,1,4,Sticky Customer
15593014,2,1,0,3,Moderate Relationship
15584545,2,3,0,5,Sticky Customer
15675949,2,3,1,6,Sticky Customer
15672091,0,3,0,3,Moderate Relationship
15801658,2,1,0,3,Moderate Relationship
15706185,2,3,1,6,Sticky Customer
15789863,0,3,1,4,Sticky Customer
15720943,0,1,1,2,Moderate Relationship
15697997,2,1,0,3,Moderate Relationship
15665416,2,1,0,3,Moderate Relationship
15660200,2,3,1,6,Sticky Customer
15619653,0,1,1,2,Moderate Relationship
15773447,0,1,1,2,Moderate Relationship
15739160,0,1,1,2,Moderate Relationship
15689237,0,3,1,4,Sticky Customer
15679297,0,1,1,2,Moderate Relationship
15591433,0,3,1,4,Sticky Customer
15642725,2,1,0,3,Moderate Relationship
15701962,0,3,1,4,Sticky Customer
15811613,0,1,1,2,Moderate Relationship
15741049,2,3,1,6,Sticky Customer
15724423,0,3,0,3,Moderate Relationship
15574305,2,1,1,4,Sticky Customer
15678168,2,3,1,6,Sticky Customer
15697020,0,1,1,2,Moderate Relationship
15610801,2,1,0,3,Moderate Relationship
15745232,2,3,1,6,Sticky Customer
15722758,0,3,0,3,Moderate Relationship
15792102,0,1,0,1,At-Risk Customer
15675185,2,3,1,6,Sticky Customer
15801247,0,3,1,4,Sticky Customer
15725660,0,1,0,1,At-Risk Customer
15638963,2,1,1,4,Sticky Customer
15800061,0,0,1,1,At-Risk Customer
15578006,2,3,1,6,Sticky Customer
15668504,2,1,1,4,Sticky Customer
15687491,0,1,0,1,At-Risk Customer
15610403,0,3,1,4,Sticky Customer
15741094,2,3,1,6,Sticky Customer
15807909,0,3,1,4,Sticky Customer
15666141,2,3,1,6,Sticky Customer
15617134,0,3,1,4,Sticky Customer
15783029,2,3,1,6,Sticky Customer
15622833,0,3,0,3,Moderate Relationship
15746422,0,1,1,2,Moderate Relationship
15750839,2,1,1,4,Sticky Customer
15749130,2,1,1,4,Sticky Customer
15779862,2,1,0,3,Moderate Relationship
15767871,2,3,1,6,Sticky Customer
15679651,0,1,1,2,Moderate Relationship
15576219,2,3,1,6,Sticky Customer
15699247,2,3,1,6,Sticky Customer
15619087,2,1,1,4,Sticky Customer
15605327,2,3,1,6,Sticky Customer
15610140,0,3,1,4,Sticky Customer
15791174,2,1,0,3,Moderate Relationship
15602373,0,3,1,4,Sticky Customer
15762605,2,1,1,4,Sticky Customer
15598840,0,1,1,2,Moderate Relationship
15744279,2,3,1,6,Sticky Customer
15670619,0,3,0,3,Moderate Relationship
15599533,2,3,1,6,Sticky Customer
15757837,2,3,1,6,Sticky Customer
15697574,2,0,1,3,Moderate Relationship
15578738,2,1,1,4,Sticky Customer
15762228,0,3,1,4,Sticky Customer
15614827,2,1,1,4,Sticky Customer
15789815,0,3,1,4,Sticky Customer
15579781,0,1,1,2,Moderate Relationship
15587013,2,1,1,4,Sticky Customer
15570932,2,3,1,6,Sticky Customer
15794661,0,3,1,4,Sticky Customer
15581654,2,3,0,5,Sticky Customer
15644296,0,1,1,2,Moderate Relationship
15614420,2,3,1,6,Sticky Customer
15609653,0,1,1,2,Moderate Relationship
15594577,2,3,1,6,Sticky Customer
15584114,2,3,1,6,Sticky Customer
15673367,0,1,1,2,Moderate Relationship
15685576,2,3,1,6,Sticky Customer
15774727,0,3,0,3,Moderate Relationship
15694288,0,3,1,4,Sticky Customer
15603319,0,1,0,1,At-Risk Customer
15759066,0,1,1,2,Moderate Relationship
15814816,0,1,1,2,Moderate Relationship
15724402,0,3,1,4,Sticky Customer
15571059,0,1,1,2,Moderate Relationship
15674206,2,3,1,6,Sticky Customer
15715160,2,3,1,6,Sticky Customer
15730448,2,1,1,4,Sticky Customer
15662067,0,1,1,2,Moderate Relationship
15779581,2,3,0,5,Sticky Customer
15662901,2,3,0,5,Sticky Customer
15689751,0,1,0,1,At-Risk Customer
15667742,2,1,0,3,Moderate Relationship
15738448,0,3,0,3,Moderate Relationship
15680243,0,1,1,2,Moderate Relationship
15745083,0,1,0,1,At-Risk Customer
15708228,0,1,1,2,Moderate Relationship
15628523,2,3,1,6,Sticky Customer
15708196,2,1,1,4,Sticky Customer
15735549,2,3,1,6,Sticky Customer
15809347,0,1,1,2,Moderate Relationship
15660866,0,3,1,4,Sticky Customer
15766609,0,3,1,4,Sticky Customer
15654230,0,1,1,2,Moderate Relationship
15794566,2,3,1,6,Sticky Customer
15800890,2,3,1,6,Sticky Customer
15697424,2,1,1,4,Sticky Customer
15724536,2,3,1,6,Sticky Customer
15735878,0,1,0,1,At-Risk Customer
15707596,2,3,1,6,Sticky Customer
15657163,0,3,1,4,Sticky Customer
15622478,0,0,1,1,At-Risk Customer
15779529,2,3,1,6,Sticky Customer
15636023,2,1,1,4,Sticky Customer
15582066,2,1,1,4,Sticky Customer
15666675,2,1,1,4,Sticky Customer
15732987,0,1,0,1,At-Risk Customer
15789432,0,3,1,4,Sticky Customer
15663161,0,1,0,1,At-Risk Customer
15694879,0,3,1,4,Sticky Customer
15593715,0,1,1,2,Moderate Relationship
15575002,0,1,1,2,Moderate Relationship
15622171,0,3,1,4,Sticky Customer
15795224,0,1,1,2,Moderate Relationship
15685346,2,1,1,4,Sticky Customer
15691808,0,1,1,2,Moderate Relationship
15721007,0,1,0,1,At-Risk Customer
15794253,2,3,0,5,Sticky Customer
15694453,2,3,1,6,Sticky Customer
15813113,0,1,1,2,Moderate Relationship
15614187,2,3,0,5,Sticky Customer
15619407,2,1,1,4,Sticky Customer
15646227,0,1,1,2,Moderate Relationship
15660541,0,1,1,2,Moderate Relationship
15753874,2,1,0,3,Moderate Relationship
15617877,2,3,1,6,Sticky Customer
15772073,0,1,1,2,Moderate Relationship
15701537,2,1,1,4,Sticky Customer
15736228,2,1,1,4,Sticky Customer
15780572,0,3,1,4,Sticky Customer
15769596,0,3,0,3,Moderate Relationship
15586996,2,3,0,5,Sticky Customer
15722061,0,3,1,4,Sticky Customer
15638003,2,1,0,3,Moderate Relationship
15775590,0,1,0,1,At-Risk Customer
15730688,2,3,1,6,Sticky Customer
15753102,0,1,1,2,Moderate Relationship
15810075,2,3,1,6,Sticky Customer
15723373,0,1,1,2,Moderate Relationship
15795298,2,3,0,5,Sticky Customer
15584320,0,1,0,1,At-Risk Customer
15724161,0,0,1,1,At-Risk Customer
15750056,2,1,1,4,Sticky Customer
15609637,2,3,0,5,Sticky Customer
15794493,2,3,1,6,Sticky Customer
15569641,0,1,1,2,Moderate Relationship
15815236,0,3,0,3,Moderate Relationship
15811177,0,1,1,2,Moderate Relationship
15680587,0,1,1,2,Moderate Relationship
15672821,2,3,1,6,Sticky Customer
15767681,2,3,0,5,Sticky Customer
15600379,2,1,0,3,Moderate Relationship
15801336,2,1,1,4,Sticky Customer
15721592,0,3,1,4,Sticky Customer
15581282,0,1,1,2,Moderate Relationship
15746203,2,1,0,3,Moderate Relationship
15583137,2,3,1,6,Sticky Customer
15680752,2,1,1,4,Sticky Customer
15688172,0,3,1,4,Sticky Customer
15791373,0,1,0,1,At-Risk Customer
15589449,2,0,1,3,Moderate Relationship
15692819,0,1,0,1,At-Risk Customer
15727467,0,3,1,4,Sticky Customer
15734312,2,3,1,6,Sticky Customer
15764604,0,0,1,1,At-Risk Customer
15613014,0,3,1,4,Sticky Customer
15759684,2,3,0,5,Sticky Customer
15609669,2,3,1,6,Sticky Customer
15685536,2,3,1,6,Sticky Customer
15750447,0,1,1,2,Moderate Relationship
15663249,0,1,1,2,Moderate Relationship
15638646,2,1,1,4,Sticky Customer
15734161,0,3,1,4,Sticky Customer
15631070,2,1,1,4,Sticky Customer
15761950,2,1,1,4,Sticky Customer
15649668,2,3,1,6,Sticky Customer
15713912,2,1,0,3,Moderate Relationship
15586757,2,1,1,4,Sticky Customer
15596522,0,3,1,4,Sticky Customer
15625395,2,1,1,4,Sticky Customer
15760570,0,3,1,4,Sticky Customer
15566689,2,3,1,6,Sticky Customer
15725794,0,1,1,2,Moderate Relationship
15673539,0,1,1,2,Moderate Relationship
15705298,0,1,0,1,At-Risk Customer
15675791,0,3,1,4,Sticky Customer
15747043,0,3,0,3,Moderate Relationship
15736397,0,1,1,2,Moderate Relationship
15678201,2,1,1,4,Sticky Customer
15720745,2,1,1,4,Sticky Customer
15637593,0,3,1,4,Sticky Customer
15598070,0,1,1,2,Moderate Relationship
15787550,2,3,1,6,Sticky Customer
15603942,2,0,0,2,Moderate Relationship
15733973,0,1,1,2,Moderate Relationship
15596761,0,1,1,2,Moderate Relationship
15652400,2,1,0,3,Moderate Relationship
15717893,0,1,1,2,Moderate Relationship
15622585,2,1,1,4,Sticky Customer
15733964,2,1,1,4,Sticky Customer
15753861,0,3,0,3,Moderate Relationship
15747097,2,1,1,4,Sticky Customer
15594762,2,1,1,4,Sticky Customer
15667417,0,1,1,2,Moderate Relationship
15684861,0,3,0,3,Moderate Relationship
15742204,2,1,0,3,Moderate Relationship
15623502,2,1,1,4,Sticky Customer
15774872,0,3,1,4,Sticky Customer
15611191,2,3,1,6,Sticky Customer
15674331,0,3,0,3,Moderate Relationship
15619465,2,3,0,5,Sticky Customer
15575247,0,3,1,4,Sticky Customer
15695679,0,1,0,1,At-Risk Customer
15713463,0,1,1,2,Moderate Relationship
15785170,0,1,0,1,At-Risk Customer
15796351,2,3,1,6,Sticky Customer
15639576,0,1,1,2,Moderate Relationship
15693264,2,3,1,6,Sticky Customer
15589715,0,1,1,2,Moderate Relationship
15769902,2,3,1,6,Sticky Customer
15587177,0,1,1,2,Moderate Relationship
15814553,2,3,1,6,Sticky Customer
15601550,2,1,1,4,Sticky Customer
15664907,0,1,1,2,Moderate Relationship
15612465,2,3,1,6,Sticky Customer
15810800,2,1,1,4,Sticky Customer
15665760,2,3,0,5,Sticky Customer
15588080,0,1,1,2,Moderate Relationship
15776844,0,3,1,4,Sticky Customer
15717560,0,1,1,2,Moderate Relationship
15629739,2,1,1,4,Sticky Customer
15729908,0,1,0,1,At-Risk Customer
15716781,2,1,0,3,Moderate Relationship
15646936,2,3,1,6,Sticky Customer
15768151,2,1,0,3,Moderate Relationship
15579212,0,1,1,2,Moderate Relationship
15721835,0,1,1,2,Moderate Relationship
15800515,0,1,1,2,Moderate Relationship
15591279,2,1,0,3,Moderate Relationship
15587419,2,3,0,5,Sticky Customer
15750335,0,0,1,1,At-Risk Customer
15699619,0,1,1,2,Moderate Relationship
15606472,2,1,1,4,Sticky Customer
15778368,0,1,1,2,Moderate Relationship
15671387,0,3,0,3,Moderate Relationship
15573926,0,3,0,3,Moderate Relationship
15709183,2,1,1,4,Sticky Customer
15577514,2,1,1,4,Sticky Customer
15778830,0,3,1,4,Sticky Customer
15768072,0,1,0,1,At-Risk Customer
15768293,2,3,1,6,Sticky Customer
15654456,0,1,0,1,At-Risk Customer
15807525,0,3,1,4,Sticky Customer
15574372,0,3,1,4,Sticky Customer
15671249,0,3,1,4,Sticky Customer
15779744,2,1,1,4,Sticky Customer
15624755,0,1,1,2,Moderate Relationship
15611430,0,1,1,2,Moderate Relationship
15774744,0,3,1,4,Sticky Customer
15629885,0,1,1,2,Moderate Relationship
15708791,0,1,0,1,At-Risk Customer
15793890,2,1,1,4,Sticky Customer
15646091,0,3,1,4,Sticky Customer
15596984,2,1,1,4,Sticky Customer
15800215,2,3,0,5,Sticky Customer
15577806,2,1,1,4,Sticky Customer
15749381,0,1,1,2,Moderate Relationship
15683758,0,1,1,2,Moderate Relationship
15670615,0,3,1,4,Sticky Customer
15715622,2,1,0,3,Moderate Relationship
15707634,2,3,1,6,Sticky Customer
15806901,2,1,1,4,Sticky Customer
15775335,0,3,1,4,Sticky Customer
15724150,2,1,1,4,Sticky Customer
15627220,0,1,0,1,At-Risk Customer
15672330,2,3,0,5,Sticky Customer
15668521,2,3,1,6,Sticky Customer
15807837,2,1,1,4,Sticky Customer
15592570,0,3,1,4,Sticky Customer
15748589,0,3,1,4,Sticky Customer
15635893,2,3,1,6,Sticky Customer
15757632,0,3,1,4,Sticky Customer
15691863,2,3,1,6,Sticky Customer
15706071,2,1,0,3,Moderate Relationship
15654296,0,1,1,2,Moderate Relationship
15755018,0,3,1,4,Sticky Customer
15594041,0,1,1,2,Moderate Relationship
15670587,0,3,1,4,Sticky Customer
15724527,2,3,1,6,Sticky Customer
15801904,0,3,1,4,Sticky Customer
15658195,2,1,1,4,Sticky Customer
15630113,2,1,1,4,Sticky Customer
15784320,2,1,1,4,Sticky Customer
15676513,0,1,1,2,Moderate Relationship
15574072,2,1,1,4,Sticky Customer
15633854,0,3,1,4,Sticky Customer
15618566,2,3,1,6,Sticky Customer
15733014,2,3,0,5,Sticky Customer
15753343,2,1,1,4,Sticky Customer
15746076,0,3,1,4,Sticky Customer
15608226,2,1,1,4,Sticky Customer
15605684,0,1,1,2,Moderate Relationship
15638988,2,3,1,6,Sticky Customer
15628767,2,3,1,6,Sticky Customer
15737977,2,3,0,5,Sticky Customer
15758116,0,1,1,2,Moderate Relationship
15575119,2,3,1,6,Sticky Customer
15625126,2,3,1,6,Sticky Customer
15567114,0,1,0,1,At-Risk Customer
15672242,2,1,0,3,Moderate Relationship
15681327,2,3,1,6,Sticky Customer
15802585,2,1,1,4,Sticky Customer
15740630,0,3,1,4,Sticky Customer
15815420,2,1,0,3,Moderate Relationship
15711468,2,3,1,6,Sticky Customer
15799626,2,1,0,3,Moderate Relationship
15659325,2,3,1,6,Sticky Customer
15651352,0,1,1,2,Moderate Relationship
15684925,0,3,0,3,Moderate Relationship
15657439,2,3,1,6,Sticky Customer
15574122,0,1,0,1,At-Risk Customer
15720508,0,1,0,1,At-Risk Customer
15599078,0,1,1,2,Moderate Relationship
15702300,0,3,0,3,Moderate Relationship
15660735,0,3,1,4,Sticky Customer
15671390,0,3,1,4,Sticky Customer
15647385,0,1,0,1,At-Risk Customer
15739223,2,3,1,6,Sticky Customer
15631305,0,3,1,4,Sticky Customer
15809263,2,1,1,4,Sticky Customer
15640866,2,1,0,3,Moderate Relationship
15775663,2,3,1,6,Sticky Customer
15631800,0,1,0,1,At-Risk Customer
15654292,0,3,1,4,Sticky Customer
15648320,0,1,1,2,Moderate Relationship
15726747,2,1,0,3,Moderate Relationship
15694510,0,1,0,1,At-Risk Customer
15572291,0,1,0,1,At-Risk Customer
15603465,0,3,1,4,Sticky Customer
15685628,2,3,0,5,Sticky Customer
15792729,0,1,1,2,Moderate Relationship
15767414,2,3,1,6,Sticky Customer
15568044,2,3,1,6,Sticky Customer
15751333,2,3,0,5,Sticky Customer
15623062,2,1,1,4,Sticky Customer
15713621,2,3,1,6,Sticky Customer
15670668,2,3,0,5,Sticky Customer
15750638,0,1,0,1,At-Risk Customer
15747878,2,1,1,4,Sticky Customer
15726796,2,1,1,4,Sticky Customer
15754952,0,3,0,3,Moderate Relationship
15652192,0,3,0,3,Moderate Relationship
15681924,0,1,1,2,Moderate Relationship
15763544,0,3,0,3,Moderate Relationship
15764431,2,0,1,3,Moderate Relationship
15684010,2,1,1,4,Sticky Customer
15648881,2,1,0,3,Moderate Relationship
15733303,2,3,1,6,Sticky Customer
15643294,2,1,1,4,Sticky Customer
15749905,0,1,1,2,Moderate Relationship
15625175,2,1,0,3,Moderate Relationship
15643967,2,1,0,3,Moderate Relationship
15578251,0,3,1,4,Sticky Customer
15772573,2,1,0,3,Moderate Relationship
15733234,2,1,1,4,Sticky Customer
15721582,2,3,1,6,Sticky Customer
15628219,2,1,1,4,Sticky Customer
15571302,2,1,1,4,Sticky Customer
15637178,2,3,1,6,Sticky Customer
15601184,0,3,1,4,Sticky Customer
15629511,0,1,1,2,Moderate Relationship
15570629,2,3,1,6,Sticky Customer
15665766,2,3,0,5,Sticky Customer
15693732,2,3,1,6,Sticky Customer
15765982,2,1,1,4,Sticky Customer
15582016,0,3,1,4,Sticky Customer
15798024,2,1,1,4,Sticky Customer
15588622,2,1,1,4,Sticky Customer
15724863,0,1,1,2,Moderate Relationship
15618213,2,1,1,4,Sticky Customer
15780411,0,3,0,3,Moderate Relationship
15725429,2,1,1,4,Sticky Customer
15600626,2,3,1,6,Sticky Customer
15668460,2,3,1,6,Sticky Customer
15576263,0,1,1,2,Moderate Relationship
15720354,2,3,1,6,Sticky Customer
15691624,0,3,1,4,Sticky Customer
15793196,2,3,0,5,Sticky Customer
15633352,0,1,1,2,Moderate Relationship
15750874,2,1,1,4,Sticky Customer
15588923,0,1,1,2,Moderate Relationship
15715745,2,1,1,4,Sticky Customer
15611800,2,3,1,6,Sticky Customer
15576928,0,1,1,2,Moderate Relationship
15793693,2,1,1,4,Sticky Customer
15581252,0,1,1,2,Moderate Relationship
15797760,0,3,1,4,Sticky Customer
15790564,2,3,1,6,Sticky Customer
15593736,0,1,0,1,At-Risk Customer
15595937,0,3,0,3,Moderate Relationship
15815628,0,1,0,1,At-Risk Customer
15782802,2,1,1,4,Sticky Customer
15627412,0,3,1,4,Sticky Customer
15734609,2,3,1,6,Sticky Customer
15710689,0,1,0,1,At-Risk Customer
15565806,0,3,0,3,Moderate Relationship
15815530,0,1,0,1,At-Risk Customer
15632272,0,3,1,4,Sticky Customer
15684103,2,3,1,6,Sticky Customer
15654519,2,3,1,6,Sticky Customer
15767722,0,1,1,2,Moderate Relationship
15654346,2,3,1,6,Sticky Customer
15660147,2,1,1,4,Sticky Customer
15814998,0,3,0,3,Moderate Relationship
15802207,2,3,1,6,Sticky Customer
15658668,0,3,0,3,Moderate Relationship
15715079,0,1,1,2,Moderate Relationship
15570360,0,3,0,3,Moderate Relationship
15674678,0,1,0,1,At-Risk Customer
15780925,2,3,1,6,Sticky Customer
15688193,0,1,0,1,At-Risk Customer
15778219,0,1,1,2,Moderate Relationship
15696514,0,1,1,2,Moderate Relationship
15712303,2,1,1,4,Sticky Customer
15719090,2,1,1,4,Sticky Customer
15735632,2,1,1,4,Sticky Customer
15619436,0,1,0,1,At-Risk Customer
15722404,2,3,1,6,Sticky Customer
15662063,2,1,1,4,Sticky Customer
15745605,2,1,1,4,Sticky Customer
15636658,2,3,1,6,Sticky Customer
15784130,2,1,1,4,Sticky Customer
15606755,0,3,1,4,Sticky Customer
15801699,2,3,1,6,Sticky Customer
15784097,0,3,1,4,Sticky Customer
15764654,2,3,1,6,Sticky Customer
15612092,0,1,1,2,Moderate Relationship
15610903,0,1,1,2,Moderate Relationship
15705777,2,1,1,4,Sticky Customer
15661936,0,1,1,2,Moderate Relationship
15700864,0,3,1,4,Sticky Customer
15722965,2,1,1,4,Sticky Customer
15737521,0,3,0,3,Moderate Relationship
15814465,2,1,1,4,Sticky Customer
15580988,2,3,1,6,Sticky Customer
15789974,0,1,0,1,At-Risk Customer
15713370,0,3,0,3,Moderate Relationship
15748673,0,3,0,3,Moderate Relationship
15754919,2,3,0,5,Sticky Customer
15641662,0,3,0,3,Moderate Relationship
15813422,0,1,1,2,Moderate Relationship
15713596,2,1,0,3,Moderate Relationship
15791216,0,1,1,2,Moderate Relationship
15689031,0,1,1,2,Moderate Relationship
15763704,0,3,0,3,Moderate Relationship
15631339,0,1,1,2,Moderate Relationship
15771509,2,3,0,5,Sticky Customer
15769586,2,3,1,6,Sticky Customer
15656096,2,1,1,4,Sticky Customer
15585280,2,3,0,5,Sticky Customer
15743582,2,1,1,4,Sticky Customer
15761692,2,3,0,5,Sticky Customer
15627840,2,1,0,3,Moderate Relationship
15778861,0,1,0,1,At-Risk Customer
15770554,2,3,1,6,Sticky Customer
15806956,0,1,0,1,At-Risk Customer
15701908,2,1,1,4,Sticky Customer
15736990,0,1,1,2,Moderate Relationship
15743714,0,1,1,2,Moderate Relationship
15807993,0,1,1,2,Moderate Relationship
15644686,2,3,1,6,Sticky Customer
15677377,2,3,1,6,Sticky Customer
15626412,2,3,1,6,Sticky Customer
15643679,2,3,1,6,Sticky Customer
15728456,0,1,1,2,Moderate Relationship
15630661,0,1,1,2,Moderate Relationship
15734044,2,1,0,3,Moderate Relationship
15705001,0,1,1,2,Moderate Relationship
15809817,0,3,0,3,Moderate Relationship
15809137,0,1,0,1,At-Risk Customer
15751593,0,1,1,2,Moderate Relationship
15626491,2,1,0,3,Moderate Relationship
15765461,0,3,1,4,Sticky Customer
15568120,2,1,1,4,Sticky Customer
15787161,0,1,1,2,Moderate Relationship
15812324,2,3,1,6,Sticky Customer
15588944,0,3,0,3,Moderate Relationship
15694253,2,3,0,5,Sticky Customer
15759566,2,3,1,6,Sticky Customer
15675675,0,1,1,2,Moderate Relationship
15802060,0,3,0,3,Moderate Relationship
15660505,0,1,1,2,Moderate Relationship
15782630,0,1,0,1,At-Risk Customer
15700710,2,1,0,3,Moderate Relationship
15742834,2,1,1,4,Sticky Customer
15806511,2,3,0,5,Sticky Customer
15608166,2,1,1,4,Sticky Customer
15614230,2,3,1,6,Sticky Customer
15729958,2,1,1,4,Sticky Customer
15800814,0,3,1,4,Sticky Customer
15674727,2,1,1,4,Sticky Customer
15657779,2,3,1,6,Sticky Customer
15801395,0,1,0,1,At-Risk Customer
15757911,0,1,0,1,At-Risk Customer
15665340,2,3,0,5,Sticky Customer
15787151,2,3,1,6,Sticky Customer
15757821,0,3,0,3,Moderate Relationship
15600688,0,3,0,3,Moderate Relationship
15594878,0,1,1,2,Moderate Relationship
15569248,0,3,1,4,Sticky Customer
15812706,2,1,0,3,Moderate Relationship
15645045,2,3,1,6,Sticky Customer
15766746,0,1,1,2,Moderate Relationship
15700383,2,3,1,6,Sticky Customer
15632551,0,3,1,4,Sticky Customer
15795129,0,3,1,4,Sticky Customer
15650545,2,1,1,4,Sticky Customer
15612769,2,1,1,4,Sticky Customer
15710853,0,3,1,4,Sticky Customer
15623712,0,0,1,1,At-Risk Customer
15653251,0,1,0,1,At-Risk Customer
15755077,2,3,1,6,Sticky Customer
15808557,2,1,0,3,Moderate Relationship
15614687,2,3,1,6,Sticky Customer
15626882,2,1,1,4,Sticky Customer
15748034,2,1,1,4,Sticky Customer
15632324,2,3,1,6,Sticky Customer
15761023,0,1,1,2,Moderate Relationship
15761453,0,1,1,2,Moderate Relationship
15646726,0,1,0,1,At-Risk Customer
15637169,2,1,1,4,Sticky Customer
15636024,2,1,1,4,Sticky Customer
15801218,2,1,0,3,Moderate Relationship
15642655,0,1,1,2,Moderate Relationship
15690130,0,1,0,1,At-Risk Customer
15653753,0,1,1,2,Moderate Relationship
15641359,0,3,0,3,Moderate Relationship
15776827,2,3,0,5,Sticky Customer
15647725,0,0,1,1,At-Risk Customer
15648455,0,1,1,2,Moderate Relationship
15580629,0,1,1,2,Moderate Relationship
15730161,0,3,1,4,Sticky Customer
15626612,0,1,1,2,Moderate Relationship
15662865,2,3,0,5,Sticky Customer
15629094,2,1,1,4,Sticky Customer
15651823,0,1,1,2,Moderate Relationship
15594827,2,3,0,5,Sticky Customer
15786392,0,1,0,1,At-Risk Customer
15727353,0,1,1,2,Moderate Relationship
15733777,0,1,0,1,At-Risk Customer
15614302,0,3,1,4,Sticky Customer
15723263,2,1,1,4,Sticky Customer
15687270,2,3,0,5,Sticky Customer
15803121,0,1,0,1,At-Risk Customer
15598700,2,3,0,5,Sticky Customer
15741875,0,1,0,1,At-Risk Customer
15631709,0,3,1,4,Sticky Customer
15672970,2,3,0,5,Sticky Customer
15761670,0,1,1,2,Moderate Relationship
15706005,0,1,1,2,Moderate Relationship
15790336,0,3,1,4,Sticky Customer
15754267,2,3,0,5,Sticky Customer
15791988,2,3,1,6,Sticky Customer
15683375,2,1,1,4,Sticky Customer
15625151,2,1,0,3,Moderate Relationship
15635285,2,3,1,6,Sticky Customer
15574296,0,3,1,4,Sticky Customer
15711618,0,1,1,2,Moderate Relationship
15670943,0,3,1,4,Sticky Customer
15634359,0,1,1,2,Moderate Relationship
15586629,0,3,1,4,Sticky Customer
15588461,0,1,1,2,Moderate Relationship
15773221,0,1,1,2,Moderate Relationship
15664227,2,1,0,3,Moderate Relationship
15741745,2,3,1,6,Sticky Customer
15652626,0,1,1,2,Moderate Relationship
15599410,0,3,1,4,Sticky Customer
15571958,0,1,1,2,Moderate Relationship
15785406,0,1,0,1,At-Risk Customer
15687884,2,1,0,3,Moderate Relationship
15621685,0,3,1,4,Sticky Customer
15628886,2,1,1,4,Sticky Customer
15699325,2,1,0,3,Moderate Relationship
15578369,0,1,1,2,Moderate Relationship
15654156,2,1,1,4,Sticky Customer
15707199,0,1,0,1,At-Risk Customer
15671630,0,1,1,2,Moderate Relationship
15632079,0,1,1,2,Moderate Relationship
15767921,0,3,1,4,Sticky Customer
15573599,2,3,0,5,Sticky Customer
15747208,0,1,1,2,Moderate Relationship
15582762,2,1,1,4,Sticky Customer
15772528,0,3,1,4,Sticky Customer
15755798,0,1,0,1,At-Risk Customer
15788683,0,1,1,2,Moderate Relationship
15616922,2,3,1,6,Sticky Customer
15771855,2,3,0,5,Sticky Customer
15601873,0,1,1,2,Moderate Relationship
15657868,0,1,1,2,Moderate Relationship
15711716,0,1,1,2,Moderate Relationship
15734246,2,3,0,5,Sticky Customer
15792151,0,3,1,4,Sticky Customer
15770159,2,3,1,6,Sticky Customer
15747649,2,3,1,6,Sticky Customer
15639357,0,0,0,0,At-Risk Customer
15738907,0,1,1,2,Moderate Relationship
15663446,0,1,1,2,Moderate Relationship
15750867,0,1,1,2,Moderate Relationship
15715939,0,3,1,4,Sticky Customer
15763806,2,3,1,6,Sticky Customer
15637993,2,1,1,4,Sticky Customer
15720338,2,3,1,6,Sticky Customer
15627162,0,1,1,2,Moderate Relationship
15596710,2,1,0,3,Moderate Relationship
15781678,2,3,1,6,Sticky Customer
15634968,2,1,1,4,Sticky Customer
15609475,2,1,1,4,Sticky Customer
15573319,0,1,0,1,At-Risk Customer
15738291,0,3,0,3,Moderate Relationship
15782456,0,3,0,3,Moderate Relationship
15794841,0,1,1,2,Moderate Relationship
15684696,0,1,1,2,Moderate Relationship
15629846,0,3,1,4,Sticky Customer
15674442,0,1,0,1,At-Risk Customer
15571689,2,3,1,6,Sticky Customer
15730469,2,3,0,5,Sticky Customer
15809320,0,1,1,2,Moderate Relationship
15684367,0,3,0,3,Moderate Relationship
15793049,0,1,1,2,Moderate Relationship
15603665,2,3,1,6,Sticky Customer
15613623,2,1,1,4,Sticky Customer
15569572,2,3,1,6,Sticky Customer
15698791,0,1,1,2,Moderate Relationship
15626233,2,3,1,6,Sticky Customer
15607263,2,1,0,3,Moderate Relationship
15610900,0,1,1,2,Moderate Relationship
15624775,2,1,0,3,Moderate Relationship
15691703,2,1,0,3,Moderate Relationship
15745355,2,1,1,4,Sticky Customer
15724955,0,3,0,3,Moderate Relationship
15628999,2,1,1,4,Sticky Customer
15654341,0,1,1,2,Moderate Relationship
15744240,2,1,0,3,Moderate Relationship
15632365,0,3,0,3,Moderate Relationship
15729689,2,3,0,5,Sticky Customer
15759284,2,1,1,4,Sticky Customer
15602124,2,3,1,6,Sticky Customer
15661903,0,1,1,2,Moderate Relationship
15664668,2,1,0,3,Moderate Relationship
15736431,0,3,1,4,Sticky Customer
15748639,2,3,1,6,Sticky Customer
15628123,2,1,0,3,Moderate Relationship
15602731,0,1,1,2,Moderate Relationship
15794137,2,1,1,4,Sticky Customer
15748696,2,1,0,3,Moderate Relationship
15725068,2,3,1,6,Sticky Customer
15807340,0,3,0,3,Moderate Relationship
15586133,0,1,0,1,At-Risk Customer
15576185,2,3,1,6,Sticky Customer
15660809,2,3,1,6,Sticky Customer
15616666,2,3,0,5,Sticky Customer
15706904,2,1,1,4,Sticky Customer
15606915,0,1,1,2,Moderate Relationship
15749693,0,3,1,4,Sticky Customer
15791743,2,1,1,4,Sticky Customer
15796480,2,3,0,5,Sticky Customer
15790442,2,3,1,6,Sticky Customer
15609458,2,1,1,4,Sticky Customer
15593897,2,3,1,6,Sticky Customer
15604576,2,1,1,4,Sticky Customer
15666270,0,1,1,2,Moderate Relationship
15572626,2,3,1,6,Sticky Customer
15727197,0,3,0,3,Moderate Relationship
15714006,2,1,0,3,Moderate Relationship
15642137,0,3,0,3,Moderate Relationship
15665327,0,3,1,4,Sticky Customer
15626806,2,3,1,6,Sticky Customer
15662578,2,1,1,4,Sticky Customer
15790829,0,3,1,4,Sticky Customer
15654959,2,1,1,4,Sticky Customer
15760244,2,1,0,3,Moderate Relationship
15715394,2,3,0,5,Sticky Customer
15722246,2,1,1,4,Sticky Customer
15609704,0,1,1,2,Moderate Relationship
15757628,2,1,1,4,Sticky Customer
15633586,0,1,0,1,At-Risk Customer
15565796,0,1,1,2,Moderate Relationship
15717935,2,3,0,5,Sticky Customer
15577700,2,3,1,6,Sticky Customer
15747345,2,3,1,6,Sticky Customer
15678317,2,3,1,6,Sticky Customer
15698335,2,1,1,4,Sticky Customer
15768451,2,0,1,3,Moderate Relationship
15753213,0,3,1,4,Sticky Customer
15769645,2,1,1,4,Sticky Customer
15657565,0,3,0,3,Moderate Relationship
15620323,0,3,1,4,Sticky Customer
15679983,0,1,0,1,At-Risk Customer
15812616,0,1,1,2,Moderate Relationship
15601796,2,1,1,4,Sticky Customer
15729489,2,1,0,3,Moderate Relationship
15613216,0,1,1,2,Moderate Relationship
15657937,0,1,0,1,At-Risk Customer
15815428,0,1,1,2,Moderate Relationship
15640409,2,1,0,3,Moderate Relationship
15699492,0,1,0,1,At-Risk Customer
15623536,0,1,1,2,Moderate Relationship
15707551,2,3,1,6,Sticky Customer
15577999,0,1,1,2,Moderate Relationship
15788775,0,3,1,4,Sticky Customer
15758362,2,1,1,4,Sticky Customer
15807961,0,1,1,2,Moderate Relationship
15710978,2,3,1,6,Sticky Customer
15703541,2,1,0,3,Moderate Relationship
15626474,0,3,1,4,Sticky Customer
15608344,0,0,1,1,At-Risk Customer
15768367,2,1,1,4,Sticky Customer
15806210,2,3,1,6,Sticky Customer
15697702,0,3,1,4,Sticky Customer
15689152,0,1,0,1,At-Risk Customer
15568573,2,1,0,3,Moderate Relationship
15689598,2,1,1,4,Sticky Customer
15713374,2,1,1,4,Sticky Customer
15679733,2,3,1,6,Sticky Customer
15759274,2,1,1,4,Sticky Customer
15607748,2,3,1,6,Sticky Customer
15607577,2,1,1,4,Sticky Customer
15813697,2,3,1,6,Sticky Customer
15801125,0,1,1,2,Moderate Relationship
15777855,2,3,0,5,Sticky Customer
15635396,0,1,1,2,Moderate Relationship
15698031,0,3,1,4,Sticky Customer
15678944,0,1,1,2,Moderate Relationship
15718507,2,1,1,4,Sticky Customer
15808334,2,3,1,6,Sticky Customer
15804709,0,1,0,1,At-Risk Customer
15645835,2,3,1,6,Sticky Customer
15738166,2,1,0,3,Moderate Relationship
15675360,2,1,1,4,Sticky Customer
15793042,0,3,1,4,Sticky Customer
15630106,0,3,1,4,Sticky Customer
15810385,2,1,0,3,Moderate Relationship
15578211,2,3,1,6,Sticky Customer
15572792,2,1,1,4,Sticky Customer
15620030,0,1,0,1,At-Risk Customer
15783541,2,3,0,5,Sticky Customer
15679284,0,1,1,2,Moderate Relationship
15582910,0,1,1,2,Moderate Relationship
15688337,2,1,1,4,Sticky Customer
15734970,0,1,0,1,At-Risk Customer
15759140,2,1,0,3,Moderate Relationship
15643042,0,3,0,3,Moderate Relationship
15773868,0,3,1,4,Sticky Customer
15615820,2,1,1,4,Sticky Customer
15730273,0,1,1,2,Moderate Relationship
15724890,0,3,0,3,Moderate Relationship
15765952,0,1,1,2,Moderate Relationship
15685920,0,1,0,1,At-Risk Customer
15663263,0,3,0,3,Moderate Relationship
15568953,2,1,1,4,Sticky Customer
15643361,2,3,1,6,Sticky Customer
15699486,2,1,1,4,Sticky Customer
15747854,2,0,1,3,Moderate Relationship
15691785,0,1,1,2,Moderate Relationship
15709004,2,3,0,5,Sticky Customer
15652218,0,1,1,2,Moderate Relationship
15697127,2,1,1,4,Sticky Customer
15658486,2,1,1,4,Sticky Customer
15694160,0,3,0,3,Moderate Relationship
15685290,0,3,1,4,Sticky Customer
15701042,0,1,1,2,Moderate Relationship
15680449,0,1,1,2,Moderate Relationship
15599860,2,1,1,4,Sticky Customer
15723169,0,1,1,2,Moderate Relationship
15803842,2,3,0,5,Sticky Customer
15728224,0,3,1,4,Sticky Customer
15644174,2,1,1,4,Sticky Customer
15707110,0,3,1,4,Sticky Customer
15765415,2,1,1,4,Sticky Customer
15756751,2,1,1,4,Sticky Customer
15795151,0,1,1,2,Moderate Relationship
15632859,2,3,0,5,Sticky Customer
15584037,0,1,1,2,Moderate Relationship
15621409,0,1,1,2,Moderate Relationship
15581102,2,3,0,5,Sticky Customer
15578096,0,1,0,1,At-Risk Customer
15669887,2,1,1,4,Sticky Customer
15621834,0,3,1,4,Sticky Customer
15655341,0,1,1,2,Moderate Relationship
15685314,2,3,1,6,Sticky Customer
15653997,0,1,0,1,At-Risk Customer
15629551,2,3,0,5,Sticky Customer
15651264,0,1,0,1,At-Risk Customer
15760825,0,3,1,4,Sticky Customer
15597394,0,1,0,1,At-Risk Customer
15740383,0,3,1,4,Sticky Customer
15670562,2,1,1,4,Sticky Customer
15698117,2,1,0,3,Moderate Relationship
15694805,2,1,0,3,Moderate Relationship
15746802,0,1,1,2,Moderate Relationship
15589428,0,3,1,4,Sticky Customer
15790267,2,1,0,3,Moderate Relationship
15665402,2,1,1,4,Sticky Customer
15642093,0,3,1,4,Sticky Customer
15666181,0,1,1,2,Moderate Relationship
15602554,2,3,0,5,Sticky Customer
15724251,0,1,0,1,At-Risk Customer
15740147,2,1,0,3,Moderate Relationship
15718289,0,1,1,2,Moderate Relationship
15763148,0,1,0,1,At-Risk Customer
15685245,2,3,0,5,Sticky Customer
15626985,0,1,1,2,Moderate Relationship
15585823,0,1,1,2,Moderate Relationship
15728167,0,1,0,1,At-Risk Customer
15762928,0,1,1,2,Moderate Relationship
15751774,2,1,1,4,Sticky Customer
15654733,0,1,1,2,Moderate Relationship
15809777,2,1,1,4,Sticky Customer
15744200,0,1,1,2,Moderate Relationship
15720713,2,3,1,6,Sticky Customer
15695356,0,3,1,4,Sticky Customer
15653315,0,3,1,4,Sticky Customer
15604792,2,3,0,5,Sticky Customer
15704819,0,3,0,3,Moderate Relationship
15670859,2,3,1,6,Sticky Customer
15602797,2,0,0,2,Moderate Relationship
15662533,0,3,1,4,Sticky Customer
15778154,2,1,0,3,Moderate Relationship
15806230,2,3,1,6,Sticky Customer
15662884,2,1,0,3,Moderate Relationship
15750778,2,0,1,3,Moderate Relationship
15717185,2,3,1,6,Sticky Customer
15677804,2,0,1,3,Moderate Relationship
15568915,0,1,1,2,Moderate Relationship
15736495,0,1,1,2,Moderate Relationship
15737354,2,3,1,6,Sticky Customer
15667889,0,3,1,4,Sticky Customer
15577831,0,1,0,1,At-Risk Customer
15729836,0,3,1,4,Sticky Customer
15775293,0,1,1,2,Moderate Relationship
15697597,2,1,0,3,Moderate Relationship
15639669,2,1,1,4,Sticky Customer
15631392,2,3,0,5,Sticky Customer
15580935,0,3,1,4,Sticky Customer
15590344,2,3,1,6,Sticky Customer
15653306,0,1,0,1,At-Risk Customer
15805025,2,1,1,4,Sticky Customer
15658449,2,1,0,3,Moderate Relationship
15694450,0,1,1,2,Moderate Relationship
15605666,2,1,1,4,Sticky Customer
15615126,0,3,0,3,Moderate Relationship
15726588,0,3,0,3,Moderate Relationship
15645095,0,1,1,2,Moderate Relationship
15808960,0,3,1,4,Sticky Customer
15729435,2,3,1,6,Sticky Customer
15656840,2,1,1,4,Sticky Customer
15659149,0,3,1,4,Sticky Customer
15585490,2,1,0,3,Moderate Relationship
15674929,0,3,0,3,Moderate Relationship
15746341,2,3,1,6,Sticky Customer
15662091,2,1,1,4,Sticky Customer
15620123,0,1,0,1,At-Risk Customer
15616240,2,3,1,6,Sticky Customer
15624186,2,1,0,3,Moderate Relationship
15605036,2,1,1,4,Sticky Customer
15805151,2,3,1,6,Sticky Customer
15753847,2,1,0,3,Moderate Relationship
15653222,2,3,1,6,Sticky Customer
15757541,0,3,0,3,Moderate Relationship
15726945,2,3,1,6,Sticky Customer
15794276,2,1,1,4,Sticky Customer
15568328,2,3,1,6,Sticky Customer
15604355,2,1,1,4,Sticky Customer
15735788,2,3,1,6,Sticky Customer
15618255,0,3,1,4,Sticky Customer
15720941,2,3,0,5,Sticky Customer
15769110,0,3,1,4,Sticky Customer
15576094,2,3,0,5,Sticky Customer
15756150,0,3,0,3,Moderate Relationship
15719579,2,3,0,5,Sticky Customer
15748854,0,1,1,2,Moderate Relationship
15612455,2,1,1,4,Sticky Customer
15664802,0,3,0,3,Moderate Relationship
15735687,0,1,1,2,Moderate Relationship
15664734,2,3,1,6,Sticky Customer
15767894,2,3,0,5,Sticky Customer
15666884,0,3,1,4,Sticky Customer
15750156,0,1,1,2,Moderate Relationship
15751120,0,1,1,2,Moderate Relationship
15575748,2,3,0,5,Sticky Customer
15714610,2,3,1,6,Sticky Customer
15720305,2,1,0,3,Moderate Relationship
15678129,0,3,1,4,Sticky Customer
15566633,2,3,1,6,Sticky Customer
15680436,0,3,1,4,Sticky Customer
15674343,2,3,0,5,Sticky Customer
15658890,2,3,1,6,Sticky Customer
15599004,2,1,1,4,Sticky Customer
15726487,2,1,1,4,Sticky Customer
15698716,0,3,1,4,Sticky Customer
15710527,2,1,1,4,Sticky Customer
15655590,0,3,0,3,Moderate Relationship
15732266,0,1,1,2,Moderate Relationship
15669326,2,1,1,4,Sticky Customer
15672246,2,1,1,4,Sticky Customer
15620276,2,0,1,3,Moderate Relationship
15640258,2,3,1,6,Sticky Customer
15740283,0,3,0,3,Moderate Relationship
15759717,0,3,1,4,Sticky Customer
15620268,0,1,1,2,Moderate Relationship
15743871,0,3,1,4,Sticky Customer
15614491,0,3,1,4,Sticky Customer
15595047,0,3,0,3,Moderate Relationship
15732334,0,3,1,4,Sticky Customer
15701206,0,3,1,4,Sticky Customer
15581280,2,1,1,4,Sticky Customer
15651943,2,3,0,5,Sticky Customer
15609545,2,1,0,3,Moderate Relationship
15658548,0,3,1,4,Sticky Customer
15626008,2,1,1,4,Sticky Customer
15774133,2,1,0,3,Moderate Relationship
15763798,2,1,0,3,Moderate Relationship
15758013,0,3,0,3,Moderate Relationship
15705765,0,3,1,4,Sticky Customer
15648362,0,3,1,4,Sticky Customer
15761102,0,1,0,1,At-Risk Customer
15610165,2,3,1,6,Sticky Customer
15723717,0,1,0,1,At-Risk Customer
15654611,0,3,1,4,Sticky Customer
15659736,0,1,0,1,At-Risk Customer
15603170,0,1,1,2,Moderate Relationship
15786167,2,3,1,6,Sticky Customer
15671915,2,3,1,6,Sticky Customer
15794792,2,1,1,4,Sticky Customer
15652789,2,3,1,6,Sticky Customer
15739168,2,1,0,3,Moderate Relationship
15719950,2,1,1,4,Sticky Customer
15743818,2,3,0,5,Sticky Customer
15717937,0,1,0,1,At-Risk Customer
15602841,2,3,0,5,Sticky Customer
15619972,0,1,0,1,At-Risk Customer
15796114,0,1,0,1,At-Risk Customer
15633546,0,1,1,2,Moderate Relationship
15758755,2,1,0,3,Moderate Relationship
15695168,0,3,1,4,Sticky Customer
15754342,2,1,0,3,Moderate Relationship
15756610,0,1,0,1,At-Risk Customer
15640917,2,3,1,6,Sticky Customer
15663164,2,0,1,3,Moderate Relationship
15616811,2,1,0,3,Moderate Relationship
15610781,0,1,1,2,Moderate Relationship
15600911,0,1,1,2,Moderate Relationship
15629603,2,3,1,6,Sticky Customer
15714981,2,1,1,4,Sticky Customer
15775892,0,1,0,1,At-Risk Customer
15782778,2,3,0,5,Sticky Customer
15786643,2,3,1,6,Sticky Customer
15595657,2,1,0,3,Moderate Relationship
15743673,2,1,1,4,Sticky Customer
15634310,0,3,1,4,Sticky Customer
15790809,0,1,1,2,Moderate Relationship
15668695,0,1,0,1,At-Risk Customer
15669281,0,1,0,1,At-Risk Customer
15621031,0,3,1,4,Sticky Customer
15720071,0,1,0,1,At-Risk Customer
15792180,0,3,1,4,Sticky Customer
15813894,0,3,0,3,Moderate Relationship
15669490,0,3,1,4,Sticky Customer
15783030,0,1,1,2,Moderate Relationship
15695792,2,1,1,4,Sticky Customer
15575676,2,3,0,5,Sticky Customer
15627665,0,1,1,2,Moderate Relationship
15814092,2,1,0,3,Moderate Relationship
15695225,2,3,1,6,Sticky Customer
15615091,2,3,1,6,Sticky Customer
15794345,2,3,0,5,Sticky Customer
15726484,2,1,1,4,Sticky Customer
15650442,2,1,1,4,Sticky Customer
15714256,2,1,0,3,Moderate Relationship
15778752,2,3,1,6,Sticky Customer
15601659,0,3,1,4,Sticky Customer
15602811,0,3,0,3,Moderate Relationship
15779414,2,1,1,4,Sticky Customer
15763097,2,3,0,5,Sticky Customer
15633666,0,1,1,2,Moderate Relationship
15718789,0,3,1,4,Sticky Customer
15690620,0,1,1,2,Moderate Relationship
15737071,2,1,1,4,Sticky Customer
15665062,2,1,1,4,Sticky Customer
15600692,0,3,1,4,Sticky Customer
15792064,0,1,1,2,Moderate Relationship
15811486,2,3,0,5,Sticky Customer
15626141,2,3,1,6,Sticky Customer
15738546,2,3,0,5,Sticky Customer
15677052,2,3,1,6,Sticky Customer
15656454,0,1,1,2,Moderate Relationship
15645496,0,1,1,2,Moderate Relationship
15612505,0,1,1,2,Moderate Relationship
15708513,0,1,1,2,Moderate Relationship
15685654,2,3,1,6,Sticky Customer
15732307,2,1,1,4,Sticky Customer
15726814,2,3,0,5,Sticky Customer
15653776,0,0,0,0,At-Risk Customer
15597914,2,0,1,3,Moderate Relationship
15631603,2,1,1,4,Sticky Customer
15789753,2,1,0,3,Moderate Relationship
15678034,0,1,1,2,Moderate Relationship
15690209,0,3,1,4,Sticky Customer
15592091,2,3,1,6,Sticky Customer
15647453,0,1,0,1,At-Risk Customer
15697100,0,1,1,2,Moderate Relationship
15811290,2,3,1,6,Sticky Customer
15629187,0,1,1,2,Moderate Relationship
15758073,0,1,0,1,At-Risk Customer
15640769,2,1,1,4,Sticky Customer
15606641,2,0,1,3,Moderate Relationship
15718280,2,3,1,6,Sticky Customer
15764335,0,3,1,4,Sticky Customer
15634218,0,3,1,4,Sticky Customer
15808760,2,1,1,4,Sticky Customer
15648461,2,3,1,6,Sticky Customer
15593555,2,3,1,6,Sticky Customer
15569079,0,1,1,2,Moderate Relationship
15800736,2,1,1,4,Sticky Customer
15792607,0,3,0,3,Moderate Relationship
15640034,0,1,1,2,Moderate Relationship
15807563,0,1,0,1,At-Risk Customer
15684461,0,1,1,2,Moderate Relationship
15580134,2,1,1,4,Sticky Customer
15679075,0,1,1,2,Moderate Relationship
15742504,0,3,1,4,Sticky Customer
15567328,2,1,0,3,Moderate Relationship
15698294,0,3,1,4,Sticky Customer
15607142,2,1,1,4,Sticky Customer
15738516,0,1,1,2,Moderate Relationship
15806403,0,3,1,4,Sticky Customer
15656707,2,1,1,4,Sticky Customer
15653715,2,3,1,6,Sticky Customer
15806184,2,3,1,6,Sticky Customer
15585734,2,3,1,6,Sticky Customer
15725639,2,1,1,4,Sticky Customer
15618401,2,3,1,6,Sticky Customer
15785385,0,3,1,4,Sticky Customer
15734762,0,0,1,1,At-Risk Customer
15767129,2,1,1,4,Sticky Customer
15797204,2,3,0,5,Sticky Customer
15769272,0,1,0,1,At-Risk Customer
15771966,0,1,1,2,Moderate Relationship
15691952,2,1,1,4,Sticky Customer
15593250,0,3,1,4,Sticky Customer
15605333,0,1,1,2,Moderate Relationship
15800083,2,1,0,3,Moderate Relationship
15575691,2,3,0,5,Sticky Customer
15689886,2,0,1,3,Moderate Relationship
15809838,0,3,0,3,Moderate Relationship
15736154,2,3,0,5,Sticky Customer
15767391,2,3,0,5,Sticky Customer
15704910,0,3,1,4,Sticky Customer
15656613,0,1,0,1,At-Risk Customer
15611551,2,3,0,5,Sticky Customer
15732430,0,1,1,2,Moderate Relationship
15741865,2,1,1,4,Sticky Customer
15634143,0,1,0,1,At-Risk Customer
15609676,0,1,1,2,Moderate Relationship
15761600,2,1,1,4,Sticky Customer
15676404,0,1,1,2,Moderate Relationship
15659236,2,3,1,6,Sticky Customer
15690440,2,3,1,6,Sticky Customer
15694601,0,1,1,2,Moderate Relationship
15812262,0,1,1,2,Moderate Relationship
15762821,2,3,0,5,Sticky Customer
15669301,0,1,1,2,Moderate Relationship
15672640,2,3,1,6,Sticky Customer
15750458,2,3,0,5,Sticky Customer
15627251,2,1,1,4,Sticky Customer
15764294,2,1,1,4,Sticky Customer
15659962,2,3,1,6,Sticky Customer
15788536,0,3,0,3,Moderate Relationship
15596979,2,3,1,6,Sticky Customer
15681220,2,3,1,6,Sticky Customer
15635097,2,3,0,5,Sticky Customer
15780779,0,3,1,4,Sticky Customer
15798470,0,1,1,2,Moderate Relationship
15760880,2,3,0,5,Sticky Customer
15616929,2,1,0,3,Moderate Relationship
15758775,2,1,1,4,Sticky Customer
15663386,0,3,1,4,Sticky Customer
15621267,0,1,0,1,At-Risk Customer
15720509,2,1,0,3,Moderate Relationship
15693322,2,1,0,3,Moderate Relationship
15589544,2,3,1,6,Sticky Customer
15772030,2,3,0,5,Sticky Customer
15693337,2,1,1,4,Sticky Customer
15676571,0,1,1,2,Moderate Relationship
15701392,2,3,0,5,Sticky Customer
15741092,0,1,1,2,Moderate Relationship
15643865,2,1,0,3,Moderate Relationship
15769389,0,1,1,2,Moderate Relationship
15807768,2,1,1,4,Sticky Customer
15801630,0,3,1,4,Sticky Customer
15705034,2,3,1,6,Sticky Customer
15763107,2,1,1,4,Sticky Customer
15667085,2,3,1,6,Sticky Customer
15647008,0,1,1,2,Moderate Relationship
15584505,0,3,0,3,Moderate Relationship
15748068,2,3,1,6,Sticky Customer
15663964,0,3,1,4,Sticky Customer
15782311,2,3,1,6,Sticky Customer
15588197,0,3,0,3,Moderate Relationship
15610105,2,3,1,6,Sticky Customer
15606133,2,3,0,5,Sticky Customer
15599403,2,3,1,6,Sticky Customer
15648225,2,1,0,3,Moderate Relationship
15608406,0,1,1,2,Moderate Relationship
15633378,0,3,1,4,Sticky Customer
15664759,0,3,1,4,Sticky Customer
15625545,2,1,1,4,Sticky Customer
15772148,2,1,0,3,Moderate Relationship
15810829,0,1,1,2,Moderate Relationship
15731669,0,1,1,2,Moderate Relationship
15738634,2,1,1,4,Sticky Customer
15737571,2,1,0,3,Moderate Relationship
15667602,0,3,1,4,Sticky Customer
15684147,2,1,1,4,Sticky Customer
15789874,0,3,0,3,Moderate Relationship
15757952,0,0,1,1,At-Risk Customer
15698732,0,1,1,2,Moderate Relationship
15714355,2,1,0,3,Moderate Relationship
15599090,2,1,1,4,Sticky Customer
15762048,2,3,1,6,Sticky Customer
15790596,2,1,1,4,Sticky Customer
15609623,0,1,1,2,Moderate Relationship
15711901,2,1,1,4,Sticky Customer
15779809,2,1,0,3,Moderate Relationship
15729018,2,1,1,4,Sticky Customer
15698246,2,3,1,6,Sticky Customer
15712409,2,3,1,6,Sticky Customer
15758306,2,3,1,6,Sticky Customer
15621435,0,1,0,1,At-Risk Customer
15566295,0,3,1,4,Sticky Customer
15569098,0,1,0,1,At-Risk Customer
15662532,2,3,1,6,Sticky Customer
15664001,0,1,0,1,At-Risk Customer
15703437,0,3,1,4,Sticky Customer
15708003,0,1,1,2,Moderate Relationship
15599452,0,3,1,4,Sticky Customer
15719793,2,3,1,6,Sticky Customer
15771580,2,1,0,3,Moderate Relationship
15732268,0,1,1,2,Moderate Relationship
15722350,2,1,1,4,Sticky Customer
15611371,2,1,1,4,Sticky Customer
15673584,2,3,1,6,Sticky Customer
15636396,2,3,0,5,Sticky Customer
15706170,0,1,0,1,At-Risk Customer
15725478,2,3,1,6,Sticky Customer
15654562,0,0,1,1,At-Risk Customer
15737509,0,1,0,1,At-Risk Customer
15690796,0,1,1,2,Moderate Relationship
15716728,2,3,0,5,Sticky Customer
15605665,2,3,1,6,Sticky Customer
15748481,0,1,0,1,At-Risk Customer
15757777,2,3,1,6,Sticky Customer
15747808,2,1,1,4,Sticky Customer
15810593,2,0,1,3,Moderate Relationship
15693376,2,3,1,6,Sticky Customer
15579808,2,1,1,4,Sticky Customer
15598275,2,3,1,6,Sticky Customer
15737080,2,3,0,5,Sticky Customer
15668580,2,3,1,6,Sticky Customer
15569438,0,3,0,3,Moderate Relationship
15675842,0,1,1,2,Moderate Relationship
15577587,2,1,1,4,Sticky Customer
15625592,2,3,1,6,Sticky Customer
15635141,0,3,0,3,Moderate Relationship
15642570,0,3,1,4,Sticky Customer
15702175,2,3,1,6,Sticky Customer
15677785,0,1,1,2,Moderate Relationship
15786153,0,3,1,4,Sticky Customer
15759499,2,1,1,4,Sticky Customer
15659568,2,1,1,4,Sticky Customer
15715597,0,1,1,2,Moderate Relationship
15610147,2,3,0,5,Sticky Customer
15802362,2,3,0,5,Sticky Customer
15660524,2,1,1,4,Sticky Customer
15747168,2,1,0,3,Moderate Relationship
15796910,0,1,0,1,At-Risk Customer
15707674,0,1,1,2,Moderate Relationship
15565706,2,1,1,4,Sticky Customer
15587596,0,1,1,2,Moderate Relationship
15751943,0,3,0,3,Moderate Relationship
15621227,2,1,1,4,Sticky Customer
15757588,0,3,0,3,Moderate Relationship
15640922,2,1,1,4,Sticky Customer
15567557,2,1,1,4,Sticky Customer
15670103,2,1,1,4,Sticky Customer
15720929,0,0,0,0,At-Risk Customer
15732774,0,1,1,2,Moderate Relationship
15628558,2,1,1,4,Sticky Customer
15729201,0,1,1,2,Moderate Relationship
15731117,0,1,1,2,Moderate Relationship
15615207,2,1,1,4,Sticky Customer
15773512,2,1,1,4,Sticky Customer
15572145,0,3,1,4,Sticky Customer
15642710,0,3,1,4,Sticky Customer
15574213,2,1,1,4,Sticky Customer
15718852,2,1,1,4,Sticky Customer
15583840,2,1,1,4,Sticky Customer
15782418,2,1,1,4,Sticky Customer
15813504,2,1,0,3,Moderate Relationship
15711314,0,1,0,1,At-Risk Customer
15621064,2,3,1,6,Sticky Customer
15627847,0,1,1,2,Moderate Relationship
15588090,0,3,1,4,Sticky Customer
15735270,0,1,1,2,Moderate Relationship
15671804,2,3,1,6,Sticky Customer
15753215,0,3,1,4,Sticky Customer
15789941,0,1,0,1,At-Risk Customer
15691061,2,3,1,6,Sticky Customer
15808326,2,3,1,6,Sticky Customer
15566660,0,0,1,1,At-Risk Customer
15778947,2,3,1,6,Sticky Customer
15632977,0,3,0,3,Moderate Relationship
15591747,0,3,0,3,Moderate Relationship
15567335,2,3,1,6,Sticky Customer
15609299,0,1,1,2,Moderate Relationship
15669945,0,3,1,4,Sticky Customer
15736271,0,1,1,2,Moderate Relationship
15710390,2,3,1,6,Sticky Customer
15756481,0,1,1,2,Moderate Relationship
15736730,2,1,1,4,Sticky Customer
15626040,2,3,0,5,Sticky Customer
15746553,2,1,0,3,Moderate Relationship
15622518,2,1,1,4,Sticky Customer
15684908,2,1,0,3,Moderate Relationship
15569446,0,3,1,4,Sticky Customer
15777504,2,1,1,4,Sticky Customer
15677906,2,1,0,3,Moderate Relationship
15703292,2,3,1,6,Sticky Customer
15712938,2,3,1,6,Sticky Customer
15631359,0,1,0,1,At-Risk Customer
15720847,2,3,1,6,Sticky Customer
15787830,0,1,1,2,Moderate Relationship
15599869,2,1,1,4,Sticky Customer
15592078,0,3,1,4,Sticky Customer
15596228,0,3,1,4,Sticky Customer
15578462,2,1,1,4,Sticky Customer
15756894,2,1,0,3,Moderate Relationship
15796167,0,3,1,4,Sticky Customer
15664808,0,0,0,0,At-Risk Customer
15664555,2,0,0,2,Moderate Relationship
15607278,2,1,1,4,Sticky Customer
15585222,2,3,1,6,Sticky Customer
15750299,2,1,0,3,Moderate Relationship
15761294,0,1,1,2,Moderate Relationship
15810454,2,1,0,3,Moderate Relationship
15673984,0,1,1,2,Moderate Relationship
15609319,2,1,1,4,Sticky Customer
15709941,0,0,1,1,At-Risk Customer
15580252,2,1,0,3,Moderate Relationship
15741275,2,3,1,6,Sticky Customer
15707132,2,3,0,5,Sticky Customer
15600708,2,1,1,4,Sticky Customer
15804787,2,1,1,4,Sticky Customer
15690021,2,1,0,3,Moderate Relationship
15763895,0,3,1,4,Sticky Customer
15623478,2,3,0,5,Sticky Customer
15797910,2,1,1,4,Sticky Customer
15577751,0,1,0,1,At-Risk Customer
15781777,0,1,0,1,At-Risk Customer
15740527,2,1,0,3,Moderate Relationship
15721251,2,1,0,3,Moderate Relationship
15602994,2,1,0,3,Moderate Relationship
15750769,0,1,1,2,Moderate Relationship
15740175,0,3,0,3,Moderate Relationship
15679968,0,1,1,2,Moderate Relationship
15694404,2,1,1,4,Sticky Customer
15657529,2,1,1,4,Sticky Customer
15762882,2,1,1,4,Sticky Customer
15642579,2,1,1,4,Sticky Customer
15598884,2,1,1,4,Sticky Customer
15770185,0,1,1,2,Moderate Relationship
15800287,0,3,1,4,Sticky Customer
15665861,2,1,0,3,Moderate Relationship
15662203,2,3,1,6,Sticky Customer
15616454,2,1,0,3,Moderate Relationship
15702788,0,1,1,2,Moderate Relationship
15778149,0,3,1,4,Sticky Customer
15680001,0,3,1,4,Sticky Customer
15711991,0,3,0,3,Moderate Relationship
15633834,0,3,0,3,Moderate Relationship
15765266,0,3,0,3,Moderate Relationship
15791867,0,1,0,1,At-Risk Customer
15675380,2,1,0,3,Moderate Relationship
15770576,2,3,1,6,Sticky Customer
15775294,0,3,1,4,Sticky Customer
15727059,0,3,0,3,Moderate Relationship
15702499,2,1,1,4,Sticky Customer
15611699,0,1,1,2,Moderate Relationship
15654000,0,1,1,2,Moderate Relationship
15657881,2,1,0,3,Moderate Relationship
15719991,0,1,1,2,Moderate Relationship
15720687,0,1,0,1,At-Risk Customer
15687079,0,1,1,2,Moderate Relationship
15582276,2,1,0,3,Moderate Relationship
15763980,2,1,1,4,Sticky Customer
15720774,0,1,1,2,Moderate Relationship
15592194,0,3,1,4,Sticky Customer
15803685,2,3,0,5,Sticky Customer
15759456,0,3,1,4,Sticky Customer
15611544,0,3,1,4,Sticky Customer
15794257,2,1,1,4,Sticky Customer
15681697,0,1,1,2,Moderate Relationship
15579566,0,1,1,2,Moderate Relationship
15577970,0,1,0,1,At-Risk Customer
15727489,0,1,1,2,Moderate Relationship
15764284,2,0,1,3,Moderate Relationship
15581811,2,3,0,5,Sticky Customer
15622527,2,1,1,4,Sticky Customer
15753362,2,3,1,6,Sticky Customer
15666652,2,3,1,6,Sticky Customer
15789714,2,1,1,4,Sticky Customer
15771543,2,1,1,4,Sticky Customer
15748327,0,3,0,3,Moderate Relationship
15754649,2,3,1,6,Sticky Customer
15810460,2,0,0,2,Moderate Relationship
15771742,0,3,1,4,Sticky Customer
15642160,0,3,1,4,Sticky Customer
15798439,2,1,1,4,Sticky Customer
15605293,2,3,1,6,Sticky Customer
15692631,2,1,0,3,Moderate Relationship
15665376,0,3,1,4,Sticky Customer
15772412,2,1,1,4,Sticky Customer
15654577,0,1,1,2,Moderate Relationship
15585427,0,3,0,3,Moderate Relationship
15584536,2,1,1,4,Sticky Customer
15585853,0,1,1,2,Moderate Relationship
15645271,0,3,0,3,Moderate Relationship
15579387,2,3,0,5,Sticky Customer
15623107,0,0,1,1,At-Risk Customer
15754072,0,3,1,4,Sticky Customer
15666163,2,1,1,4,Sticky Customer
15765192,0,3,0,3,Moderate Relationship
15804822,0,3,1,4,Sticky Customer
15612893,0,1,1,2,Moderate Relationship
15593636,0,1,1,2,Moderate Relationship
15693326,0,3,0,3,Moderate Relationship
15809901,0,3,1,4,Sticky Customer
15759751,2,3,1,6,Sticky Customer
15605425,0,1,1,2,Moderate Relationship
15801934,2,3,1,6,Sticky Customer
15592000,0,1,1,2,Moderate Relationship
15618695,2,1,0,3,Moderate Relationship
15637110,0,1,1,2,Moderate Relationship
15727408,0,3,1,4,Sticky Customer
15716328,0,3,0,3,Moderate Relationship
15669060,0,3,1,4,Sticky Customer
15675854,2,1,0,3,Moderate Relationship
15621116,0,1,1,2,Moderate Relationship
15781495,2,3,1,6,Sticky Customer
15740470,0,3,1,4,Sticky Customer
15714391,2,1,1,4,Sticky Customer
15730137,0,1,0,1,At-Risk Customer
15596455,0,1,0,1,At-Risk Customer
15717290,2,3,0,5,Sticky Customer
15616555,0,1,1,2,Moderate Relationship
15659820,0,3,1,4,Sticky Customer
15696301,0,1,1,2,Moderate Relationship
15771087,2,3,1,6,Sticky Customer
15808831,2,3,1,6,Sticky Customer
15812241,0,1,1,2,Moderate Relationship
15680370,2,3,0,5,Sticky Customer
15780561,0,3,0,3,Moderate Relationship
15800784,2,1,1,4,Sticky Customer
15715796,2,3,1,6,Sticky Customer
15605375,0,1,1,2,Moderate Relationship
15621520,0,1,1,2,Moderate Relationship
15665460,2,3,1,6,Sticky Customer
15801152,0,3,1,4,Sticky Customer
15756425,0,1,0,1,At-Risk Customer
15674328,2,1,1,4,Sticky Customer
15742404,0,3,1,4,Sticky Customer
15757140,2,1,0,3,Moderate Relationship
15570051,0,3,0,3,Moderate Relationship
15669175,2,3,0,5,Sticky Customer
15790324,0,1,1,2,Moderate Relationship
15691119,0,1,0,1,At-Risk Customer
15743478,2,3,1,6,Sticky Customer
15707007,0,1,1,2,Moderate Relationship
15572547,0,1,1,2,Moderate Relationship
15567063,2,1,0,3,Moderate Relationship
15689633,0,1,1,2,Moderate Relationship
15720637,0,1,1,2,Moderate Relationship
15616859,0,0,1,1,At-Risk Customer
15766166,2,1,1,4,Sticky Customer
15617655,2,3,1,6,Sticky Customer
15623450,2,1,1,4,Sticky Customer
15796612,0,1,1,2,Moderate Relationship
15795963,2,1,0,3,Moderate Relationship
15781598,2,1,0,3,Moderate Relationship
15691871,2,1,1,4,Sticky Customer
15740345,0,1,1,2,Moderate Relationship
15662626,0,3,0,3,Moderate Relationship
15596575,2,3,1,6,Sticky Customer
15657321,0,3,1,4,Sticky Customer
15575955,0,3,1,4,Sticky Customer
15743893,0,1,1,2,Moderate Relationship
15697270,2,1,1,4,Sticky Customer
15644356,0,1,1,2,Moderate Relationship
15677586,2,3,1,6,Sticky Customer
15571261,2,3,1,6,Sticky Customer
15698758,2,3,1,6,Sticky Customer
15787014,2,1,1,4,Sticky Customer
15739857,2,3,1,6,Sticky Customer
15774630,2,1,1,4,Sticky Customer
15805523,2,1,0,3,Moderate Relationship
15749557,2,3,1,6,Sticky Customer
15681180,0,1,1,2,Moderate Relationship
15742028,0,3,1,4,Sticky Customer
15686463,0,1,1,2,Moderate Relationship
15654379,2,3,1,6,Sticky Customer
15783629,0,3,0,3,Moderate Relationship
15751193,2,3,1,6,Sticky Customer
15724099,2,1,1,4,Sticky Customer
15568429,0,3,1,4,Sticky Customer
15648967,0,1,1,2,Moderate Relationship
15664498,0,1,1,2,Moderate Relationship
15779522,0,3,1,4,Sticky Customer
15583850,2,3,1,6,Sticky Customer
15696539,2,1,1,4,Sticky Customer
15760121,0,1,1,2,Moderate Relationship
15628279,2,3,1,6,Sticky Customer
15766163,2,3,0,5,Sticky Customer
15566467,2,3,1,6,Sticky Customer
15639049,2,1,0,3,Moderate Relationship
15736413,2,3,1,6,Sticky Customer
15634815,2,3,1,6,Sticky Customer
15716381,2,1,1,4,Sticky Customer
15708162,2,3,0,5,Sticky Customer
15569364,0,3,1,4,Sticky Customer
15791191,2,1,1,4,Sticky Customer
15621205,2,1,1,4,Sticky Customer
15704788,0,3,0,3,Moderate Relationship
15775756,0,1,0,1,At-Risk Customer
15641312,2,1,1,4,Sticky Customer
15782531,0,3,1,4,Sticky Customer
15724428,0,3,1,4,Sticky Customer
15743617,0,1,1,2,Moderate Relationship
15585839,0,3,1,4,Sticky Customer
15658158,0,1,1,2,Moderate Relationship
15637678,0,1,1,2,Moderate Relationship
15701809,0,1,1,2,Moderate Relationship
15676937,2,3,1,6,Sticky Customer
15778975,0,0,1,1,At-Risk Customer
15710375,0,3,1,4,Sticky Customer
15579914,2,3,1,6,Sticky Customer
15595160,2,3,1,6,Sticky Customer
15595391,0,3,1,4,Sticky Customer
15630363,0,1,0,1,At-Risk Customer
15692443,0,1,1,2,Moderate Relationship
15593795,0,1,1,2,Moderate Relationship
15642824,2,3,0,5,Sticky Customer
15683524,0,3,0,3,Moderate Relationship
15713532,0,1,1,2,Moderate Relationship
15719827,0,1,0,1,At-Risk Customer
15578435,2,1,1,4,Sticky Customer
15723028,0,3,1,4,Sticky Customer
15595609,0,3,0,3,Moderate Relationship
15622443,2,3,0,5,Sticky Customer
15579112,2,3,1,6,Sticky Customer
15648479,0,3,1,4,Sticky Customer
15659234,2,1,0,3,Moderate Relationship
15811970,2,3,1,6,Sticky Customer
15774192,0,1,0,1,At-Risk Customer
15595136,2,3,1,6,Sticky Customer
15630580,2,3,1,6,Sticky Customer
15660646,0,1,1,2,Moderate Relationship
15614365,0,1,0,1,At-Risk Customer
15776128,0,1,0,1,At-Risk Customer
15787035,2,3,1,6,Sticky Customer
15792646,2,1,1,4,Sticky Customer
15726832,2,1,1,4,Sticky Customer
15773260,0,1,1,2,Moderate Relationship
15624437,2,3,1,6,Sticky Customer
15717138,0,3,1,4,Sticky Customer
15657317,0,1,1,2,Moderate Relationship
15626948,0,1,1,2,Moderate Relationship
15758901,0,1,1,2,Moderate Relationship
15777759,2,1,1,4,Sticky Customer
15773322,0,1,0,1,At-Risk Customer
15697318,0,1,0,1,At-Risk Customer
15678916,0,1,1,2,Moderate Relationship
15632118,0,1,1,2,Moderate Relationship
15788118,0,3,1,4,Sticky Customer
15788930,0,1,1,2,Moderate Relationship
15628583,2,3,0,5,Sticky Customer
15635177,2,1,1,4,Sticky Customer
15587690,0,1,1,2,Moderate Relationship
15627630,0,3,1,4,Sticky Customer
15610930,0,1,1,2,Moderate Relationship
15657747,2,3,0,5,Sticky Customer
15568006,0,0,1,1,At-Risk Customer
15751748,0,1,0,1,At-Risk Customer
15722212,0,3,0,3,Moderate Relationship
15658670,0,3,1,4,Sticky Customer
15761654,2,1,1,4,Sticky Customer
15812210,2,0,1,3,Moderate Relationship
15787051,0,1,1,2,Moderate Relationship
15642991,0,3,1,4,Sticky Customer
15713769,2,1,1,4,Sticky Customer
15605826,0,0,1,1,At-Risk Customer
15648898,2,1,1,4,Sticky Customer
15705309,0,3,0,3,Moderate Relationship
15734202,0,1,1,2,Moderate Relationship
15658852,2,3,1,6,Sticky Customer
15612633,2,1,0,3,Moderate Relationship
15604818,0,1,1,2,Moderate Relationship
15593900,2,1,0,3,Moderate Relationship
15624995,2,1,1,4,Sticky Customer
15570087,2,1,1,4,Sticky Customer
15802617,0,3,1,4,Sticky Customer
15656029,2,3,0,5,Sticky Customer
15739194,0,3,1,4,Sticky Customer
15607275,2,3,0,5,Sticky Customer
15629475,0,3,1,4,Sticky Customer
15635034,2,1,1,4,Sticky Customer
15756333,2,3,1,6,Sticky Customer
15777436,0,3,1,4,Sticky Customer
15676835,0,3,1,4,Sticky Customer
15574206,2,3,1,6,Sticky Customer
15613017,0,1,1,2,Moderate Relationship
15815131,2,1,1,4,Sticky Customer
15585455,0,3,0,3,Moderate Relationship
15692929,2,3,0,5,Sticky Customer
15758081,2,1,1,4,Sticky Customer
15667476,0,1,0,1,At-Risk Customer
15738248,0,3,1,4,Sticky Customer
15672152,2,1,0,3,Moderate Relationship
15673372,2,1,1,4,Sticky Customer
15587611,0,3,0,3,Moderate Relationship
15803415,0,3,1,4,Sticky Customer
15715673,0,1,1,2,Moderate Relationship
15655648,0,3,1,4,Sticky Customer
15763613,0,3,1,4,Sticky Customer
15660385,0,3,1,4,Sticky Customer
15733261,0,1,1,2,Moderate Relationship
15796231,2,1,1,4,Sticky Customer
15624866,0,3,0,3,Moderate Relationship
15623730,2,1,0,3,Moderate Relationship
15668248,0,1,0,1,At-Risk Customer
15694518,0,3,1,4,Sticky Customer
15638028,2,3,0,5,Sticky Customer
15795895,0,3,1,4,Sticky Customer
15694376,0,0,0,0,At-Risk Customer
15669204,0,3,1,4,Sticky Customer
15773779,2,1,1,4,Sticky Customer
15580682,2,3,1,6,Sticky Customer
15768530,2,3,1,6,Sticky Customer
15672875,2,1,1,4,Sticky Customer
15617082,2,1,1,4,Sticky Customer
15760514,2,3,1,6,Sticky Customer
15761775,2,3,1,6,Sticky Customer
15799964,0,1,1,2,Moderate Relationship
15693906,2,1,1,4,Sticky Customer
15739514,2,3,1,6,Sticky Customer
15756926,2,3,0,5,Sticky Customer
15770984,2,3,0,5,Sticky Customer
15703979,0,1,1,2,Moderate Relationship
15801821,0,3,0,3,Moderate Relationship
15711028,2,0,1,3,Moderate Relationship
15791842,2,1,1,4,Sticky Customer
15746127,0,3,1,4,Sticky Customer
15663625,0,3,0,3,Moderate Relationship
15604891,0,3,1,4,Sticky Customer
15589666,2,1,1,4,Sticky Customer
15627881,2,3,1,6,Sticky Customer
15664895,2,3,1,6,Sticky Customer
15676094,2,1,1,4,Sticky Customer
15761720,0,1,1,2,Moderate Relationship
15611961,0,3,1,4,Sticky Customer
15680167,2,1,1,4,Sticky Customer
15762543,0,3,1,4,Sticky Customer
15658475,0,1,1,2,Moderate Relationship
15779743,0,3,1,4,Sticky Customer
15661532,0,3,0,3,Moderate Relationship
15782360,2,1,1,4,Sticky Customer
15767908,0,3,0,3,Moderate Relationship
15677105,0,1,1,2,Moderate Relationship
15641474,0,1,1,2,Moderate Relationship
15624451,0,3,1,4,Sticky Customer
15577985,2,3,1,6,Sticky Customer
15571666,0,1,0,1,At-Risk Customer
15783691,0,1,1,2,Moderate Relationship
15671172,2,3,0,5,Sticky Customer
15731760,2,1,0,3,Moderate Relationship
15585599,2,3,0,5,Sticky Customer
15784958,2,0,1,3,Moderate Relationship
15734524,0,1,1,2,Moderate Relationship
15614103,2,1,0,3,Moderate Relationship
15794895,2,3,0,5,Sticky Customer
15772381,0,1,1,2,Moderate Relationship
15710553,2,3,0,5,Sticky Customer
15649292,0,1,0,1,At-Risk Customer
15792565,2,3,1,6,Sticky Customer
15718245,2,3,1,6,Sticky Customer
15703117,2,3,0,5,Sticky Customer
15758136,2,1,0,3,Moderate Relationship
15799932,2,3,1,6,Sticky Customer
15633516,2,1,0,3,Moderate Relationship
15622532,2,3,0,5,Sticky Customer
15798960,2,1,0,3,Moderate Relationship
15698664,0,3,0,3,Moderate Relationship
15703614,0,1,1,2,Moderate Relationship
15699195,2,1,1,4,Sticky Customer
15710543,2,1,1,4,Sticky Customer
15695499,2,3,0,5,Sticky Customer
15622321,2,1,1,4,Sticky Customer
15715744,2,1,0,3,Moderate Relationship
15788151,2,3,1,6,Sticky Customer
15687153,0,1,1,2,Moderate Relationship
15684958,2,3,1,6,Sticky Customer
15706116,0,1,1,2,Moderate Relationship
15740557,0,3,1,4,Sticky Customer
15707291,2,3,1,6,Sticky Customer
15583353,0,1,1,2,Moderate Relationship
15761024,2,3,1,6,Sticky Customer
15630709,0,3,0,3,Moderate Relationship
15639590,0,1,1,2,Moderate Relationship
15659399,0,3,1,4,Sticky Customer
15567078,2,1,1,4,Sticky Customer
15696373,0,3,0,3,Moderate Relationship
15786617,0,1,1,2,Moderate Relationship
15657449,0,1,1,2,Moderate Relationship
15672594,0,1,0,1,At-Risk Customer
15714240,0,3,0,3,Moderate Relationship
15782144,2,3,1,6,Sticky Customer
15665008,2,3,1,6,Sticky Customer
15581733,0,3,1,4,Sticky Customer
15751392,0,3,1,4,Sticky Customer
15785815,2,3,1,6,Sticky Customer
15664214,0,3,1,4,Sticky Customer
15579996,0,1,0,1,At-Risk Customer
15675252,2,3,1,6,Sticky Customer
15579617,2,3,0,5,Sticky Customer
15593976,0,0,0,0,At-Risk Customer
15716041,2,3,0,5,Sticky Customer
15654489,2,1,1,4,Sticky Customer
15736302,2,3,1,6,Sticky Customer
15805909,0,1,0,1,At-Risk Customer
15572762,0,3,1,4,Sticky Customer
15724632,2,3,0,5,Sticky Customer
15670416,2,1,0,3,Moderate Relationship
15749528,2,3,0,5,Sticky Customer
15578783,2,1,1,4,Sticky Customer
15580719,2,3,1,6,Sticky Customer
15656293,0,3,1,4,Sticky Customer
15691875,0,1,1,2,Moderate Relationship
15596870,0,1,1,2,Moderate Relationship
15780770,2,1,1,4,Sticky Customer
15751491,0,1,1,2,Moderate Relationship
15706200,0,3,1,4,Sticky Customer
15808674,2,0,1,3,Moderate Relationship
15641411,2,1,1,4,Sticky Customer
15764661,0,1,1,2,Moderate Relationship
15689492,2,3,0,5,Sticky Customer
15602405,0,1,1,2,Moderate Relationship
15610271,0,1,1,2,Moderate Relationship
15791780,2,0,0,2,Moderate Relationship
15589147,2,1,1,4,Sticky Customer
15756975,2,3,1,6,Sticky Customer
15729582,0,1,0,1,At-Risk Customer
15742971,0,3,1,4,Sticky Customer
15568046,0,1,1,2,Moderate Relationship
15694890,0,1,1,2,Moderate Relationship
15736963,2,3,1,6,Sticky Customer
15646490,2,1,0,3,Moderate Relationship
15607314,0,1,1,2,Moderate Relationship
15576745,2,3,0,5,Sticky Customer
15669606,0,3,1,4,Sticky Customer
15737832,0,1,0,1,At-Risk Customer
15681990,0,3,1,4,Sticky Customer
15758050,0,3,1,4,Sticky Customer
15787848,0,3,0,3,Moderate Relationship
15713594,0,1,1,2,Moderate Relationship
15588186,0,1,1,2,Moderate Relationship
15786739,2,1,1,4,Sticky Customer
15699467,0,1,0,1,At-Risk Customer
15680706,0,1,1,2,Moderate Relationship
15645717,2,3,1,6,Sticky Customer
15748597,2,1,0,3,Moderate Relationship
15773709,2,3,0,5,Sticky Customer
15629787,0,3,0,3,Moderate Relationship
15661007,0,1,0,1,At-Risk Customer
15686812,2,1,0,3,Moderate Relationship
15754113,2,3,1,6,Sticky Customer
15749489,0,1,0,1,At-Risk Customer
15574352,2,1,1,4,Sticky Customer
15701281,2,3,1,6,Sticky Customer
15811985,0,3,0,3,Moderate Relationship
15713505,2,3,0,5,Sticky Customer
15685653,0,3,1,4,Sticky Customer
15758831,0,1,0,1,At-Risk Customer
15618774,0,1,1,2,Moderate Relationship
15764448,0,1,1,2,Moderate Relationship
15611024,2,1,0,3,Moderate Relationship
15738220,0,3,1,4,Sticky Customer
15805764,2,3,0,5,Sticky Customer
15580487,2,3,0,5,Sticky Customer
15675787,0,1,1,2,Moderate Relationship
15583580,0,1,1,2,Moderate Relationship
15780654,2,3,0,5,Sticky Customer
15695034,0,1,1,2,Moderate Relationship
15805671,2,1,0,3,Moderate Relationship
15790658,2,1,1,4,Sticky Customer
15578648,0,1,1,2,Moderate Relationship
15734987,0,3,1,4,Sticky Customer
15721740,2,1,1,4,Sticky Customer
15641822,2,3,0,5,Sticky Customer
15765650,0,1,0,1,At-Risk Customer
15788556,2,1,1,4,Sticky Customer
15576550,0,1,1,2,Moderate Relationship
15622230,2,3,0,5,Sticky Customer
15653937,0,1,1,2,Moderate Relationship
15743538,0,3,1,4,Sticky Customer
15591740,2,3,1,6,Sticky Customer
15650086,0,3,1,4,Sticky Customer
15718773,0,3,1,4,Sticky Customer
15615140,2,1,1,4,Sticky Customer
15644361,0,1,0,1,At-Risk Customer
15774536,0,3,0,3,Moderate Relationship
15618661,2,1,1,4,Sticky Customer
15605020,0,3,1,4,Sticky Customer
15762134,2,3,1,6,Sticky Customer
15685279,2,1,1,4,Sticky Customer
15582849,2,1,1,4,Sticky Customer
15655410,0,1,1,2,Moderate Relationship
15649129,0,3,1,4,Sticky Customer
15702380,2,3,0,5,Sticky Customer
15759067,2,0,1,3,Moderate Relationship
15683027,2,3,1,6,Sticky Customer
15597487,2,1,1,4,Sticky Customer
15763256,0,3,1,4,Sticky Customer
15620111,0,1,1,2,Moderate Relationship
15623053,0,1,1,2,Moderate Relationship
15595592,0,1,1,2,Moderate Relationship
15740072,2,3,1,6,Sticky Customer
15778005,0,1,1,2,Moderate Relationship
15583278,2,1,1,4,Sticky Customer
15601263,0,3,1,4,Sticky Customer
15709222,2,1,0,3,Moderate Relationship
15713949,0,1,1,2,Moderate Relationship
15717706,2,3,1,6,Sticky Customer
15756071,2,1,1,4,Sticky Customer
15696564,2,3,1,6,Sticky Customer
15657637,0,0,1,1,At-Risk Customer
15755863,2,3,0,5,Sticky Customer
15719858,2,3,1,6,Sticky Customer
15688876,2,3,1,6,Sticky Customer
15698528,2,1,1,4,Sticky Customer
15770345,2,1,0,3,Moderate Relationship
15761506,0,3,1,4,Sticky Customer
15716619,2,1,1,4,Sticky Customer
15788367,2,1,1,4,Sticky Customer
15709451,2,3,1,6,Sticky Customer
15640421,2,1,1,4,Sticky Customer
15580068,2,3,1,6,Sticky Customer
15677123,2,3,1,6,Sticky Customer
15619801,2,3,0,5,Sticky Customer
15582246,2,3,0,5,Sticky Customer
15711843,0,0,0,0,At-Risk Customer
15680046,0,3,1,4,Sticky Customer
15804131,0,3,0,3,Moderate Relationship
15722611,2,1,1,4,Sticky Customer
15729224,0,3,1,4,Sticky Customer
15811588,0,1,1,2,Moderate Relationship
15702138,0,1,0,1,At-Risk Customer
15749799,2,3,1,6,Sticky Customer
15752885,2,1,1,4,Sticky Customer
15674932,0,3,1,4,Sticky Customer
15743828,2,1,1,4,Sticky Customer
15642022,0,1,0,1,At-Risk Customer
15746461,0,3,1,4,Sticky Customer
15809991,2,1,1,4,Sticky Customer
15787322,2,1,1,4,Sticky Customer
15575498,0,3,1,4,Sticky Customer
15691387,2,1,1,4,Sticky Customer
15765457,2,1,1,4,Sticky Customer
15666173,2,1,1,4,Sticky Customer
15627377,2,3,1,6,Sticky Customer
15656683,0,1,0,1,At-Risk Customer
15679810,0,3,1,4,Sticky Customer
15606310,2,1,0,3,Moderate Relationship
15756871,0,1,1,2,Moderate Relationship
15610002,2,3,1,6,Sticky Customer
15567802,0,3,1,4,Sticky Customer
15745452,0,1,1,2,Moderate Relationship
15617252,0,1,1,2,Moderate Relationship
15753248,0,3,0,3,Moderate Relationship
15610755,2,1,1,4,Sticky Customer
15662238,0,1,1,2,Moderate Relationship
15799186,0,3,0,3,Moderate Relationship
15686941,0,3,1,4,Sticky Customer
15601172,0,1,1,2,Moderate Relationship
15723858,2,3,0,5,Sticky Customer
15615896,0,3,1,4,Sticky Customer
15737647,0,1,1,2,Moderate Relationship
15582841,2,3,0,5,Sticky Customer
15760090,2,3,1,6,Sticky Customer
15588587,2,1,1,4,Sticky Customer
15683157,2,1,0,3,Moderate Relationship
15694209,2,3,1,6,Sticky Customer
15655875,0,3,1,4,Sticky Customer
15805704,2,0,0,2,Moderate Relationship
15744789,0,1,1,2,Moderate Relationship
15799357,0,1,0,1,At-Risk Customer
15726153,2,1,1,4,Sticky Customer
15713346,2,1,1,4,Sticky Customer
15665053,2,1,0,3,Moderate Relationship
15592379,0,3,1,4,Sticky Customer
15692599,0,1,1,2,Moderate Relationship
15620758,0,3,1,4,Sticky Customer
15637428,0,3,1,4,Sticky Customer
15808389,2,1,1,4,Sticky Customer
15807003,0,1,1,2,Moderate Relationship
15702912,0,1,1,2,Moderate Relationship
15590623,2,3,1,6,Sticky Customer
15728078,2,1,0,3,Moderate Relationship
15708256,0,3,1,4,Sticky Customer
15582335,0,1,0,1,At-Risk Customer
15649150,0,1,1,2,Moderate Relationship
15691647,2,3,1,6,Sticky Customer
15668270,2,3,1,6,Sticky Customer
15624820,0,0,0,0,At-Risk Customer
15736254,0,1,1,2,Moderate Relationship
15720814,0,3,0,3,Moderate Relationship
15642997,2,1,1,4,Sticky Customer
15693200,0,3,1,4,Sticky Customer
15624596,2,1,0,3,Moderate Relationship
15807167,2,3,0,5,Sticky Customer
15660301,2,3,1,6,Sticky Customer
15593094,0,1,1,2,Moderate Relationship
15618239,0,1,1,2,Moderate Relationship
15574137,2,3,1,6,Sticky Customer
15614740,2,3,1,6,Sticky Customer
15574071,2,3,0,5,Sticky Customer
15671148,0,3,0,3,Moderate Relationship
15721921,2,1,1,4,Sticky Customer
15717995,2,3,0,5,Sticky Customer
15632050,0,1,1,2,Moderate Relationship
15647111,2,1,1,4,Sticky Customer
15759991,0,1,1,2,Moderate Relationship
15790204,0,1,1,2,Moderate Relationship
15686780,2,1,0,3,Moderate Relationship
15640491,0,3,1,4,Sticky Customer
15783225,0,1,1,2,Moderate Relationship
15734438,0,3,1,4,Sticky Customer
15688760,2,1,1,4,Sticky Customer
15768124,0,1,1,2,Moderate Relationship
15661330,2,1,1,4,Sticky Customer
15781272,2,0,1,3,Moderate Relationship
15573888,0,1,0,1,At-Risk Customer
15575858,0,3,1,4,Sticky Customer
15645937,0,1,1,2,Moderate Relationship
15702337,2,3,1,6,Sticky Customer
15764537,0,3,1,4,Sticky Customer
15619616,0,3,0,3,Moderate Relationship
15585133,0,3,0,3,Moderate Relationship
15573971,0,3,0,3,Moderate Relationship
15579433,0,3,0,3,Moderate Relationship
15777045,0,1,1,2,Moderate Relationship
15611580,0,1,1,2,Moderate Relationship
15614778,0,3,1,4,Sticky Customer
15771750,0,1,1,2,Moderate Relationship
15593280,2,1,1,4,Sticky Customer
15569274,0,1,1,2,Moderate Relationship
15654408,0,3,1,4,Sticky Customer
15657468,0,1,1,2,Moderate Relationship
15614213,0,1,1,2,Moderate Relationship
15589869,2,3,0,5,Sticky Customer
15693205,2,0,1,3,Moderate Relationship
15797113,0,3,1,4,Sticky Customer
15676958,2,3,1,6,Sticky Customer
15739592,0,1,0,1,At-Risk Customer
15656263,0,3,1,4,Sticky Customer
15636872,0,3,0,3,Moderate Relationship
15589435,2,3,1,6,Sticky Customer
15640464,2,1,1,4,Sticky Customer
15723851,0,1,1,2,Moderate Relationship
15722122,2,1,0,3,Moderate Relationship
15696852,2,1,1,4,Sticky Customer
15634936,2,1,1,4,Sticky Customer
15575935,2,3,0,5,Sticky Customer
15634491,2,3,1,6,Sticky Customer
15628530,0,3,0,3,Moderate Relationship
15678720,2,3,1,6,Sticky Customer
15627999,0,3,1,4,Sticky Customer
15571244,2,3,0,5,Sticky Customer
15739931,2,1,1,4,Sticky Customer
15806256,0,1,1,2,Moderate Relationship
15787258,0,3,1,4,Sticky Customer
15706463,2,3,1,6,Sticky Customer
15691004,2,1,1,4,Sticky Customer
15792228,0,1,1,2,Moderate Relationship
15733447,2,1,1,4,Sticky Customer
15679062,2,3,1,6,Sticky Customer
15594409,2,3,1,6,Sticky Customer
15613816,2,1,0,3,Moderate Relationship
15681991,0,1,1,2,Moderate Relationship
15796074,0,3,1,4,Sticky Customer
15625941,2,1,1,4,Sticky Customer
15615016,2,3,1,6,Sticky Customer
15748414,0,3,1,4,Sticky Customer
15751203,2,3,1,6,Sticky Customer
15662658,0,3,0,3,Moderate Relationship
15574868,0,3,0,3,Moderate Relationship
15790282,2,3,1,6,Sticky Customer
15762927,0,1,1,2,Moderate Relationship
15803456,0,1,0,1,At-Risk Customer
15771857,2,3,1,6,Sticky Customer
15700601,2,1,1,4,Sticky Customer
15569670,2,1,1,4,Sticky Customer
15772341,2,1,1,4,Sticky Customer
15661548,0,1,0,1,At-Risk Customer
15787597,2,3,1,6,Sticky Customer
15806913,2,1,1,4,Sticky Customer
15804862,0,1,0,1,At-Risk Customer
15792986,0,1,1,2,Moderate Relationship
15625632,2,3,0,5,Sticky Customer
15727703,0,1,0,1,At-Risk Customer
15606273,0,3,0,3,Moderate Relationship
15799652,0,3,0,3,Moderate Relationship
15715047,0,1,1,2,Moderate Relationship
15784687,0,1,0,1,At-Risk Customer
15615322,2,3,1,6,Sticky Customer
15722072,2,1,0,3,Moderate Relationship
15646784,2,3,1,6,Sticky Customer
15644692,2,1,1,4,Sticky Customer
15670354,2,3,1,6,Sticky Customer
15716357,2,3,1,6,Sticky Customer
15786717,0,3,0,3,Moderate Relationship
15771383,0,1,1,2,Moderate Relationship
15649793,0,3,0,3,Moderate Relationship
15731543,2,1,1,4,Sticky Customer
15684516,0,1,0,1,At-Risk Customer
15677249,2,1,1,4,Sticky Customer
15581525,0,3,1,4,Sticky Customer
15628420,0,1,0,1,At-Risk Customer
15600478,0,1,1,2,Moderate Relationship
15594502,0,3,1,4,Sticky Customer
15784361,2,1,1,4,Sticky Customer
15767626,2,3,1,6,Sticky Customer
15632521,0,3,1,4,Sticky Customer
15665088,2,3,0,5,Sticky Customer
15652084,2,1,1,4,Sticky Customer
15574761,0,3,1,4,Sticky Customer
15729515,2,3,1,6,Sticky Customer
15682070,2,3,1,6,Sticky Customer
15743817,0,0,1,1,At-Risk Customer
15572158,0,1,0,1,At-Risk Customer
15584477,2,1,1,4,Sticky Customer
15614893,2,1,1,4,Sticky Customer
15665963,2,1,1,4,Sticky Customer
15612524,0,1,1,2,Moderate Relationship
15596962,2,3,1,6,Sticky Customer
15744942,2,1,0,3,Moderate Relationship
15573278,0,3,1,4,Sticky Customer
15717056,0,1,1,2,Moderate Relationship
15795881,2,1,1,4,Sticky Customer
15758939,2,1,0,3,Moderate Relationship
15792250,2,1,1,4,Sticky Customer
15740406,0,1,1,2,Moderate Relationship
15768137,0,3,0,3,Moderate Relationship
15569120,2,3,1,6,Sticky Customer
15723721,0,1,1,2,Moderate Relationship
15777122,2,3,1,6,Sticky Customer
15742681,2,1,1,4,Sticky Customer
15582090,0,1,1,2,Moderate Relationship
15711254,0,3,1,4,Sticky Customer
15775067,2,3,0,5,Sticky Customer
15602851,0,1,1,2,Moderate Relationship
15802857,2,1,0,3,Moderate Relationship
15701175,2,1,1,4,Sticky Customer
15783019,0,0,1,1,At-Risk Customer
15728912,0,1,1,2,Moderate Relationship
15585580,2,1,1,4,Sticky Customer
15583480,2,3,0,5,Sticky Customer
15620341,0,3,1,4,Sticky Customer
15613886,0,1,1,2,Moderate Relationship
15792916,2,1,1,4,Sticky Customer
15710408,2,3,1,6,Sticky Customer
15598695,2,3,0,5,Sticky Customer
15649354,2,3,1,6,Sticky Customer
15737556,2,3,1,6,Sticky Customer
15671610,2,1,1,4,Sticky Customer
15625092,0,1,1,2,Moderate Relationship
15741032,2,1,0,3,Moderate Relationship
15750014,2,3,1,6,Sticky Customer
15784761,2,0,0,2,Moderate Relationship
15768359,0,1,1,2,Moderate Relationship
15805769,0,3,1,4,Sticky Customer
15719508,2,0,1,3,Moderate Relationship
15609011,0,1,1,2,Moderate Relationship
15703106,2,3,1,6,Sticky Customer
15626795,0,1,1,2,Moderate Relationship
15773731,0,3,0,3,Moderate Relationship
15756196,2,3,0,5,Sticky Customer
15687903,0,3,1,4,Sticky Customer
15777599,2,3,1,6,Sticky Customer
15754577,0,1,1,2,Moderate Relationship
15584113,2,1,0,3,Moderate Relationship
15669589,2,1,0,3,Moderate Relationship
15632793,2,1,1,4,Sticky Customer
15711130,0,3,1,4,Sticky Customer
15615254,0,1,1,2,Moderate Relationship
15720583,2,1,1,4,Sticky Customer
15780432,0,3,0,3,Moderate Relationship
15673223,0,3,0,3,Moderate Relationship
15807989,2,3,1,6,Sticky Customer
15761168,0,1,1,2,Moderate Relationship
15651272,2,3,1,6,Sticky Customer
15812832,0,3,1,4,Sticky Customer
15680517,2,1,1,4,Sticky Customer
15750569,0,3,1,4,Sticky Customer
15690743,2,1,1,4,Sticky Customer
15627741,2,3,1,6,Sticky Customer
15712121,0,1,1,2,Moderate Relationship
15805429,2,1,0,3,Moderate Relationship
15814923,2,1,1,4,Sticky Customer
15589230,2,1,0,3,Moderate Relationship
15775490,0,3,1,4,Sticky Customer
15749727,2,3,0,5,Sticky Customer
15619238,0,3,1,4,Sticky Customer
15593468,2,3,1,6,Sticky Customer
15718454,0,3,0,3,Moderate Relationship
15789498,0,3,0,3,Moderate Relationship
15744691,0,0,1,1,At-Risk Customer
15708289,0,1,0,1,At-Risk Customer
15790412,2,3,1,6,Sticky Customer
15741416,2,1,1,4,Sticky Customer
15598894,0,1,0,1,At-Risk Customer
15663294,2,1,1,4,Sticky Customer
15572728,0,1,1,2,Moderate Relationship
15706729,2,1,0,3,Moderate Relationship
15674433,0,1,0,1,At-Risk Customer
15641170,0,1,0,1,At-Risk Customer
15806284,2,3,1,6,Sticky Customer
15690958,2,1,0,3,Moderate Relationship
15606386,0,0,1,1,At-Risk Customer
15682322,2,3,0,5,Sticky Customer
15579915,0,3,1,4,Sticky Customer
15681928,0,1,1,2,Moderate Relationship
15734005,0,3,1,4,Sticky Customer
15650432,2,1,1,4,Sticky Customer
15592578,0,3,0,3,Moderate Relationship
15671243,0,3,1,4,Sticky Customer
15775709,0,1,1,2,Moderate Relationship
15702631,2,3,1,6,Sticky Customer
15602282,2,1,1,4,Sticky Customer
15717879,2,1,1,4,Sticky Customer
15740878,2,3,0,5,Sticky Customer
15794468,0,3,0,3,Moderate Relationship
15773277,0,3,1,4,Sticky Customer
15572657,2,1,0,3,Moderate Relationship
15800295,0,3,0,3,Moderate Relationship
15672397,0,1,0,1,At-Risk Customer
15684921,2,1,1,4,Sticky Customer
15720676,0,3,1,4,Sticky Customer
15731829,0,3,1,4,Sticky Customer
15732672,2,1,1,4,Sticky Customer
15692406,2,3,1,6,Sticky Customer
15764405,2,3,1,6,Sticky Customer
15757537,2,1,1,4,Sticky Customer
15793307,0,0,0,0,At-Risk Customer
15660679,0,1,1,2,Moderate Relationship
15666856,2,1,1,4,Sticky Customer
15687372,0,3,1,4,Sticky Customer
15667289,0,3,0,3,Moderate Relationship
15624641,0,1,1,2,Moderate Relationship
15734610,0,0,1,1,At-Risk Customer
15631882,0,1,0,1,At-Risk Customer
15642709,0,3,0,3,Moderate Relationship
15811026,0,3,1,4,Sticky Customer
15596303,0,3,1,4,Sticky Customer
15787255,2,0,1,3,Moderate Relationship
15617166,0,1,1,2,Moderate Relationship
15742442,2,1,0,3,Moderate Relationship
15758692,0,1,0,1,At-Risk Customer
15568238,2,3,1,6,Sticky Customer
15730353,0,3,1,4,Sticky Customer
15731555,0,1,0,1,At-Risk Customer
15582404,0,3,1,4,Sticky Customer
15721462,2,3,1,6,Sticky Customer
15632899,0,3,0,3,Moderate Relationship
15808526,2,1,1,4,Sticky Customer
15694349,2,1,0,3,Moderate Relationship
15718465,0,1,1,2,Moderate Relationship
15682995,0,1,1,2,Moderate Relationship
15584776,0,1,1,2,Moderate Relationship
15777772,2,1,1,4,Sticky Customer
15576156,0,1,1,2,Moderate Relationship
15646756,2,1,1,4,Sticky Customer
15742886,2,3,0,5,Sticky Customer
15586135,2,1,1,4,Sticky Customer
15616152,0,1,1,2,Moderate Relationship
15721460,0,1,0,1,At-Risk Customer
15727317,0,0,1,1,At-Risk Customer
15649536,0,1,1,2,Moderate Relationship
15754929,0,3,0,3,Moderate Relationship
15572051,2,1,1,4,Sticky Customer
15668142,2,3,1,6,Sticky Customer
15701176,0,1,1,2,Moderate Relationship
15708422,0,3,0,3,Moderate Relationship
15655632,0,1,1,2,Moderate Relationship
15744606,2,1,0,3,Moderate Relationship
15612140,2,1,1,4,Sticky Customer
15656086,2,1,0,3,Moderate Relationship
15655298,2,3,0,5,Sticky Customer
15644796,2,3,0,5,Sticky Customer
15726250,2,3,0,5,Sticky Customer
15764432,0,1,1,2,Moderate Relationship
15631721,2,3,0,5,Sticky Customer
15707479,0,1,1,2,Moderate Relationship
15579826,0,1,1,2,Moderate Relationship
15668104,2,1,0,3,Moderate Relationship
15641604,0,1,1,2,Moderate Relationship
15587240,2,3,0,5,Sticky Customer
15680767,2,3,1,6,Sticky Customer
15601594,0,0,1,1,At-Risk Customer
15589969,2,1,0,3,Moderate Relationship
15703728,0,1,1,2,Moderate Relationship
15617790,0,3,0,3,Moderate Relationship
15662500,0,3,1,4,Sticky Customer
15778526,0,3,0,3,Moderate Relationship
15670584,2,1,1,4,Sticky Customer
15748069,2,1,1,4,Sticky Customer
15680597,2,1,1,4,Sticky Customer
15628992,0,3,0,3,Moderate Relationship
15719624,0,1,1,2,Moderate Relationship
15812767,2,3,1,6,Sticky Customer
15689201,2,1,0,3,Moderate Relationship
15614716,2,1,1,4,Sticky Customer
15683618,2,1,1,4,Sticky Customer
15799631,2,3,1,6,Sticky Customer
15692259,0,3,1,4,Sticky Customer
15590966,0,3,0,3,Moderate Relationship
15656426,0,3,0,3,Moderate Relationship
15675256,2,1,0,3,Moderate Relationship
15751185,0,1,1,2,Moderate Relationship
15789582,0,1,1,2,Moderate Relationship
15651103,2,1,1,4,Sticky Customer
15672299,2,3,1,6,Sticky Customer
15772250,0,1,0,1,At-Risk Customer
15763922,0,3,1,4,Sticky Customer
15633870,2,3,1,6,Sticky Customer
15624323,2,3,1,6,Sticky Customer
15688612,0,1,0,1,At-Risk Customer
15694644,2,1,1,4,Sticky Customer
15587174,2,3,1,6,Sticky Customer
15579559,2,1,1,4,Sticky Customer
15775430,0,3,1,4,Sticky Customer
15623695,2,3,1,6,Sticky Customer
15760849,2,3,1,6,Sticky Customer
15813095,0,3,1,4,Sticky Customer
15705281,0,1,1,2,Moderate Relationship
15812594,0,3,1,4,Sticky Customer
15626322,0,3,1,4,Sticky Customer
15723105,2,1,1,4,Sticky Customer
15588449,2,1,0,3,Moderate Relationship
15794849,0,3,0,3,Moderate Relationship
15620000,2,3,1,6,Sticky Customer
15799720,2,3,0,5,Sticky Customer
15711287,0,1,1,2,Moderate Relationship
15613102,2,1,1,4,Sticky Customer
15621440,2,3,0,5,Sticky Customer
15677146,0,3,1,4,Sticky Customer
15801169,0,1,1,2,Moderate Relationship
15722425,0,3,1,4,Sticky Customer
15682421,2,3,0,5,Sticky Customer
15691910,0,0,1,1,At-Risk Customer
15721779,0,3,0,3,Moderate Relationship
15579548,0,3,1,4,Sticky Customer
15681075,2,1,1,4,Sticky Customer
15607884,2,3,1,6,Sticky Customer
15767757,2,1,1,4,Sticky Customer
15791550,0,3,0,3,Moderate Relationship
15658589,2,1,1,4,Sticky Customer
15670822,2,1,1,4,Sticky Customer
15629744,2,3,0,5,Sticky Customer
15660768,0,1,0,1,At-Risk Customer
15726310,0,3,1,4,Sticky Customer
15641298,0,3,1,4,Sticky Customer
15625675,0,1,1,2,Moderate Relationship
15713354,0,1,1,2,Moderate Relationship
15633866,2,1,1,4,Sticky Customer
15704231,2,1,1,4,Sticky Customer
15735400,0,1,1,2,Moderate Relationship
15632826,0,1,1,2,Moderate Relationship
15751022,2,3,1,6,Sticky Customer
15664737,2,3,1,6,Sticky Customer
15681126,2,1,1,4,Sticky Customer
15738954,0,3,0,3,Moderate Relationship
15662263,2,3,1,6,Sticky Customer
15621611,2,1,0,3,Moderate Relationship
15783752,2,1,1,4,Sticky Customer
15709474,2,3,1,6,Sticky Customer
15701280,2,1,0,3,Moderate Relationship
15671104,2,1,1,4,Sticky Customer
15796434,2,1,1,4,Sticky Customer
15781505,0,3,1,4,Sticky Customer
15625819,0,1,1,2,Moderate Relationship
15753174,0,0,1,1,At-Risk Customer
15654067,0,3,1,4,Sticky Customer
15724719,0,1,1,2,Moderate Relationship
15624695,2,1,0,3,Moderate Relationship
15718216,0,1,1,2,Moderate Relationship
15586300,2,3,1,6,Sticky Customer
15783349,2,1,1,4,Sticky Customer
15725767,0,3,1,4,Sticky Customer
15791925,2,1,0,3,Moderate Relationship
15793585,2,3,1,6,Sticky Customer
15576641,2,3,1,6,Sticky Customer
15749519,0,0,1,1,At-Risk Customer
15684960,0,1,1,2,Moderate Relationship
15591286,2,1,1,4,Sticky Customer
15668323,0,1,1,2,Moderate Relationship
15608528,2,0,1,3,Moderate Relationship
15645184,0,3,1,4,Sticky Customer
15702566,2,1,1,4,Sticky Customer
15660840,0,1,1,2,Moderate Relationship
15750811,0,1,0,1,At-Risk Customer
15733842,0,1,1,2,Moderate Relationship
15581526,0,3,0,3,Moderate Relationship
15662751,2,1,1,4,Sticky Customer
15684319,0,1,1,2,Moderate Relationship
15702190,2,3,1,6,Sticky Customer
15588517,2,3,1,6,Sticky Customer
15801863,2,3,1,6,Sticky Customer
15584271,2,1,1,4,Sticky Customer
15700366,2,1,1,4,Sticky Customer
15804038,2,1,0,3,Moderate Relationship
15720820,2,3,0,5,Sticky Customer
15743759,2,3,1,6,Sticky Customer
15749947,2,3,1,6,Sticky Customer
15670496,0,3,0,3,Moderate Relationship
15746664,0,1,1,2,Moderate Relationship
15745533,0,3,1,4,Sticky Customer
15761497,0,1,0,1,At-Risk Customer
15628600,2,0,1,3,Moderate Relationship
15627002,2,1,1,4,Sticky Customer
15614635,2,1,0,3,Moderate Relationship
15731281,2,3,1,6,Sticky Customer
15814022,0,1,1,2,Moderate Relationship
15659194,2,1,1,4,Sticky Customer
15745030,0,3,1,4,Sticky Customer
15691817,0,0,0,0,At-Risk Customer
15707488,0,3,1,4,Sticky Customer
15784700,2,1,1,4,Sticky Customer
15710397,0,3,1,4,Sticky Customer
15687648,0,3,0,3,Moderate Relationship
15732281,0,1,1,2,Moderate Relationship
15607230,2,3,1,6,Sticky Customer
15567630,0,1,1,2,Moderate Relationship
15587507,0,1,1,2,Moderate Relationship
15733904,0,1,1,2,Moderate Relationship
15709511,0,3,1,4,Sticky Customer
15579616,2,3,0,5,Sticky Customer
15694852,2,3,1,6,Sticky Customer
15589924,2,3,1,6,Sticky Customer
15799300,0,1,1,2,Moderate Relationship
15731330,2,1,1,4,Sticky Customer
15694129,0,1,1,2,Moderate Relationship
15620372,0,3,0,3,Moderate Relationship
15744622,0,1,1,2,Moderate Relationship
15799815,2,1,0,3,Moderate Relationship
15759250,2,1,1,4,Sticky Customer
15732643,2,1,1,4,Sticky Customer
15690540,0,1,0,1,At-Risk Customer
15803078,0,3,1,4,Sticky Customer
15652180,2,3,1,6,Sticky Customer
15741195,2,1,1,4,Sticky Customer
15743490,0,1,1,2,Moderate Relationship
15575510,2,1,0,3,Moderate Relationship
15732610,0,3,1,4,Sticky Customer
15602909,2,3,1,6,Sticky Customer
15734058,2,1,1,4,Sticky Customer
15801788,0,1,1,2,Moderate Relationship
15702462,2,1,1,4,Sticky Customer
15683416,2,0,1,3,Moderate Relationship
15794187,0,3,1,4,Sticky Customer
15792989,2,1,1,4,Sticky Customer
15613734,2,3,1,6,Sticky Customer
15606177,0,3,1,4,Sticky Customer
15636700,2,1,0,3,Moderate Relationship
15645766,2,3,1,6,Sticky Customer
15671345,0,3,0,3,Moderate Relationship
15652469,0,3,1,4,Sticky Customer
15749638,2,1,1,4,Sticky Customer
15728706,0,1,1,2,Moderate Relationship
15735439,0,1,0,1,At-Risk Customer
15778696,0,1,1,2,Moderate Relationship
15624744,0,1,0,1,At-Risk Customer
15584338,0,3,1,4,Sticky Customer
15726178,0,3,1,4,Sticky Customer
15794939,2,3,1,6,Sticky Customer
15788068,0,0,1,1,At-Risk Customer
15572956,2,1,1,4,Sticky Customer
15780386,0,1,1,2,Moderate Relationship
15791114,0,1,1,2,Moderate Relationship
15708046,0,1,1,2,Moderate Relationship
15719779,0,3,1,4,Sticky Customer
15591550,0,1,1,2,Moderate Relationship
15639368,0,1,0,1,At-Risk Customer
15699830,2,3,1,6,Sticky Customer
15569264,2,1,1,4,Sticky Customer
15595158,2,3,1,6,Sticky Customer
15599126,2,1,1,4,Sticky Customer
15650575,2,3,1,6,Sticky Customer
15641490,0,3,1,4,Sticky Customer
15680234,0,1,1,2,Moderate Relationship
15592230,2,3,1,6,Sticky Customer
15626212,2,1,1,4,Sticky Customer
15700627,0,1,1,2,Moderate Relationship
15782641,0,1,1,2,Moderate Relationship
15784445,0,1,0,1,At-Risk Customer
15813681,2,3,1,6,Sticky Customer
15596649,0,1,1,2,Moderate Relationship
15700460,2,1,0,3,Moderate Relationship
15724076,0,0,0,0,At-Risk Customer
15784000,0,1,0,1,At-Risk Customer
15733966,2,1,1,4,Sticky Customer
15612667,0,1,1,2,Moderate Relationship
15654025,0,1,0,1,At-Risk Customer
15589431,2,1,1,4,Sticky Customer
15578238,0,3,1,4,Sticky Customer
15566269,0,3,1,4,Sticky Customer
15639217,0,3,0,3,Moderate Relationship
15688644,0,1,1,2,Moderate Relationship
15662426,2,1,0,3,Moderate Relationship
15720511,0,1,1,2,Moderate Relationship
15567246,2,3,1,6,Sticky Customer
15647965,2,3,1,6,Sticky Customer
15679048,2,1,1,4,Sticky Customer
15675749,2,3,1,6,Sticky Customer
15782181,0,1,1,2,Moderate Relationship
15795738,2,1,1,4,Sticky Customer
15773751,0,1,1,2,Moderate Relationship
15655436,2,1,1,4,Sticky Customer
15691396,2,3,1,6,Sticky Customer
15796958,0,3,1,4,Sticky Customer
15801832,2,1,1,4,Sticky Customer
15661349,0,3,1,4,Sticky Customer
15719265,0,3,1,4,Sticky Customer
15779985,2,3,1,6,Sticky Customer
15663410,2,0,1,3,Moderate Relationship
15704144,2,3,0,5,Sticky Customer
15774104,2,3,1,6,Sticky Customer
15812230,2,0,1,3,Moderate Relationship
15742848,2,1,1,4,Sticky Customer
15745326,0,1,0,1,At-Risk Customer
15674541,0,1,0,1,At-Risk Customer
15728564,2,3,0,5,Sticky Customer
15580701,0,1,1,2,Moderate Relationship
15688973,2,3,1,6,Sticky Customer
15709412,2,3,0,5,Sticky Customer
15607753,2,1,0,3,Moderate Relationship
15705352,2,1,1,4,Sticky Customer
15602500,2,1,0,3,Moderate Relationship
15672437,2,3,1,6,Sticky Customer
15720968,0,3,1,4,Sticky Customer
15730796,2,1,1,4,Sticky Customer
15768219,0,3,1,4,Sticky Customer
15663883,2,3,1,6,Sticky Customer
15589296,2,1,1,4,Sticky Customer
15586425,2,3,1,6,Sticky Customer
15679813,0,1,1,2,Moderate Relationship
15681410,2,1,0,3,Moderate Relationship
15668283,0,0,0,0,At-Risk Customer
15624072,0,3,1,4,Sticky Customer
15669664,0,1,0,1,At-Risk Customer
15682728,0,3,0,3,Moderate Relationship
15573851,0,0,0,0,At-Risk Customer
15733661,0,3,1,4,Sticky Customer
15710012,0,3,1,4,Sticky Customer
15763327,2,3,1,6,Sticky Customer
15668853,2,1,1,4,Sticky Customer
15639303,2,1,0,3,Moderate Relationship
15691011,2,3,1,6,Sticky Customer
15638513,0,3,0,3,Moderate Relationship
15648933,2,1,1,4,Sticky Customer
15628904,2,1,1,4,Sticky Customer
15644788,0,3,1,4,Sticky Customer
15598161,0,3,1,4,Sticky Customer
15745624,0,3,1,4,Sticky Customer
15733169,2,1,1,4,Sticky Customer
15801417,2,1,1,4,Sticky Customer
15592707,2,3,1,6,Sticky Customer
15593954,0,1,0,1,At-Risk Customer
15714431,2,3,0,5,Sticky Customer
15638257,2,3,1,6,Sticky Customer
15690939,2,1,1,4,Sticky Customer
15723613,0,3,1,4,Sticky Customer
15813640,0,3,1,4,Sticky Customer
15707322,0,1,0,1,At-Risk Customer
15588918,0,3,1,4,Sticky Customer
15600357,0,3,1,4,Sticky Customer
15747014,2,1,0,3,Moderate Relationship
15809830,2,3,0,5,Sticky Customer
15662245,2,3,1,6,Sticky Customer
15651075,2,1,0,3,Moderate Relationship
15594456,2,1,1,4,Sticky Customer
15583462,2,3,1,6,Sticky Customer
15757661,0,3,0,3,Moderate Relationship
15729117,2,1,1,4,Sticky Customer
15749671,2,3,1,6,Sticky Customer
15566253,0,1,0,1,At-Risk Customer
15595153,0,3,0,3,Moderate Relationship
15698572,0,1,1,2,Moderate Relationship
15674149,2,3,1,6,Sticky Customer
15623082,0,3,1,4,Sticky Customer
15797905,0,3,1,4,Sticky Customer
15746028,0,3,1,4,Sticky Customer
15582951,0,1,1,2,Moderate Relationship
15616471,2,1,1,4,Sticky Customer
15641575,0,1,1,2,Moderate Relationship
15638803,0,3,1,4,Sticky Customer
15808283,0,1,1,2,Moderate Relationship
15811200,0,3,0,3,Moderate Relationship
15733476,2,1,1,4,Sticky Customer
15633274,0,1,1,2,Moderate Relationship
15582168,0,3,1,4,Sticky Customer
15807269,0,1,0,1,At-Risk Customer
15602979,0,1,1,2,Moderate Relationship
15660417,0,1,0,1,At-Risk Customer
15590199,2,1,0,3,Moderate Relationship
15641794,2,3,0,5,Sticky Customer
15779174,2,3,1,6,Sticky Customer
15785547,0,3,1,4,Sticky Customer
15795124,2,1,0,3,Moderate Relationship
15718912,2,1,0,3,Moderate Relationship
15592028,2,1,1,4,Sticky Customer
15580227,0,3,1,4,Sticky Customer
15657830,0,3,1,4,Sticky Customer
15798256,0,3,0,3,Moderate Relationship
15643819,0,3,0,3,Moderate Relationship
15754301,0,1,1,2,Moderate Relationship
15726855,0,1,1,2,Moderate Relationship
15755225,0,3,1,4,Sticky Customer
15725221,2,1,1,4,Sticky Customer
15789055,0,1,1,2,Moderate Relationship
15617507,0,3,1,4,Sticky Customer
15668894,2,3,0,5,Sticky Customer
15589563,0,3,0,3,Moderate Relationship
15693162,0,1,0,1,At-Risk Customer
15750099,0,1,0,1,At-Risk Customer
15795540,2,1,0,3,Moderate Relationship
15794941,0,0,1,1,At-Risk Customer
15611848,2,1,0,3,Moderate Relationship
15581237,2,1,1,4,Sticky Customer
15738150,2,3,1,6,Sticky Customer
15678571,0,3,0,3,Moderate Relationship
15736124,2,3,1,6,Sticky Customer
15623202,0,3,1,4,Sticky Customer
15804201,2,1,0,3,Moderate Relationship
15596863,2,1,1,4,Sticky Customer
15696277,0,3,1,4,Sticky Customer
15748608,2,1,1,4,Sticky Customer
15723864,0,3,1,4,Sticky Customer
15802390,2,3,1,6,Sticky Customer
15774336,2,3,1,6,Sticky Customer
15648766,0,1,0,1,At-Risk Customer
15659094,0,3,0,3,Moderate Relationship
15606397,2,1,0,3,Moderate Relationship
15642619,0,3,1,4,Sticky Customer
15666032,0,1,0,1,At-Risk Customer
15595842,0,1,0,1,At-Risk Customer
15753837,2,3,1,6,Sticky Customer
15783882,2,3,0,5,Sticky Customer
15799790,2,1,1,4,Sticky Customer
15628155,2,1,1,4,Sticky Customer
15703778,2,1,0,3,Moderate Relationship
15722322,2,3,0,5,Sticky Customer
15639278,2,3,1,6,Sticky Customer
15568487,2,1,1,4,Sticky Customer
15682084,0,3,1,4,Sticky Customer
15642821,0,1,0,1,At-Risk Customer
15601387,0,3,1,4,Sticky Customer
15642515,2,3,0,5,Sticky Customer
15710421,0,1,0,1,At-Risk Customer
15726774,0,1,0,1,At-Risk Customer
15649078,2,3,1,6,Sticky Customer
15641877,2,1,1,4,Sticky Customer
15796496,0,1,1,2,Moderate Relationship
15815690,2,1,1,4,Sticky Customer
15631739,2,1,1,4,Sticky Customer
15625584,0,3,0,3,Moderate Relationship
15802466,2,3,1,6,Sticky Customer
15697028,2,3,0,5,Sticky Customer
15575759,0,1,1,2,Moderate Relationship
15567442,2,3,1,6,Sticky Customer
15746805,0,3,1,4,Sticky Customer
15636330,0,3,1,4,Sticky Customer
15714970,0,1,1,2,Moderate Relationship
15653784,2,1,0,3,Moderate Relationship
15693543,2,3,0,5,Sticky Customer
15773283,0,1,1,2,Moderate Relationship
15742534,2,3,1,6,Sticky Customer
15569878,2,1,1,4,Sticky Customer
15729454,0,3,1,4,Sticky Customer
15578375,0,3,0,3,Moderate Relationship
15785559,0,1,1,2,Moderate Relationship
15649414,2,1,1,4,Sticky Customer
15701605,0,1,1,2,Moderate Relationship
15686696,0,3,1,4,Sticky Customer
15625586,2,1,1,4,Sticky Customer
15654975,2,3,0,5,Sticky Customer
15782993,2,3,1,6,Sticky Customer
15774382,2,1,1,4,Sticky Customer
15689602,2,1,1,4,Sticky Customer
15756155,2,3,0,5,Sticky Customer
15812647,0,3,1,4,Sticky Customer
15736043,2,1,1,4,Sticky Customer
15696744,0,1,0,1,At-Risk Customer
15602572,2,3,1,6,Sticky Customer
15674765,0,1,1,2,Moderate Relationship
15678725,2,3,0,5,Sticky Customer
15694444,0,0,1,1,At-Risk Customer
15795878,2,3,1,6,Sticky Customer
15735346,2,1,1,4,Sticky Customer
15687094,0,3,0,3,Moderate Relationship
15790067,0,1,0,1,At-Risk Customer
15605742,0,1,1,2,Moderate Relationship
15566740,2,1,0,3,Moderate Relationship
15664897,2,1,1,4,Sticky Customer
15585777,2,1,1,4,Sticky Customer
15650864,0,3,1,4,Sticky Customer
15806709,0,1,0,1,At-Risk Customer
15633818,0,3,1,4,Sticky Customer
15713845,0,1,1,2,Moderate Relationship
15639662,0,3,1,4,Sticky Customer
15567013,0,3,1,4,Sticky Customer
15777784,2,1,0,3,Moderate Relationship
15800251,0,3,1,4,Sticky Customer
15651315,0,3,1,4,Sticky Customer
15651450,2,3,1,6,Sticky Customer
15784218,2,3,1,6,Sticky Customer
15572398,2,3,1,6,Sticky Customer
15707962,0,3,1,4,Sticky Customer
15705663,2,3,1,6,Sticky Customer
15645355,2,1,1,4,Sticky Customer
15729557,0,1,1,2,Moderate Relationship
15631436,0,1,1,2,Moderate Relationship
15583073,2,1,1,4,Sticky Customer
15614361,2,1,1,4,Sticky Customer
15724684,0,1,1,2,Moderate Relationship
15700083,0,3,1,4,Sticky Customer
15636541,2,1,0,3,Moderate Relationship
15796015,2,1,0,3,Moderate Relationship
15787222,2,3,1,6,Sticky Customer
15594270,2,3,1,6,Sticky Customer
15701524,0,3,1,4,Sticky Customer
15645847,0,0,1,1,At-Risk Customer
15708867,0,0,1,1,At-Risk Customer
15613140,2,1,1,4,Sticky Customer
15628893,0,1,1,2,Moderate Relationship
15764073,2,3,1,6,Sticky Customer
15782879,2,3,1,6,Sticky Customer
15635964,0,1,1,2,Moderate Relationship
15726087,2,1,1,4,Sticky Customer
15726313,0,3,1,4,Sticky Customer
15578073,0,3,0,3,Moderate Relationship
15786249,0,3,1,4,Sticky Customer
15812850,2,3,1,6,Sticky Customer
15596972,0,1,0,1,At-Risk Customer
15620579,2,3,0,5,Sticky Customer
15768270,0,3,1,4,Sticky Customer
15656597,2,3,1,6,Sticky Customer
15699446,2,3,1,6,Sticky Customer
15615004,2,3,1,6,Sticky Customer
15704771,2,3,1,6,Sticky Customer
15588372,0,1,0,1,At-Risk Customer
15681439,0,3,1,4,Sticky Customer
15607509,0,3,1,4,Sticky Customer
15670343,0,3,0,3,Moderate Relationship
15597968,0,1,1,2,Moderate Relationship
15658432,2,1,1,4,Sticky Customer
15616431,2,1,0,3,Moderate Relationship
15796957,2,0,0,2,Moderate Relationship
15815552,2,1,1,4,Sticky Customer
15631871,2,1,1,4,Sticky Customer
15635870,2,1,0,3,Moderate Relationship
15596713,2,3,1,6,Sticky Customer
15684211,0,1,1,2,Moderate Relationship
15760521,2,1,1,4,Sticky Customer
15608408,0,3,1,4,Sticky Customer
15804721,0,1,0,1,At-Risk Customer
15730272,2,1,1,4,Sticky Customer
15741988,0,1,1,2,Moderate Relationship
15771728,0,0,1,1,At-Risk Customer
15605113,2,1,1,4,Sticky Customer
15661945,0,0,1,1,At-Risk Customer
15783816,0,3,0,3,Moderate Relationship
15721207,0,1,1,2,Moderate Relationship
15764072,2,1,1,4,Sticky Customer
15689412,0,1,1,2,Moderate Relationship
15798385,2,3,1,6,Sticky Customer
15775339,0,1,1,2,Moderate Relationship
15585256,2,3,1,6,Sticky Customer
15797329,0,1,1,2,Moderate Relationship
15780220,2,1,1,4,Sticky Customer
15648951,2,3,1,6,Sticky Customer
15752409,0,3,0,3,Moderate Relationship
15807524,0,3,0,3,Moderate Relationship
15766649,0,1,0,1,At-Risk Customer
15696812,2,3,1,6,Sticky Customer
15581295,0,1,1,2,Moderate Relationship
15663234,2,1,1,4,Sticky Customer
15741417,2,3,1,6,Sticky Customer
15695174,2,1,1,4,Sticky Customer
15665168,2,3,1,6,Sticky Customer
15601503,0,3,0,3,Moderate Relationship
15706131,0,3,1,4,Sticky Customer
15782758,2,1,1,4,Sticky Customer
15591091,0,1,1,2,Moderate Relationship
15715877,0,3,1,4,Sticky Customer
15756918,0,3,0,3,Moderate Relationship
15746662,2,1,0,3,Moderate Relationship
15626679,2,3,0,5,Sticky Customer
15793343,2,3,1,6,Sticky Customer
15576774,0,3,0,3,Moderate Relationship
15801316,2,1,1,4,Sticky Customer
15800514,0,3,0,3,Moderate Relationship
15662232,0,3,1,4,Sticky Customer
15737778,0,1,1,2,Moderate Relationship
15782096,2,1,1,4,Sticky Customer
15783522,2,1,1,4,Sticky Customer
15785373,0,1,1,2,Moderate Relationship
15756272,0,1,1,2,Moderate Relationship
15615245,2,1,1,4,Sticky Customer
15600174,2,1,0,3,Moderate Relationship
15752956,2,3,1,6,Sticky Customer
15644882,0,1,1,2,Moderate Relationship
15766272,2,1,1,4,Sticky Customer
15800620,0,3,0,3,Moderate Relationship
15569764,0,1,1,2,Moderate Relationship
15747458,2,3,1,6,Sticky Customer
15573171,2,1,1,4,Sticky Customer
15736769,0,3,1,4,Sticky Customer
15763381,2,1,0,3,Moderate Relationship
15814430,0,1,1,2,Moderate Relationship
15638607,0,1,1,2,Moderate Relationship
15737133,2,1,1,4,Sticky Customer
15613945,0,3,1,4,Sticky Customer
15659937,2,3,0,5,Sticky Customer
15765287,0,3,1,4,Sticky Customer
15661723,2,1,0,3,Moderate Relationship
15766064,0,3,1,4,Sticky Customer
15649616,2,1,1,4,Sticky Customer
15719017,2,3,1,6,Sticky Customer
15720919,2,1,0,3,Moderate Relationship
15706706,2,3,0,5,Sticky Customer
15709653,0,3,1,4,Sticky Customer
15805104,2,3,0,5,Sticky Customer
15622442,0,3,1,4,Sticky Customer
15572801,0,3,0,3,Moderate Relationship
15767598,0,3,0,3,Moderate Relationship
15757897,2,1,1,4,Sticky Customer
15568104,2,3,0,5,Sticky Customer
15763414,0,1,1,2,Moderate Relationship
15732265,0,3,1,4,Sticky Customer
15621974,0,3,1,4,Sticky Customer
15803947,0,1,0,1,At-Risk Customer
15720706,2,1,1,4,Sticky Customer
15759290,0,3,1,4,Sticky Customer
15651664,0,1,1,2,Moderate Relationship
15795132,0,1,0,1,At-Risk Customer
15811565,2,1,0,3,Moderate Relationship
15713774,0,1,0,1,At-Risk Customer
15691840,2,3,0,5,Sticky Customer
15682021,0,3,1,4,Sticky Customer
15612931,2,1,1,4,Sticky Customer
15676707,0,3,1,4,Sticky Customer
15601383,0,1,1,2,Moderate Relationship
15662662,0,3,1,4,Sticky Customer
15752694,2,1,0,3,Moderate Relationship
15590683,2,1,0,3,Moderate Relationship
15773591,2,3,1,6,Sticky Customer
15723620,2,3,0,5,Sticky Customer
15671779,0,3,0,3,Moderate Relationship
15672966,2,3,1,6,Sticky Customer
15624667,2,1,1,4,Sticky Customer
15812888,2,0,1,3,Moderate Relationship
15724154,0,1,1,2,Moderate Relationship
15749540,0,3,1,4,Sticky Customer
15621063,0,1,1,2,Moderate Relationship
15661626,0,1,1,2,Moderate Relationship
15698703,2,3,1,6,Sticky Customer
15801431,2,1,1,4,Sticky Customer
15649451,2,3,0,5,Sticky Customer
15626156,2,3,1,6,Sticky Customer
15606158,0,1,1,2,Moderate Relationship
15589496,0,3,0,3,Moderate Relationship
15730345,2,1,1,4,Sticky Customer
15572038,0,1,1,2,Moderate Relationship
15643439,2,3,0,5,Sticky Customer
15604158,2,3,1,6,Sticky Customer
15657396,2,3,0,5,Sticky Customer
15709478,2,3,0,5,Sticky Customer
15628824,2,1,0,3,Moderate Relationship
15814519,0,3,1,4,Sticky Customer
15636520,0,1,0,1,At-Risk Customer
15794414,2,1,1,4,Sticky Customer
15643671,0,3,1,4,Sticky Customer
15700650,0,3,0,3,Moderate Relationship
15680224,2,3,1,6,Sticky Customer
15784286,2,1,1,4,Sticky Customer
15693996,0,1,0,1,At-Risk Customer
15764343,0,1,1,2,Moderate Relationship
15704168,0,1,0,1,At-Risk Customer
15680197,2,3,1,6,Sticky Customer
15633729,2,1,1,4,Sticky Customer
15577683,2,3,1,6,Sticky Customer
15800746,2,1,1,4,Sticky Customer
15788686,2,3,1,6,Sticky Customer
15742798,0,1,1,2,Moderate Relationship
15596647,2,1,1,4,Sticky Customer
15756070,2,3,0,5,Sticky Customer
15775116,0,3,0,3,Moderate Relationship
15575428,2,3,1,6,Sticky Customer
15654074,0,1,1,2,Moderate Relationship
15695872,2,1,1,4,Sticky Customer
15568885,0,1,1,2,Moderate Relationship
15725036,2,1,0,3,Moderate Relationship
15632665,2,1,0,3,Moderate Relationship
15571476,0,1,0,1,At-Risk Customer
15776850,2,1,1,4,Sticky Customer
15623649,2,3,1,6,Sticky Customer
15751131,2,1,1,4,Sticky Customer
15688128,2,1,0,3,Moderate Relationship
15678412,0,1,0,1,At-Risk Customer
15770291,0,3,0,3,Moderate Relationship
15583392,0,0,1,1,At-Risk Customer
15690731,2,1,1,4,Sticky Customer
15697948,2,3,1,6,Sticky Customer
15608328,0,3,0,3,Moderate Relationship
15766378,2,3,1,6,Sticky Customer
15600813,2,1,1,4,Sticky Customer
15706217,2,3,1,6,Sticky Customer
15601417,2,3,1,6,Sticky Customer
15610972,0,3,0,3,Moderate Relationship
15674620,2,3,0,5,Sticky Customer
15785350,0,1,1,2,Moderate Relationship
15749119,2,3,1,6,Sticky Customer
15756535,2,1,1,4,Sticky Customer
15700965,2,3,1,6,Sticky Customer
15791851,2,1,1,4,Sticky Customer
15717156,2,3,1,6,Sticky Customer
15740846,2,1,1,4,Sticky Customer
15573284,0,3,0,3,Moderate Relationship
15729083,2,1,0,3,Moderate Relationship
15611612,0,1,1,2,Moderate Relationship
15694381,0,1,1,2,Moderate Relationship
15651737,2,1,0,3,Moderate Relationship
15663168,0,1,1,2,Moderate Relationship
15643426,0,1,0,1,At-Risk Customer
15618245,0,3,1,4,Sticky Customer
15717527,0,1,1,2,Moderate Relationship
15793478,0,1,1,2,Moderate Relationship
15642248,2,1,1,4,Sticky Customer
15640377,0,3,1,4,Sticky Customer
15723950,2,1,1,4,Sticky Customer
15590327,0,1,1,2,Moderate Relationship
15706199,0,1,0,1,At-Risk Customer
15671514,2,3,0,5,Sticky Customer
15727041,2,3,1,6,Sticky Customer
15738063,2,3,1,6,Sticky Customer
15711733,2,3,0,5,Sticky Customer
15652320,0,3,0,3,Moderate Relationship
15634180,0,3,1,4,Sticky Customer
15694566,0,3,0,3,Moderate Relationship
15726103,0,1,1,2,Moderate Relationship
15646351,0,3,1,4,Sticky Customer
15730044,2,0,0,2,Moderate Relationship
15795186,0,1,1,2,Moderate Relationship
15784890,0,3,1,4,Sticky Customer
15694125,2,3,1,6,Sticky Customer
15565891,0,3,1,4,Sticky Customer
15674254,2,3,1,6,Sticky Customer
15775206,0,3,0,3,Moderate Relationship
15797627,2,1,0,3,Moderate Relationship
15649853,2,1,1,4,Sticky Customer
15610379,2,1,1,4,Sticky Customer
15659800,2,1,0,3,Moderate Relationship
15716236,0,3,1,4,Sticky Customer
15672053,0,3,0,3,Moderate Relationship
15663933,0,3,1,4,Sticky Customer
15814236,2,1,1,4,Sticky Customer
15583597,2,1,1,4,Sticky Customer
15607395,0,3,1,4,Sticky Customer
15694556,0,1,1,2,Moderate Relationship
15744109,2,1,1,4,Sticky Customer
15800688,0,3,0,3,Moderate Relationship
15810878,2,1,0,3,Moderate Relationship
15587835,2,1,0,3,Moderate Relationship
15763515,0,3,1,4,Sticky Customer
15725882,2,3,1,6,Sticky Customer
15788022,2,3,0,5,Sticky Customer
15663917,2,1,0,3,Moderate Relationship
15656865,2,1,0,3,Moderate Relationship
15667971,2,3,1,6,Sticky Customer
15800366,2,1,1,4,Sticky Customer
15717231,0,1,0,1,At-Risk Customer
15643188,0,3,1,4,Sticky Customer
15671351,0,3,1,4,Sticky Customer
15573628,0,1,1,2,Moderate Relationship
15698953,2,0,1,3,Moderate Relationship
15753888,2,1,1,4,Sticky Customer
15737961,2,3,1,6,Sticky Customer
15801701,2,3,1,6,Sticky Customer
15684419,0,0,1,1,At-Risk Customer
15794266,0,1,1,2,Moderate Relationship
15810711,2,3,1,6,Sticky Customer
15771270,2,1,1,4,Sticky Customer
15607786,2,1,0,3,Moderate Relationship
15624519,0,1,1,2,Moderate Relationship
15799910,0,3,1,4,Sticky Customer
15602479,2,1,1,4,Sticky Customer
15617419,2,3,1,6,Sticky Customer
15657603,0,1,1,2,Moderate Relationship
15570379,0,1,0,1,At-Risk Customer
15772996,2,3,1,6,Sticky Customer
15729574,2,3,1,6,Sticky Customer
15737267,0,1,1,2,Moderate Relationship
15799128,2,1,0,3,Moderate Relationship
15813327,2,3,1,6,Sticky Customer
15711921,2,3,1,6,Sticky Customer
15654300,2,1,0,3,Moderate Relationship
15569945,0,3,1,4,Sticky Customer
15569666,0,1,0,1,At-Risk Customer
15681887,2,3,1,6,Sticky Customer
15608873,0,1,0,1,At-Risk Customer
15762091,2,1,1,4,Sticky Customer
15722053,2,3,0,5,Sticky Customer
15782100,2,1,0,3,Moderate Relationship
15765300,0,0,1,1,At-Risk Customer
15743570,2,3,1,6,Sticky Customer
15608541,0,1,1,2,Moderate Relationship
15750671,0,3,1,4,Sticky Customer
15813659,0,1,1,2,Moderate Relationship
15757867,0,1,1,2,Moderate Relationship
15652914,2,1,0,3,Moderate Relationship
15723818,0,3,1,4,Sticky Customer
15713819,2,1,1,4,Sticky Customer
15656484,2,3,1,6,Sticky Customer
15778515,0,1,0,1,At-Risk Customer
15803840,0,3,0,3,Moderate Relationship
15735339,0,1,1,2,Moderate Relationship
15600392,2,3,0,5,Sticky Customer
15625740,2,3,1,6,Sticky Customer
15663817,2,1,1,4,Sticky Customer
15734461,2,1,0,3,Moderate Relationship
15780142,0,1,1,2,Moderate Relationship
15709920,0,1,0,1,At-Risk Customer
15684248,2,3,0,5,Sticky Customer
15643158,0,1,1,2,Moderate Relationship
15693902,2,3,1,6,Sticky Customer
15578307,2,3,1,6,Sticky Customer
15585379,0,1,1,2,Moderate Relationship
15758510,0,3,0,3,Moderate Relationship
15692918,2,1,1,4,Sticky Customer
15705301,2,3,1,6,Sticky Customer
15718231,2,3,1,6,Sticky Customer
15567991,2,3,0,5,Sticky Customer
15772650,2,1,0,3,Moderate Relationship
15574795,2,1,1,4,Sticky Customer
15706036,2,3,1,6,Sticky Customer
15723856,2,3,1,6,Sticky Customer
15812920,2,1,0,3,Moderate Relationship
15691287,0,1,1,2,Moderate Relationship
15804797,2,1,1,4,Sticky Customer
15708650,2,3,0,5,Sticky Customer
15712777,0,1,1,2,Moderate Relationship
15786469,0,3,1,4,Sticky Customer
15669219,0,1,1,2,Moderate Relationship
15641004,2,1,0,3,Moderate Relationship
15648067,0,3,1,4,Sticky Customer
15704014,0,3,1,4,Sticky Customer
15645136,0,1,1,2,Moderate Relationship
15709604,0,1,1,2,Moderate Relationship
15713637,0,1,1,2,Moderate Relationship
15793901,0,3,0,3,Moderate Relationship
15569759,0,0,1,1,At-Risk Customer
15712930,0,1,0,1,At-Risk Customer
15586504,0,3,1,4,Sticky Customer
15677317,2,1,1,4,Sticky Customer
15664270,0,0,1,1,At-Risk Customer
15731519,0,3,1,4,Sticky Customer
15745623,0,1,0,1,At-Risk Customer
15813862,2,3,1,6,Sticky Customer
15641934,0,1,1,2,Moderate Relationship
15713043,2,3,1,6,Sticky Customer
15700749,2,1,1,4,Sticky Customer
15697567,2,3,1,6,Sticky Customer
15715414,0,1,0,1,At-Risk Customer
15639530,2,1,1,4,Sticky Customer
15726058,2,3,0,5,Sticky Customer
15725665,0,3,1,4,Sticky Customer
15698872,0,3,0,3,Moderate Relationship
15812184,0,1,1,2,Moderate Relationship
15742609,2,1,0,3,Moderate Relationship
15815043,0,3,1,4,Sticky Customer
15640648,2,3,0,5,Sticky Customer
15627203,2,1,1,4,Sticky Customer
15786196,0,0,1,1,At-Risk Customer
15612095,0,1,1,2,Moderate Relationship
15674368,2,3,0,5,Sticky Customer
15783477,2,1,0,3,Moderate Relationship
15757559,0,3,1,4,Sticky Customer
15591036,0,1,0,1,At-Risk Customer
15761241,2,1,1,4,Sticky Customer
15695078,2,3,1,6,Sticky Customer
15645744,2,3,0,5,Sticky Customer
15566988,0,1,1,2,Moderate Relationship
15749300,2,1,1,4,Sticky Customer
15594340,0,1,1,2,Moderate Relationship
15607065,0,1,0,1,At-Risk Customer
15778089,0,3,0,3,Moderate Relationship
15773723,2,1,1,4,Sticky Customer
15697035,0,3,0,3,Moderate Relationship
15679668,2,1,0,3,Moderate Relationship
15709861,2,3,1,6,Sticky Customer
15791958,2,3,1,6,Sticky Customer
15791030,0,3,1,4,Sticky Customer
15695339,0,1,1,2,Moderate Relationship
15658813,2,3,1,6,Sticky Customer
15715709,2,1,0,3,Moderate Relationship
15722533,2,3,0,5,Sticky Customer
15683118,0,3,1,4,Sticky Customer
15672798,2,1,1,4,Sticky Customer
15680112,0,1,1,2,Moderate Relationship
15714575,2,1,0,3,Moderate Relationship
15806808,0,0,1,1,At-Risk Customer
15590637,2,3,0,5,Sticky Customer
15657535,2,1,1,4,Sticky Customer
15696141,0,1,1,2,Moderate Relationship
15811947,2,1,0,3,Moderate Relationship
15649024,2,1,1,4,Sticky Customer
15594928,0,1,1,2,Moderate Relationship
15765532,2,1,1,4,Sticky Customer
15741719,2,1,0,3,Moderate Relationship
15665629,0,3,1,4,Sticky Customer
15728917,0,1,1,2,Moderate Relationship
15762993,2,3,0,5,Sticky Customer
15571193,2,1,1,4,Sticky Customer
15653521,2,1,1,4,Sticky Customer
15802220,0,1,0,1,At-Risk Customer
15644132,2,1,1,4,Sticky Customer
15600832,0,1,1,2,Moderate Relationship
15797919,0,3,1,4,Sticky Customer
15603743,2,1,0,3,Moderate Relationship
15579714,2,3,0,5,Sticky Customer
15634295,0,1,0,1,At-Risk Customer
15786680,0,3,1,4,Sticky Customer
15623499,0,1,0,1,At-Risk Customer
15691823,2,1,1,4,Sticky Customer
15809279,2,1,1,4,Sticky Customer
15758039,2,3,0,5,Sticky Customer
15807163,0,1,0,1,At-Risk Customer
15631639,2,1,0,3,Moderate Relationship
15713770,0,1,1,2,Moderate Relationship
15698167,0,3,0,3,Moderate Relationship
15781710,0,3,1,4,Sticky Customer
15801296,0,3,1,4,Sticky Customer
15704378,2,1,1,4,Sticky Customer
15767891,0,3,1,4,Sticky Customer
15640667,0,3,1,4,Sticky Customer
15702145,2,1,1,4,Sticky Customer
15679738,0,1,1,2,Moderate Relationship
15636634,0,1,1,2,Moderate Relationship
15809227,2,3,1,6,Sticky Customer
15601811,0,1,0,1,At-Risk Customer
15625494,2,3,1,6,Sticky Customer
15723737,0,1,1,2,Moderate Relationship
15682955,2,1,1,4,Sticky Customer
15758856,0,3,0,3,Moderate Relationship
15746065,2,3,1,6,Sticky Customer
15783865,2,1,1,4,Sticky Customer
15745455,2,3,1,6,Sticky Customer
15583033,2,3,0,5,Sticky Customer
15644212,0,3,1,4,Sticky Customer
15735688,0,1,0,1,At-Risk Customer
15658577,2,0,0,2,Moderate Relationship
15606887,0,1,1,2,Moderate Relationship
15783026,0,1,1,2,Moderate Relationship
15579892,2,1,1,4,Sticky Customer
15802088,2,1,1,4,Sticky Customer
15589323,2,3,0,5,Sticky Customer
15636395,0,3,1,4,Sticky Customer
15712772,2,1,1,4,Sticky Customer
15700937,2,3,1,6,Sticky Customer
15766659,0,3,1,4,Sticky Customer
15814033,0,3,1,4,Sticky Customer
15783007,2,1,1,4,Sticky Customer
15654183,0,3,1,4,Sticky Customer
15609899,0,1,1,2,Moderate Relationship
15747323,0,1,1,2,Moderate Relationship
15582591,2,1,1,4,Sticky Customer
15738835,0,3,0,3,Moderate Relationship
15782404,0,1,0,1,At-Risk Customer
15697480,2,3,0,5,Sticky Customer
15697045,2,3,0,5,Sticky Customer
15781234,0,1,1,2,Moderate Relationship
15579891,2,1,1,4,Sticky Customer
15805690,0,1,1,2,Moderate Relationship
15612139,2,1,0,3,Moderate Relationship
15568834,0,3,0,3,Moderate Relationship
15709917,0,1,0,1,At-Risk Customer
15718843,0,1,1,2,Moderate Relationship
15799494,2,3,0,5,Sticky Customer
15673439,2,3,1,6,Sticky Customer
15669011,2,1,0,3,Moderate Relationship
15581388,0,1,1,2,Moderate Relationship
15743153,2,3,1,6,Sticky Customer
15579787,0,3,1,4,Sticky Customer
15759966,0,3,1,4,Sticky Customer
15601045,0,3,0,3,Moderate Relationship
15764021,0,3,1,4,Sticky Customer
15687218,2,1,0,3,Moderate Relationship
15626452,2,3,1,6,Sticky Customer
15700964,2,1,1,4,Sticky Customer
15768887,2,3,0,5,Sticky Customer
15735358,2,1,1,4,Sticky Customer
15749472,0,1,1,2,Moderate Relationship
15685872,2,1,1,4,Sticky Customer
15760851,0,3,1,4,Sticky Customer
15734588,2,3,1,6,Sticky Customer
15784594,2,3,1,6,Sticky Customer
15606435,2,3,0,5,Sticky Customer
15790247,2,3,1,6,Sticky Customer
15676433,0,1,0,1,At-Risk Customer
15625905,0,3,1,4,Sticky Customer
15626414,0,1,1,2,Moderate Relationship
15623220,0,3,1,4,Sticky Customer
15752857,0,3,0,3,Moderate Relationship
15677908,0,3,0,3,Moderate Relationship
15773013,2,1,1,4,Sticky Customer
15623972,2,1,0,3,Moderate Relationship
15738627,2,3,1,6,Sticky Customer
15643392,2,1,1,4,Sticky Customer
15684868,0,1,1,2,Moderate Relationship
15627854,2,3,1,6,Sticky Customer
15669253,0,3,1,4,Sticky Customer
15758023,0,1,0,1,At-Risk Customer
15574558,2,3,1,6,Sticky Customer
15635256,2,1,1,4,Sticky Customer
15680399,0,3,1,4,Sticky Customer
15674720,2,1,1,4,Sticky Customer
15580249,0,1,0,1,At-Risk Customer
15675431,0,3,0,3,Moderate Relationship
15698285,2,1,1,4,Sticky Customer
15810775,2,3,1,6,Sticky Customer
15678173,2,3,0,5,Sticky Customer
15665222,0,1,1,2,Moderate Relationship
15803908,2,3,1,6,Sticky Customer
15586039,2,3,1,6,Sticky Customer
15802570,2,3,1,6,Sticky Customer
15781451,0,3,0,3,Moderate Relationship
15721019,0,1,1,2,Moderate Relationship
15738588,0,1,0,1,At-Risk Customer
15730657,2,1,0,3,Moderate Relationship
15739292,2,1,1,4,Sticky Customer
15725945,0,1,0,1,At-Risk Customer
15813159,2,1,0,3,Moderate Relationship
15636820,0,1,1,2,Moderate Relationship
15603880,2,1,1,4,Sticky Customer
15619494,2,1,1,4,Sticky Customer
15596992,0,1,1,2,Moderate Relationship
15735025,2,3,1,6,Sticky Customer
15730759,0,1,1,2,Moderate Relationship
15752912,0,3,1,4,Sticky Customer
15711316,2,3,1,6,Sticky Customer
15738785,2,3,0,5,Sticky Customer
15777896,2,1,0,3,Moderate Relationship
15628963,2,3,1,6,Sticky Customer
15742126,2,3,1,6,Sticky Customer
15575623,0,1,1,2,Moderate Relationship
15741652,2,1,1,4,Sticky Customer
15738884,0,1,1,2,Moderate Relationship
15615050,2,3,1,6,Sticky Customer
15803005,2,1,0,3,Moderate Relationship
15743498,0,1,1,2,Moderate Relationship
15720463,0,3,1,4,Sticky Customer
15588695,2,1,1,4,Sticky Customer
15665802,2,3,1,6,Sticky Customer
15571144,2,3,0,5,Sticky Customer
15750731,0,1,1,2,Moderate Relationship
15605134,0,3,1,4,Sticky Customer
15626044,2,3,1,6,Sticky Customer
15737910,0,3,1,4,Sticky Customer
15761076,2,3,1,6,Sticky Customer
15710105,2,1,1,4,Sticky Customer
15577402,2,3,0,5,Sticky Customer
15803337,0,1,1,2,Moderate Relationship
15654372,0,3,1,4,Sticky Customer
15585867,2,3,0,5,Sticky Customer
15662488,0,3,1,4,Sticky Customer
15604813,2,3,0,5,Sticky Customer
15611644,2,1,0,3,Moderate Relationship
15674928,0,3,1,4,Sticky Customer
15656100,0,1,0,1,At-Risk Customer
15764293,2,3,1,6,Sticky Customer
15636423,2,1,1,4,Sticky Customer
15607629,0,3,1,4,Sticky Customer
15577313,0,1,1,2,Moderate Relationship
15714493,2,3,1,6,Sticky Customer
15643359,2,1,0,3,Moderate Relationship
15687913,2,1,0,3,Moderate Relationship
15790935,2,3,0,5,Sticky Customer
15708693,0,3,1,4,Sticky Customer
15672016,2,3,0,5,Sticky Customer
15727605,2,3,0,5,Sticky Customer
15651144,0,3,0,3,Moderate Relationship
15749401,2,0,1,3,Moderate Relationship
15691874,0,1,1,2,Moderate Relationship
15620735,0,3,1,4,Sticky Customer
15769781,2,3,1,6,Sticky Customer
15624611,2,3,1,6,Sticky Customer
15773071,2,1,1,4,Sticky Customer
15720371,0,1,1,2,Moderate Relationship
15717984,0,1,1,2,Moderate Relationship
15806407,0,3,1,4,Sticky Customer
15785042,0,1,0,1,At-Risk Customer
15809302,2,3,1,6,Sticky Customer
15677550,0,3,1,4,Sticky Customer
15654096,0,3,1,4,Sticky Customer
15617320,0,1,1,2,Moderate Relationship
15653065,0,3,1,4,Sticky Customer
15649112,2,3,0,5,Sticky Customer
15690526,0,3,1,4,Sticky Customer
15806945,0,1,1,2,Moderate Relationship
15670066,2,3,1,6,Sticky Customer
15625761,0,0,1,1,At-Risk Customer
15761525,0,3,0,3,Moderate Relationship
15735080,2,1,1,4,Sticky Customer
15619537,2,3,1,6,Sticky Customer
15598162,2,1,1,4,Sticky Customer
15694300,0,3,1,4,Sticky Customer
15637235,0,3,0,3,Moderate Relationship
15612444,0,3,1,4,Sticky Customer
15626457,0,1,1,2,Moderate Relationship
15627995,2,1,0,3,Moderate Relationship
15706128,0,3,1,4,Sticky Customer
15666430,0,3,0,3,Moderate Relationship
15627385,2,1,1,4,Sticky Customer
15581323,0,3,1,4,Sticky Customer
15608109,2,3,0,5,Sticky Customer
15801942,2,0,1,3,Moderate Relationship
15567431,2,1,0,3,Moderate Relationship
15810167,2,1,0,3,Moderate Relationship
15644501,2,1,1,4,Sticky Customer
15785290,0,1,1,2,Moderate Relationship
15611157,0,1,1,2,Moderate Relationship
15673837,2,1,1,4,Sticky Customer
15656822,2,0,1,3,Moderate Relationship
15580560,2,1,1,4,Sticky Customer
15760641,2,1,0,3,Moderate Relationship
15587584,2,3,1,6,Sticky Customer
15604146,2,3,1,6,Sticky Customer
15813974,0,1,0,1,At-Risk Customer
15746986,0,3,0,3,Moderate Relationship
15759741,2,1,1,4,Sticky Customer
15734892,2,3,1,6,Sticky Customer
15797194,0,3,1,4,Sticky Customer
15723786,0,3,1,4,Sticky Customer
15642726,0,1,0,1,At-Risk Customer
15664339,0,3,0,3,Moderate Relationship
15754526,2,1,1,4,Sticky Customer
15703037,2,1,0,3,Moderate Relationship
15751412,2,1,0,3,Moderate Relationship
15609558,2,3,1,6,Sticky Customer
15572408,0,3,1,4,Sticky Customer
15613923,2,1,0,3,Moderate Relationship
15747000,2,3,1,6,Sticky Customer
15731781,0,3,1,4,Sticky Customer
15727198,0,3,0,3,Moderate Relationship
15794273,2,1,0,3,Moderate Relationship
15804950,2,3,1,6,Sticky Customer
15576304,2,1,1,4,Sticky Customer
15645200,0,1,1,2,Moderate Relationship
15779627,2,1,1,4,Sticky Customer
15750755,0,3,0,3,Moderate Relationship
15569654,0,1,0,1,At-Risk Customer
15753079,0,0,0,0,At-Risk Customer
15684995,2,1,0,3,Moderate Relationship
15790763,0,3,1,4,Sticky Customer
15766458,0,1,1,2,Moderate Relationship
15616221,0,1,0,1,At-Risk Customer
15776124,2,1,0,3,Moderate Relationship
15665811,0,1,1,2,Moderate Relationship
15729804,2,3,1,6,Sticky Customer
15714062,0,1,0,1,At-Risk Customer
15592197,0,3,1,4,Sticky Customer
15793116,0,1,0,1,At-Risk Customer
15638231,2,3,1,6,Sticky Customer
15697678,2,3,1,6,Sticky Customer
15800412,2,3,1,6,Sticky Customer
15597610,2,1,1,4,Sticky Customer
15726634,0,1,1,2,Moderate Relationship
15670866,2,3,1,6,Sticky Customer
15667462,0,3,1,4,Sticky Customer
15662574,0,1,1,2,Moderate Relationship
15716926,0,3,1,4,Sticky Customer
15603554,0,0,1,1,At-Risk Customer
15716800,2,3,1,6,Sticky Customer
15679429,2,1,1,4,Sticky Customer
15616122,2,3,1,6,Sticky Customer
15742172,0,3,1,4,Sticky Customer
15792305,2,0,0,2,Moderate Relationship
15636016,2,1,1,4,Sticky Customer
15733138,2,1,1,4,Sticky Customer
15669741,0,1,1,2,Moderate Relationship
15616954,2,3,0,5,Sticky Customer
15729238,2,1,1,4,Sticky Customer
15718242,0,1,0,1,At-Risk Customer
15682914,2,1,1,4,Sticky Customer
15654274,0,3,1,4,Sticky Customer
15691457,2,3,1,6,Sticky Customer
15719649,0,1,0,1,At-Risk Customer
15778897,2,3,1,6,Sticky Customer
15589437,2,1,1,4,Sticky Customer
15682369,2,1,1,4,Sticky Customer
15626507,0,1,1,2,Moderate Relationship
15571995,2,3,1,6,Sticky Customer
15673333,2,1,1,4,Sticky Customer
15748752,0,3,1,4,Sticky Customer
15725302,0,3,1,4,Sticky Customer
15722083,0,3,0,3,Moderate Relationship
15771442,2,1,0,3,Moderate Relationship
15803633,0,3,0,3,Moderate Relationship
15672185,0,3,1,4,Sticky Customer
15806486,0,3,0,3,Moderate Relationship
15570895,0,1,1,2,Moderate Relationship
15614520,0,1,1,2,Moderate Relationship
15687492,0,3,0,3,Moderate Relationship
15675337,2,1,1,4,Sticky Customer
15721047,0,1,1,2,Moderate Relationship
15589017,0,0,1,1,At-Risk Customer
15611186,2,1,1,4,Sticky Customer
15617301,0,1,1,2,Moderate Relationship
15726046,0,1,1,2,Moderate Relationship
15585748,2,3,1,6,Sticky Customer
15672826,2,3,1,6,Sticky Customer
15595162,0,1,0,1,At-Risk Customer
15650026,2,3,0,5,Sticky Customer
15745826,2,3,1,6,Sticky Customer
15708610,0,3,0,3,Moderate Relationship
15624471,0,3,1,4,Sticky Customer
15590097,0,1,1,2,Moderate Relationship
15689328,0,1,0,1,At-Risk Customer
15582154,2,1,1,4,Sticky Customer
15734626,2,3,1,6,Sticky Customer
15702806,0,1,0,1,At-Risk Customer
15620756,2,1,1,4,Sticky Customer
15611331,2,1,1,4,Sticky Customer
15576935,2,3,0,5,Sticky Customer
15661275,0,1,1,2,Moderate Relationship
15814940,2,3,1,6,Sticky Customer
15768471,0,1,1,2,Moderate Relationship
15697391,0,3,1,4,Sticky Customer
15793346,2,3,1,6,Sticky Customer
15608338,0,0,1,1,At-Risk Customer
15578546,2,1,1,4,Sticky Customer
15656921,0,3,0,3,Moderate Relationship
15761340,2,3,1,6,Sticky Customer
15591135,0,3,1,4,Sticky Customer
15623219,0,1,1,2,Moderate Relationship
15655229,2,1,0,3,Moderate Relationship
15805884,0,3,1,4,Sticky Customer
15668289,2,1,0,3,Moderate Relationship
15568562,0,1,1,2,Moderate Relationship
15773276,0,1,1,2,Moderate Relationship
15622801,2,1,1,4,Sticky Customer
15779886,0,3,0,3,Moderate Relationship
15713673,2,1,0,3,Moderate Relationship
15783083,0,3,1,4,Sticky Customer
15742824,0,1,1,2,Moderate Relationship
15621550,0,0,0,0,At-Risk Customer
15799480,2,3,0,5,Sticky Customer
15625247,0,1,0,1,At-Risk Customer
15755241,2,1,0,3,Moderate Relationship
15575679,0,1,1,2,Moderate Relationship
15668235,2,1,1,4,Sticky Customer
15683183,0,1,1,2,Moderate Relationship
15684592,2,3,0,5,Sticky Customer
15591169,0,1,1,2,Moderate Relationship
15653455,2,3,0,5,Sticky Customer
15732563,2,3,1,6,Sticky Customer
15656471,2,3,1,6,Sticky Customer
15598510,2,3,1,6,Sticky Customer
15766427,0,3,1,4,Sticky Customer
15785342,2,3,0,5,Sticky Customer
15641595,0,3,1,4,Sticky Customer
15798429,2,3,1,6,Sticky Customer
15648136,0,1,1,2,Moderate Relationship
15812482,0,1,1,2,Moderate Relationship
15790810,2,1,1,4,Sticky Customer
15687421,0,1,1,2,Moderate Relationship
15765643,2,3,0,5,Sticky Customer
15654878,2,1,1,4,Sticky Customer
15686835,0,1,0,1,At-Risk Customer
15768340,2,1,1,4,Sticky Customer
15673599,2,1,0,3,Moderate Relationship
15689096,2,1,1,4,Sticky Customer
15684294,2,3,0,5,Sticky Customer
15615828,0,1,0,1,At-Risk Customer
15746012,2,3,1,6,Sticky Customer
15615797,2,1,1,4,Sticky Customer
15788494,0,1,1,2,Moderate Relationship
15793856,2,3,1,6,Sticky Customer
15629545,0,1,0,1,At-Risk Customer
15661198,2,1,1,4,Sticky Customer
15715117,0,1,0,1,At-Risk Customer
15701074,2,1,1,4,Sticky Customer
15793046,2,1,1,4,Sticky Customer
15623744,2,1,1,4,Sticky Customer
15611329,2,3,1,6,Sticky Customer
15740428,0,3,0,3,Moderate Relationship
15781534,0,1,0,1,At-Risk Customer
15618243,2,1,1,4,Sticky Customer
15784161,0,1,0,1,At-Risk Customer
15700325,0,1,1,2,Moderate Relationship
15659064,2,3,1,6,Sticky Customer
15658364,2,1,1,4,Sticky Customer
15704340,0,1,1,2,Moderate Relationship
15793455,0,1,0,1,At-Risk Customer
15579777,0,3,1,4,Sticky Customer
15632345,0,3,1,4,Sticky Customer
15814468,2,1,0,3,Moderate Relationship
15754820,2,3,1,6,Sticky Customer
15707505,0,3,1,4,Sticky Customer
15699507,2,3,0,5,Sticky Customer
15799600,2,1,0,3,Moderate Relationship
15794472,0,3,0,3,Moderate Relationship
15646632,0,3,1,4,Sticky Customer
15676353,2,1,1,4,Sticky Customer
15566312,2,0,1,3,Moderate Relationship
15570414,0,1,0,1,At-Risk Customer
15776743,2,3,1,6,Sticky Customer
15674637,2,1,0,3,Moderate Relationship
15730418,0,3,1,4,Sticky Customer
15739972,0,0,1,1,At-Risk Customer
15661591,2,3,1,6,Sticky Customer
15675585,2,3,1,6,Sticky Customer
15814750,2,3,1,6,Sticky Customer
15593454,0,1,1,2,Moderate Relationship
15663421,0,3,1,4,Sticky Customer
15576196,0,3,0,3,Moderate Relationship
15677324,2,1,1,4,Sticky Customer
15568742,0,1,1,2,Moderate Relationship
15693764,0,1,1,2,Moderate Relationship
15714260,0,3,0,3,Moderate Relationship
15798200,2,0,1,3,Moderate Relationship
15656627,2,3,1,6,Sticky Customer
15791111,0,3,1,4,Sticky Customer
15638269,2,3,0,5,Sticky Customer
15807473,2,3,1,6,Sticky Customer
15708534,0,1,1,2,Moderate Relationship
15640686,0,1,1,2,Moderate Relationship
15588904,0,1,1,2,Moderate Relationship
15768763,2,1,0,3,Moderate Relationship
15770543,0,1,1,2,Moderate Relationship
15642162,0,1,1,2,Moderate Relationship
15714046,2,3,1,6,Sticky Customer
15575060,0,3,1,4,Sticky Customer
15812040,0,1,0,1,At-Risk Customer
15812073,2,3,1,6,Sticky Customer
15706810,2,3,0,5,Sticky Customer
15584090,2,3,0,5,Sticky Customer
15810807,0,3,1,4,Sticky Customer
15582033,0,1,1,2,Moderate Relationship
15687607,2,1,0,3,Moderate Relationship
15588406,0,3,1,4,Sticky Customer
15784099,0,1,1,2,Moderate Relationship
15701352,0,3,1,4,Sticky Customer
15789371,2,3,1,6,Sticky Customer
15602845,0,3,1,4,Sticky Customer
15707918,0,3,1,4,Sticky Customer
15602812,2,3,0,5,Sticky Customer
15675888,2,1,1,4,Sticky Customer
15591822,0,1,1,2,Moderate Relationship
15738501,2,1,0,3,Moderate Relationship
15585907,0,3,0,3,Moderate Relationship
15579040,0,3,0,3,Moderate Relationship
15804211,2,1,1,4,Sticky Customer
15736126,2,1,1,4,Sticky Customer
15745399,0,1,1,2,Moderate Relationship
15760749,2,1,0,3,Moderate Relationship
15637118,0,1,1,2,Moderate Relationship
15657829,0,1,1,2,Moderate Relationship
15738497,0,3,1,4,Sticky Customer
15690695,2,3,1,6,Sticky Customer
15762351,2,3,1,6,Sticky Customer
15791172,0,1,1,2,Moderate Relationship
15598982,2,1,0,3,Moderate Relationship
15734765,2,1,0,3,Moderate Relationship
15642912,0,1,0,1,At-Risk Customer
15769516,0,3,1,4,Sticky Customer
15789379,0,1,1,2,Moderate Relationship
15695103,2,3,1,6,Sticky Customer
15801924,0,3,0,3,Moderate Relationship
15767804,0,3,1,4,Sticky Customer
15718039,2,3,0,5,Sticky Customer
15579994,2,1,1,4,Sticky Customer
15595037,2,1,0,3,Moderate Relationship
15600720,0,1,1,2,Moderate Relationship
15782608,0,3,0,3,Moderate Relationship
15566894,0,1,0,1,At-Risk Customer
15749123,0,1,1,2,Moderate Relationship
15668943,0,3,1,4,Sticky Customer
15577423,0,1,1,2,Moderate Relationship
15623102,2,3,0,5,Sticky Customer
15728012,0,1,1,2,Moderate Relationship
15683363,2,1,0,3,Moderate Relationship
15699335,2,3,1,6,Sticky Customer
15574369,2,1,1,4,Sticky Customer
15703167,0,3,1,4,Sticky Customer
15754874,0,1,1,2,Moderate Relationship
15723216,2,1,1,4,Sticky Customer
15725094,2,1,1,4,Sticky Customer
15647974,0,3,1,4,Sticky Customer
15583371,0,1,1,2,Moderate Relationship
15772559,2,1,0,3,Moderate Relationship
15711251,0,1,1,2,Moderate Relationship
15719212,0,1,1,2,Moderate Relationship
15764927,2,1,0,3,Moderate Relationship
15731412,2,1,1,4,Sticky Customer
15719170,2,1,1,4,Sticky Customer
15596011,2,1,1,4,Sticky Customer
15614834,2,1,0,3,Moderate Relationship
15600510,0,3,1,4,Sticky Customer
15625706,0,3,0,3,Moderate Relationship
15781409,0,1,1,2,Moderate Relationship
15722583,2,3,1,6,Sticky Customer
15677243,0,3,1,4,Sticky Customer
15815070,0,3,0,3,Moderate Relationship
15705899,2,1,1,4,Sticky Customer
15701522,2,3,0,5,Sticky Customer
15755978,0,3,1,4,Sticky Customer
15722090,2,1,1,4,Sticky Customer
15783526,2,1,1,4,Sticky Customer
15632125,2,1,1,4,Sticky Customer
15688395,0,3,0,3,Moderate Relationship
15666975,0,1,1,2,Moderate Relationship
15682211,2,3,1,6,Sticky Customer
15637411,2,3,0,5,Sticky Customer
15591512,2,1,0,3,Moderate Relationship
15606855,2,3,1,6,Sticky Customer
15763683,2,1,1,4,Sticky Customer
15641782,2,1,0,3,Moderate Relationship
15677184,2,1,0,3,Moderate Relationship
15775042,0,3,1,4,Sticky Customer
15616630,0,1,1,2,Moderate Relationship
15800233,0,3,1,4,Sticky Customer
15588419,0,1,1,2,Moderate Relationship
15595557,0,3,1,4,Sticky Customer
15626143,2,3,1,6,Sticky Customer
15566030,0,1,0,1,At-Risk Customer
15701412,0,3,0,3,Moderate Relationship
15702464,0,3,0,3,Moderate Relationship
15573348,2,1,1,4,Sticky Customer
15704160,0,1,1,2,Moderate Relationship
15693704,2,3,0,5,Sticky Customer
15664752,0,3,1,4,Sticky Customer
15628292,2,3,1,6,Sticky Customer
15621195,0,3,1,4,Sticky Customer
15668629,0,3,1,4,Sticky Customer
15635197,2,1,1,4,Sticky Customer
15592761,0,3,0,3,Moderate Relationship
15574283,2,3,0,5,Sticky Customer
15598097,0,3,1,4,Sticky Customer
15711352,2,3,1,6,Sticky Customer
15620751,0,3,1,4,Sticky Customer
15656717,0,3,0,3,Moderate Relationship
15643121,0,3,0,3,Moderate Relationship
15723671,0,1,1,2,Moderate Relationship
15752846,2,3,1,6,Sticky Customer
15640852,0,0,1,1,At-Risk Customer
15789313,0,3,1,4,Sticky Customer
15793688,0,1,1,2,Moderate Relationship
15770405,0,1,1,2,Moderate Relationship
15702561,2,1,1,4,Sticky Customer
15625964,0,1,0,1,At-Risk Customer
15761364,0,3,1,4,Sticky Customer
15590286,0,1,1,2,Moderate Relationship
15587978,2,1,0,3,Moderate Relationship
15773242,2,3,1,6,Sticky Customer
15761053,0,1,0,1,At-Risk Customer
15702095,0,1,1,2,Moderate Relationship
15764253,0,1,1,2,Moderate Relationship
15700801,2,0,0,2,Moderate Relationship
15730590,0,3,0,3,Moderate Relationship
15643916,2,1,1,4,Sticky Customer
15720636,2,1,0,3,Moderate Relationship
15795429,2,3,1,6,Sticky Customer
15609254,2,3,1,6,Sticky Customer
15625141,0,3,0,3,Moderate Relationship
15810898,2,3,0,5,Sticky Customer
15775797,2,0,0,2,Moderate Relationship
15795246,2,3,1,6,Sticky Customer
15795275,0,3,0,3,Moderate Relationship
15571869,0,1,0,1,At-Risk Customer
15694143,0,1,1,2,Moderate Relationship
15748231,0,3,1,4,Sticky Customer
15632185,0,3,1,4,Sticky Customer
15806249,2,3,0,5,Sticky Customer
15743293,2,0,1,3,Moderate Relationship
15598157,0,1,1,2,Moderate Relationship
15700946,2,1,1,4,Sticky Customer
15722692,0,1,1,2,Moderate Relationship
15696506,0,1,0,1,At-Risk Customer
15728823,0,3,1,4,Sticky Customer
15808851,2,1,0,3,Moderate Relationship
15675231,2,3,1,6,Sticky Customer
15732299,2,0,1,3,Moderate Relationship
15706269,2,3,1,6,Sticky Customer
15590078,2,1,1,4,Sticky Customer
15776985,2,3,0,5,Sticky Customer
15756743,0,1,1,2,Moderate Relationship
15782364,0,1,0,1,At-Risk Customer
15604093,2,3,1,6,Sticky Customer
15749328,0,3,1,4,Sticky Customer
15656322,0,1,1,2,Moderate Relationship
15685564,2,1,1,4,Sticky Customer
15785831,2,1,1,4,Sticky Customer
15796218,2,3,1,6,Sticky Customer
15716218,2,1,0,3,Moderate Relationship
15572735,2,3,1,6,Sticky Customer
15633840,2,3,1,6,Sticky Customer
15608760,2,1,1,4,Sticky Customer
15627848,0,3,1,4,Sticky Customer
15792029,0,3,1,4,Sticky Customer
15617331,2,1,1,4,Sticky Customer
15651740,2,3,0,5,Sticky Customer
15636407,0,1,1,2,Moderate Relationship
15607526,0,1,1,2,Moderate Relationship
15632576,0,1,1,2,Moderate Relationship
15581505,0,3,1,4,Sticky Customer
15612207,2,1,0,3,Moderate Relationship
15707242,0,3,0,3,Moderate Relationship
15721937,2,1,0,3,Moderate Relationship
15773852,2,3,1,6,Sticky Customer
15719778,0,3,1,4,Sticky Customer
15650538,0,1,1,2,Moderate Relationship
15797475,0,1,1,2,Moderate Relationship
15780359,2,1,1,4,Sticky Customer
15737104,2,3,1,6,Sticky Customer
15789936,0,3,1,4,Sticky Customer
15709523,2,3,1,6,Sticky Customer
15593425,0,1,0,1,At-Risk Customer
15776725,2,1,1,4,Sticky Customer
15604706,0,1,1,2,Moderate Relationship
15790958,2,3,1,6,Sticky Customer
15747534,0,1,1,2,Moderate Relationship
15574237,2,3,1,6,Sticky Customer
15690332,2,1,1,4,Sticky Customer
15661290,0,1,0,1,At-Risk Customer
15651883,0,1,1,2,Moderate Relationship
15808905,2,1,1,4,Sticky Customer
15715532,2,1,0,3,Moderate Relationship
15786078,0,3,1,4,Sticky Customer
15652401,0,3,0,3,Moderate Relationship
15673074,2,1,1,4,Sticky Customer
15598744,2,1,1,4,Sticky Customer
15785975,2,3,0,5,Sticky Customer
15613180,2,1,1,4,Sticky Customer
15584229,2,1,1,4,Sticky Customer
15773804,0,1,1,2,Moderate Relationship
15699515,2,3,1,6,Sticky Customer
15705313,2,1,1,4,Sticky Customer
15693817,0,3,1,4,Sticky Customer
15673790,2,3,0,5,Sticky Customer
15674868,2,3,1,6,Sticky Customer
15692110,0,1,1,2,Moderate Relationship
15645904,2,3,0,5,Sticky Customer
15581332,2,3,1,6,Sticky Customer
15808544,0,1,0,1,At-Risk Customer
15734948,0,3,0,3,Moderate Relationship
15654531,0,3,0,3,Moderate Relationship
15637774,0,1,0,1,At-Risk Customer
15677141,2,1,1,4,Sticky Customer
15739578,0,1,1,2,Moderate Relationship
15697360,2,1,0,3,Moderate Relationship
15655213,2,1,1,4,Sticky Customer
15580872,0,3,1,4,Sticky Customer
15683213,2,3,0,5,Sticky Customer
15801188,2,1,0,3,Moderate Relationship
15645029,0,3,1,4,Sticky Customer
15633181,2,3,0,5,Sticky Customer
15598259,0,1,1,2,Moderate Relationship
15576000,2,1,1,4,Sticky Customer
15766047,2,1,1,4,Sticky Customer
15596339,2,1,0,3,Moderate Relationship
15715199,2,3,0,5,Sticky Customer
15615938,2,1,0,3,Moderate Relationship
15679991,2,3,0,5,Sticky Customer
15626135,0,1,1,2,Moderate Relationship
15792934,0,3,0,3,Moderate Relationship
15744046,2,3,1,6,Sticky Customer
15700826,2,3,0,5,Sticky Customer
15756301,2,1,0,3,Moderate Relationship
15586517,2,1,1,4,Sticky Customer
15751297,0,3,1,4,Sticky Customer
15710365,0,3,1,4,Sticky Customer
15679307,2,1,0,3,Moderate Relationship
15610753,2,1,1,4,Sticky Customer
15811036,2,1,0,3,Moderate Relationship
15610912,0,1,1,2,Moderate Relationship
15619932,2,1,0,3,Moderate Relationship
15746199,2,1,1,4,Sticky Customer
15584967,2,3,1,6,Sticky Customer
15734365,2,3,0,5,Sticky Customer
15726960,2,3,1,6,Sticky Customer
15665177,2,3,0,5,Sticky Customer
15779915,0,1,1,2,Moderate Relationship
15729110,0,3,1,4,Sticky Customer
15575399,0,3,1,4,Sticky Customer
15678374,2,3,1,6,Sticky Customer
15792679,2,3,1,6,Sticky Customer
15668767,0,3,1,4,Sticky Customer
15761886,2,1,1,4,Sticky Customer
15583076,0,3,1,4,Sticky Customer
15815615,2,1,1,4,Sticky Customer
15591942,2,3,1,6,Sticky Customer
15724924,2,1,0,3,Moderate Relationship
15762123,0,3,1,4,Sticky Customer
15567893,0,3,1,4,Sticky Customer
15648989,0,1,1,2,Moderate Relationship
15662021,0,3,0,3,Moderate Relationship
15691627,2,1,1,4,Sticky Customer
15731751,2,1,0,3,Moderate Relationship
15635277,0,1,1,2,Moderate Relationship
15655252,2,1,1,4,Sticky Customer
15803941,0,1,0,1,At-Risk Customer
15714380,0,3,0,3,Moderate Relationship
15666559,2,3,1,6,Sticky Customer
15799998,0,1,0,1,At-Risk Customer
15703763,2,1,1,4,Sticky Customer
15795640,0,3,0,3,Moderate Relationship
15780056,0,1,1,2,Moderate Relationship
15777873,0,1,0,1,At-Risk Customer
15584749,0,1,1,2,Moderate Relationship
15765258,2,3,1,6,Sticky Customer
15623346,0,3,1,4,Sticky Customer
15614054,2,3,0,5,Sticky Customer
15766185,2,1,1,4,Sticky Customer
15667632,2,3,0,5,Sticky Customer
15599024,2,3,0,5,Sticky Customer
15798709,2,1,0,3,Moderate Relationship
15741921,2,3,1,6,Sticky Customer
15793671,0,1,1,2,Moderate Relationship
15797900,0,1,0,1,At-Risk Customer
15667932,2,3,1,6,Sticky Customer
15795933,2,3,1,6,Sticky Customer
15660403,2,3,0,5,Sticky Customer
15736299,0,1,0,1,At-Risk Customer
15759034,0,1,1,2,Moderate Relationship
15724663,0,3,0,3,Moderate Relationship
15594556,2,3,1,6,Sticky Customer
15737169,2,1,1,4,Sticky Customer
15632472,2,1,0,3,Moderate Relationship
15722813,0,1,1,2,Moderate Relationship
15588450,2,1,1,4,Sticky Customer
15736717,2,1,1,4,Sticky Customer
15680683,0,3,1,4,Sticky Customer
15710316,2,1,1,4,Sticky Customer
15746333,0,0,1,1,At-Risk Customer
15606861,0,3,1,4,Sticky Customer
15641285,2,1,0,3,Moderate Relationship
15662908,2,3,1,6,Sticky Customer
15814267,2,1,1,4,Sticky Customer
15614923,2,1,0,3,Moderate Relationship
15579223,0,1,1,2,Moderate Relationship
15651389,2,1,0,3,Moderate Relationship
15677087,0,1,0,1,At-Risk Customer
15665784,0,1,1,2,Moderate Relationship
15576706,2,1,0,3,Moderate Relationship
15615473,0,3,0,3,Moderate Relationship
15587299,0,1,1,2,Moderate Relationship
15655389,2,1,1,4,Sticky Customer
15784491,0,1,0,1,At-Risk Customer
15809999,0,3,1,4,Sticky Customer
15681115,2,1,1,4,Sticky Customer
15629390,0,1,1,2,Moderate Relationship
15792668,0,3,1,4,Sticky Customer
15583863,0,1,0,1,At-Risk Customer
15681878,2,3,1,6,Sticky Customer
15782875,2,3,1,6,Sticky Customer
15732235,2,1,0,3,Moderate Relationship
15735909,0,1,1,2,Moderate Relationship
15653448,2,3,1,6,Sticky Customer
15587647,2,1,0,3,Moderate Relationship
15701037,0,3,1,4,Sticky Customer
15727499,0,3,0,3,Moderate Relationship
15724838,0,1,1,2,Moderate Relationship
15666711,2,0,0,2,Moderate Relationship
15588933,2,1,1,4,Sticky Customer
15763111,2,1,0,3,Moderate Relationship
15805676,0,3,1,4,Sticky Customer
15586674,2,1,0,3,Moderate Relationship
15744553,0,1,1,2,Moderate Relationship
15776629,0,3,0,3,Moderate Relationship
15647207,0,3,1,4,Sticky Customer
15715638,2,3,0,5,Sticky Customer
15750602,0,1,1,2,Moderate Relationship
15766810,2,3,0,5,Sticky Customer
15756625,0,3,1,4,Sticky Customer
15639552,0,1,0,1,At-Risk Customer
15633213,0,1,0,1,At-Risk Customer
15610416,0,1,1,2,Moderate Relationship
15715208,2,1,1,4,Sticky Customer
15619608,0,1,1,2,Moderate Relationship
15628697,2,1,0,3,Moderate Relationship
15643826,2,3,1,6,Sticky Customer
15718588,0,3,0,3,Moderate Relationship
15709741,0,1,1,2,Moderate Relationship
15723318,0,0,0,0,At-Risk Customer
15717328,0,3,1,4,Sticky Customer
15771299,2,1,1,4,Sticky Customer
15706223,2,3,1,6,Sticky Customer
15612358,2,3,1,6,Sticky Customer
15769191,2,3,1,6,Sticky Customer
15618816,2,1,0,3,Moderate Relationship
15730810,2,1,1,4,Sticky Customer
15783463,0,3,1,4,Sticky Customer
15616213,0,1,1,2,Moderate Relationship
15611287,2,3,0,5,Sticky Customer
15786454,2,1,1,4,Sticky Customer
15768682,2,1,1,4,Sticky Customer
15766172,0,1,1,2,Moderate Relationship
15637646,0,1,0,1,At-Risk Customer
15653404,2,1,0,3,Moderate Relationship
15690546,0,0,0,0,At-Risk Customer
15735636,2,1,1,4,Sticky Customer
15605424,0,1,1,2,Moderate Relationship
15568449,2,1,1,4,Sticky Customer
15688085,2,1,0,3,Moderate Relationship
15683483,2,3,1,6,Sticky Customer
15659567,2,3,1,6,Sticky Customer
15766667,2,3,0,5,Sticky Customer
15624975,2,1,0,3,Moderate Relationship
15660878,2,3,1,6,Sticky Customer
15586557,2,1,0,3,Moderate Relationship
15746183,2,3,1,6,Sticky Customer
15631457,2,1,0,3,Moderate Relationship
15754053,2,0,1,3,Moderate Relationship
15645839,2,1,1,4,Sticky Customer
15689955,0,3,1,4,Sticky Customer
15593510,2,1,1,4,Sticky Customer
15654964,0,1,1,2,Moderate Relationship
15594039,0,3,1,4,Sticky Customer
15625929,0,1,0,1,At-Risk Customer
15815295,0,1,1,2,Moderate Relationship
15621818,2,1,1,4,Sticky Customer
15652700,2,3,1,6,Sticky Customer
15636860,0,1,1,2,Moderate Relationship
15569432,2,3,1,6,Sticky Customer
15751455,0,1,1,2,Moderate Relationship
15800583,0,1,0,1,At-Risk Customer
15770214,0,3,1,4,Sticky Customer
15613463,2,3,1,6,Sticky Customer
15587066,0,1,0,1,At-Risk Customer
15693752,2,3,1,6,Sticky Customer
15714874,2,3,1,6,Sticky Customer
15657809,2,0,1,3,Moderate Relationship
15651955,2,3,0,5,Sticky Customer
15570912,2,3,1,6,Sticky Customer
15640266,2,1,1,4,Sticky Customer
15652069,0,3,1,4,Sticky Customer
15596074,2,1,1,4,Sticky Customer
15800268,2,1,0,3,Moderate Relationship
15809847,0,3,0,3,Moderate Relationship
15599074,2,1,0,3,Moderate Relationship
15599591,0,3,1,4,Sticky Customer
15776096,2,1,0,3,Moderate Relationship
15611669,2,1,0,3,Moderate Relationship
15694098,2,1,1,4,Sticky Customer
15713347,0,1,1,2,Moderate Relationship
15713094,2,3,1,6,Sticky Customer
15811978,2,1,1,4,Sticky Customer
15799925,2,3,1,6,Sticky Customer
15692575,0,1,1,2,Moderate Relationship
15743149,2,1,1,4,Sticky Customer
15776947,0,1,1,2,Moderate Relationship
15700656,0,3,0,3,Moderate Relationship
15594515,0,3,0,3,Moderate Relationship
15787884,2,3,1,6,Sticky Customer
15577988,2,3,1,6,Sticky Customer
15795586,0,1,1,2,Moderate Relationship
15677739,0,3,1,4,Sticky Customer
15720134,2,3,1,6,Sticky Customer
15688868,0,1,0,1,At-Risk Customer
15642996,0,3,1,4,Sticky Customer
15771222,0,3,0,3,Moderate Relationship
15605059,0,1,1,2,Moderate Relationship
15568088,0,1,1,2,Moderate Relationship
15665943,0,3,1,4,Sticky Customer
15795571,2,1,0,3,Moderate Relationship
15662243,0,1,0,1,At-Risk Customer
15593128,0,3,1,4,Sticky Customer
15589739,2,1,1,4,Sticky Customer
15787602,2,3,1,6,Sticky Customer
15685019,0,1,1,2,Moderate Relationship
15704209,2,3,0,5,Sticky Customer
15605264,2,3,1,6,Sticky Customer
15708265,2,1,1,4,Sticky Customer
15740264,0,3,1,4,Sticky Customer
15615477,0,3,0,3,Moderate Relationship
15727361,2,3,1,6,Sticky Customer
15760216,0,1,1,2,Moderate Relationship
15806134,0,3,1,4,Sticky Customer
15601351,2,1,1,4,Sticky Customer
15669262,0,3,0,3,Moderate Relationship
15696989,0,0,0,0,At-Risk Customer
15688498,0,3,1,4,Sticky Customer
15686964,0,1,0,1,At-Risk Customer
15625035,2,3,1,6,Sticky Customer
15618391,2,3,1,6,Sticky Customer
15591344,2,3,1,6,Sticky Customer
15605455,0,3,1,4,Sticky Customer
15680804,2,3,1,6,Sticky Customer
15768282,2,3,1,6,Sticky Customer
15685826,0,1,1,2,Moderate Relationship
15793491,0,3,1,4,Sticky Customer
15797787,0,1,1,2,Moderate Relationship
15611171,2,1,1,4,Sticky Customer
15601627,0,1,0,1,At-Risk Customer
15734085,2,1,1,4,Sticky Customer
15809309,2,1,0,3,Moderate Relationship
15809462,2,3,0,5,Sticky Customer
15634628,0,3,0,3,Moderate Relationship
15775678,2,1,1,4,Sticky Customer
15579526,2,1,1,4,Sticky Customer
15779103,0,3,1,4,Sticky Customer
15738715,0,0,1,1,At-Risk Customer
15593943,2,1,1,4,Sticky Customer
15754574,2,3,1,6,Sticky Customer
15737814,0,1,1,2,Moderate Relationship
15670889,2,1,1,4,Sticky Customer
15629299,2,1,1,4,Sticky Customer
15771569,2,1,1,4,Sticky Customer
15811927,0,1,0,1,At-Risk Customer
15785654,2,3,1,6,Sticky Customer
15665524,0,1,0,1,At-Risk Customer
15736287,0,1,1,2,Moderate Relationship
15765732,2,1,1,4,Sticky Customer
15797381,2,3,1,6,Sticky Customer
15598536,2,1,0,3,Moderate Relationship
15664506,2,1,1,4,Sticky Customer
15575619,2,1,1,4,Sticky Customer
15587394,0,3,0,3,Moderate Relationship
15654457,2,0,1,3,Moderate Relationship
15762793,2,3,1,6,Sticky Customer
15658067,0,1,1,2,Moderate Relationship
15642816,2,3,1,6,Sticky Customer
15693088,2,3,1,6,Sticky Customer
15793883,0,3,1,4,Sticky Customer
15665283,2,0,0,2,Moderate Relationship
15680421,0,3,0,3,Moderate Relationship
15695148,2,3,1,6,Sticky Customer
15636592,2,3,0,5,Sticky Customer
15772618,2,1,0,3,Moderate Relationship
15724453,0,1,0,1,At-Risk Customer
15565878,2,3,1,6,Sticky Customer
15609160,0,3,0,3,Moderate Relationship
15678460,0,1,1,2,Moderate Relationship
15662571,0,3,1,4,Sticky Customer
15606849,2,1,1,4,Sticky Customer
15670738,0,3,1,4,Sticky Customer
15662641,2,1,1,4,Sticky Customer
15727539,0,3,1,4,Sticky Customer
15651020,0,3,0,3,Moderate Relationship
15673877,0,0,1,1,At-Risk Customer
15760865,0,1,1,2,Moderate Relationship
15705009,0,1,1,2,Moderate Relationship
15657540,0,3,1,4,Sticky Customer
15707441,2,1,1,4,Sticky Customer
15694765,0,1,1,2,Moderate Relationship
15649086,2,3,1,6,Sticky Customer
15650488,2,1,1,4,Sticky Customer
15760924,0,1,0,1,At-Risk Customer
15700263,0,1,1,2,Moderate Relationship
15806922,2,1,1,4,Sticky Customer
15637522,2,1,0,3,Moderate Relationship
15636548,0,3,0,3,Moderate Relationship
15566891,0,1,1,2,Moderate Relationship
15627185,0,3,1,4,Sticky Customer
15754012,2,3,1,6,Sticky Customer
15627514,2,3,0,5,Sticky Customer
15661433,0,1,1,2,Moderate Relationship
15610653,2,3,1,6,Sticky Customer
15667002,0,3,1,4,Sticky Customer
15709199,2,1,1,4,Sticky Customer
15710087,0,0,1,1,At-Risk Customer
15679884,2,0,1,3,Moderate Relationship
15784180,2,1,1,4,Sticky Customer
15808849,2,1,0,3,Moderate Relationship
15751549,0,3,0,3,Moderate Relationship
15588235,2,1,1,4,Sticky Customer
15640418,0,1,1,2,Moderate Relationship
15721116,2,3,1,6,Sticky Customer
15599084,2,1,1,4,Sticky Customer
15773394,2,3,1,6,Sticky Customer
15625713,2,1,0,3,Moderate Relationship
15766417,2,3,1,6,Sticky Customer
15622578,2,1,0,3,Moderate Relationship
15799924,0,1,0,1,At-Risk Customer
15618363,2,1,1,4,Sticky Customer
15637138,0,3,1,4,Sticky Customer
15781665,0,1,0,1,At-Risk Customer
15804853,0,1,1,2,Moderate Relationship
15651627,2,1,1,4,Sticky Customer
15680685,0,1,0,1,At-Risk Customer
15808930,0,1,1,2,Moderate Relationship
15570970,2,3,1,6,Sticky Customer
15679961,2,1,1,4,Sticky Customer
15705458,2,3,1,6,Sticky Customer
15750396,2,3,1,6,Sticky Customer
15679928,2,3,0,5,Sticky Customer
15711181,2,3,0,5,Sticky Customer
15698324,2,1,1,4,Sticky Customer
15807433,2,3,0,5,Sticky Customer
15636590,2,3,1,6,Sticky Customer
15628950,0,1,1,2,Moderate Relationship
15617206,0,3,1,4,Sticky Customer
15603741,2,1,1,4,Sticky Customer
15742607,2,1,1,4,Sticky Customer
15747821,0,1,1,2,Moderate Relationship
15612043,2,1,1,4,Sticky Customer
15809558,2,1,1,4,Sticky Customer
15803750,2,1,0,3,Moderate Relationship
15704681,2,3,0,5,Sticky Customer
15667392,2,3,1,6,Sticky Customer
15738889,2,1,0,3,Moderate Relationship
15598838,2,1,1,4,Sticky Customer
15579109,2,1,1,4,Sticky Customer
15799042,2,1,1,4,Sticky Customer
15697042,0,1,1,2,Moderate Relationship
15696605,0,1,0,1,At-Risk Customer
15802274,0,1,1,2,Moderate Relationship
15596808,0,1,1,2,Moderate Relationship
15705403,2,1,0,3,Moderate Relationship
15732903,0,3,1,4,Sticky Customer
15581968,2,3,1,6,Sticky Customer
15683892,0,1,1,2,Moderate Relationship
15595447,0,1,1,2,Moderate Relationship
15569249,2,0,0,2,Moderate Relationship
15656188,2,3,1,6,Sticky Customer
15689661,2,3,0,5,Sticky Customer
15644934,0,1,1,2,Moderate Relationship
15721793,2,1,1,4,Sticky Customer
15687413,2,3,1,6,Sticky Customer
15761286,2,3,1,6,Sticky Customer
15658240,0,3,0,3,Moderate Relationship
15706232,2,1,1,4,Sticky Customer
15583394,2,3,1,6,Sticky Customer
15715643,2,3,1,6,Sticky Customer
15644856,0,1,1,2,Moderate Relationship
15785488,2,3,1,6,Sticky Customer
15711571,0,1,1,2,Moderate Relationship
15778604,0,3,0,3,Moderate Relationship
15751180,0,1,1,2,Moderate Relationship
15748360,2,3,1,6,Sticky Customer
15770039,0,1,1,2,Moderate Relationship
15685096,2,3,1,6,Sticky Customer
15669501,2,3,1,6,Sticky Customer
15622631,0,1,1,2,Moderate Relationship
15586699,0,3,0,3,Moderate Relationship
15702377,0,1,1,2,Moderate Relationship
15577170,2,3,0,5,Sticky Customer
15769451,2,3,1,6,Sticky Customer
15811877,0,3,1,4,Sticky Customer
15648725,2,3,1,6,Sticky Customer
15752801,0,3,1,4,Sticky Customer
15808175,0,1,1,2,Moderate Relationship
15681342,2,3,1,6,Sticky Customer
15589210,0,1,0,1,At-Risk Customer
15696826,2,1,0,3,Moderate Relationship
15614962,2,1,1,4,Sticky Customer
15689061,2,3,1,6,Sticky Customer
15640074,0,1,0,1,At-Risk Customer
15776156,2,1,1,4,Sticky Customer
15739548,0,1,1,2,Moderate Relationship
15662854,0,3,0,3,Moderate Relationship
15687688,0,3,1,4,Sticky Customer
15715750,0,1,0,1,At-Risk Customer
15571121,2,1,0,3,Moderate Relationship
15726466,0,1,1,2,Moderate Relationship
15660390,2,3,1,6,Sticky Customer
15663942,0,3,0,3,Moderate Relationship
15638610,0,1,1,2,Moderate Relationship
15644446,2,1,0,3,Moderate Relationship
15585892,0,1,0,1,At-Risk Customer
15609356,0,3,0,3,Moderate Relationship
15803378,2,3,1,6,Sticky Customer
15599440,0,3,1,4,Sticky Customer
15692408,2,3,1,6,Sticky Customer
15683168,2,1,0,3,Moderate Relationship
15790254,2,1,1,4,Sticky Customer
15767729,2,3,1,6,Sticky Customer
15768600,0,1,1,2,Moderate Relationship
15699839,2,1,1,4,Sticky Customer
15786237,0,3,1,4,Sticky Customer
15694530,2,1,1,4,Sticky Customer
15796813,0,3,1,4,Sticky Customer
15605791,0,3,1,4,Sticky Customer
15714087,0,1,1,2,Moderate Relationship
15711446,0,0,1,1,At-Risk Customer
15588123,2,3,0,5,Sticky Customer
15748552,0,1,0,1,At-Risk Customer
15618410,0,1,0,1,At-Risk Customer
15672432,0,1,1,2,Moderate Relationship
15610042,0,1,1,2,Moderate Relationship
15580914,2,3,0,5,Sticky Customer
15583680,2,1,0,3,Moderate Relationship
15813718,0,3,0,3,Moderate Relationship
15767264,0,1,0,1,At-Risk Customer
15686461,2,3,1,6,Sticky Customer
15678882,0,1,0,1,At-Risk Customer
15789611,0,1,0,1,At-Risk Customer
15668679,2,3,1,6,Sticky Customer
15631685,2,1,0,3,Moderate Relationship
15655658,2,3,1,6,Sticky Customer
15753591,0,3,1,4,Sticky Customer
15617348,0,3,0,3,Moderate Relationship
15704581,2,3,0,5,Sticky Customer
15738487,0,3,1,4,Sticky Customer
15648069,2,3,1,6,Sticky Customer
15737627,0,3,1,4,Sticky Customer
15731586,0,3,0,3,Moderate Relationship
15757467,2,3,1,6,Sticky Customer
15597709,0,3,1,4,Sticky Customer
15720529,2,3,1,6,Sticky Customer
15596797,2,3,1,6,Sticky Customer
15681755,2,3,1,6,Sticky Customer
15815271,0,0,1,1,At-Risk Customer
15682860,0,3,0,3,Moderate Relationship
15621546,2,1,1,4,Sticky Customer
15705918,2,3,1,6,Sticky Customer
15684512,2,3,1,6,Sticky Customer
15671769,2,0,1,3,Moderate Relationship
15642934,0,3,1,4,Sticky Customer
15594305,0,3,1,4,Sticky Customer
15789201,0,1,1,2,Moderate Relationship
15706762,2,3,1,6,Sticky Customer
15766183,2,3,1,6,Sticky Customer
15777994,2,3,1,6,Sticky Customer
15568162,2,1,1,4,Sticky Customer
15680643,2,3,1,6,Sticky Customer
15761854,2,1,0,3,Moderate Relationship
15730793,2,1,1,4,Sticky Customer
15692137,2,1,1,4,Sticky Customer
15608595,2,1,0,3,Moderate Relationship
15709459,2,1,1,4,Sticky Customer
15775750,0,1,1,2,Moderate Relationship
15585855,2,1,1,4,Sticky Customer
15752139,0,3,1,4,Sticky Customer
15768295,2,1,0,3,Moderate Relationship
15766906,0,3,1,4,Sticky Customer
15725776,0,1,0,1,At-Risk Customer
15682576,2,3,0,5,Sticky Customer
15704081,2,3,1,6,Sticky Customer
15719940,0,3,0,3,Moderate Relationship
15672894,0,3,0,3,Moderate Relationship
15667451,2,3,1,6,Sticky Customer
15636767,2,1,1,4,Sticky Customer
15571415,0,1,1,2,Moderate Relationship
15575605,2,3,1,6,Sticky Customer
15649160,2,1,1,4,Sticky Customer
15615832,2,1,0,3,Moderate Relationship
15600975,0,1,1,2,Moderate Relationship
15690772,2,3,1,6,Sticky Customer
15565714,2,3,0,5,Sticky Customer
15763108,0,1,1,2,Moderate Relationship
15723884,0,3,0,3,Moderate Relationship
15644453,0,1,1,2,Moderate Relationship
15655464,2,1,0,3,Moderate Relationship
15783883,0,1,1,2,Moderate Relationship
15787693,0,1,1,2,Moderate Relationship
15664793,2,3,0,5,Sticky Customer
15642391,0,1,0,1,At-Risk Customer
15756538,2,1,0,3,Moderate Relationship
15668830,0,1,1,2,Moderate Relationship
15796569,2,1,0,3,Moderate Relationship
15677112,0,3,1,4,Sticky Customer
15815040,2,1,0,3,Moderate Relationship
15590434,2,1,0,3,Moderate Relationship
15597536,0,1,0,1,At-Risk Customer
15723989,2,3,1,6,Sticky Customer
15767358,0,3,1,4,Sticky Customer
15594812,2,3,0,5,Sticky Customer
15688210,0,1,0,1,At-Risk Customer
15681509,2,3,0,5,Sticky Customer
15572390,0,3,1,4,Sticky Customer
15801441,2,1,0,3,Moderate Relationship
15783859,2,1,1,4,Sticky Customer
15575243,2,3,1,6,Sticky Customer
15773421,0,3,1,4,Sticky Customer
15788776,0,0,1,1,At-Risk Customer
15765257,2,1,1,4,Sticky Customer
15661412,0,1,1,2,Moderate Relationship
15636478,2,1,1,4,Sticky Customer
15603683,0,3,0,3,Moderate Relationship
15651868,0,1,0,1,At-Risk Customer
15815443,0,1,1,2,Moderate Relationship
15682686,2,3,0,5,Sticky Customer
15697460,2,3,0,5,Sticky Customer
15748432,2,3,1,6,Sticky Customer
15698271,0,3,1,4,Sticky Customer
15808662,0,3,1,4,Sticky Customer
15690372,0,3,1,4,Sticky Customer
15781875,2,3,1,6,Sticky Customer
15801473,0,3,1,4,Sticky Customer
15704509,0,1,0,1,At-Risk Customer
15694666,2,1,1,4,Sticky Customer
15731166,2,1,1,4,Sticky Customer
15728523,2,1,1,4,Sticky Customer
15788442,2,1,0,3,Moderate Relationship
15689781,0,1,0,1,At-Risk Customer
15764226,2,1,1,4,Sticky Customer
15809837,2,3,1,6,Sticky Customer
15805212,2,3,0,5,Sticky Customer
15716082,0,1,0,1,At-Risk Customer
15643056,2,1,0,3,Moderate Relationship
15654859,0,3,1,4,Sticky Customer
15761158,2,3,1,6,Sticky Customer
15577515,2,1,0,3,Moderate Relationship
15723827,0,1,0,1,At-Risk Customer
15646594,2,1,1,4,Sticky Customer
15712877,0,3,1,4,Sticky Customer
15598802,2,3,0,5,Sticky Customer
15699340,0,3,1,4,Sticky Customer
15691150,2,1,1,4,Sticky Customer
15608688,0,3,1,4,Sticky Customer
15737998,0,1,0,1,At-Risk Customer
15735837,2,3,1,6,Sticky Customer
15659100,0,1,0,1,At-Risk Customer
15609070,2,0,1,3,Moderate Relationship
15650313,2,1,1,4,Sticky Customer
15627699,0,1,1,2,Moderate Relationship
15591010,0,3,1,4,Sticky Customer
15798895,0,1,1,2,Moderate Relationship
15745375,0,1,1,2,Moderate Relationship
15775235,0,1,0,1,At-Risk Customer
15780088,0,1,1,2,Moderate Relationship
15649379,2,3,1,6,Sticky Customer
15713983,0,3,1,4,Sticky Customer
15709252,2,1,0,3,Moderate Relationship
15699238,0,3,1,4,Sticky Customer
15732884,0,1,0,1,At-Risk Customer
15587297,2,3,1,6,Sticky Customer
15684722,0,3,0,3,Moderate Relationship
15621244,2,1,1,4,Sticky Customer
15744273,0,3,1,4,Sticky Customer
15682540,2,3,1,6,Sticky Customer
15636521,2,1,1,4,Sticky Customer
15785339,0,3,0,3,Moderate Relationship
15638983,0,1,0,1,At-Risk Customer
15654625,2,3,1,6,Sticky Customer
15697310,0,1,0,1,At-Risk Customer
15678210,2,3,1,6,Sticky Customer
15575438,2,1,1,4,Sticky Customer
15632789,2,3,1,6,Sticky Customer
15621423,0,0,0,0,At-Risk Customer
15573520,2,3,0,5,Sticky Customer
15740458,0,1,1,2,Moderate Relationship
15762799,2,3,1,6,Sticky Customer
15686885,2,3,0,5,Sticky Customer
15565996,2,3,1,6,Sticky Customer
15662152,0,1,0,1,At-Risk Customer
15711742,2,1,1,4,Sticky Customer
15701885,2,3,0,5,Sticky Customer
15774262,2,3,1,6,Sticky Customer
15567839,2,1,0,3,Moderate Relationship
15644400,0,1,1,2,Moderate Relationship
15797246,0,3,1,4,Sticky Customer
15778290,2,1,1,4,Sticky Customer
15708714,0,3,1,4,Sticky Customer
15586183,0,3,1,4,Sticky Customer
15761733,2,3,1,6,Sticky Customer
15773934,0,1,1,2,Moderate Relationship
15705343,0,1,1,2,Moderate Relationship
15593959,2,1,1,4,Sticky Customer
15664615,2,1,1,4,Sticky Customer
15671014,2,1,1,4,Sticky Customer
15657778,0,3,0,3,Moderate Relationship
15585192,0,1,0,1,At-Risk Customer
15592914,2,3,1,6,Sticky Customer
15770995,0,1,1,2,Moderate Relationship
15570990,0,3,0,3,Moderate Relationship
15596165,2,3,1,6,Sticky Customer
15788131,0,1,1,2,Moderate Relationship
15800773,2,1,1,4,Sticky Customer
15690153,2,3,0,5,Sticky Customer
15638989,0,1,0,1,At-Risk Customer
15623210,0,0,0,0,At-Risk Customer
15652658,2,3,1,6,Sticky Customer
15684440,2,1,1,4,Sticky Customer
15730287,0,0,1,1,At-Risk Customer
15720353,0,3,1,4,Sticky Customer
15767231,0,1,0,1,At-Risk Customer
15761554,0,1,0,1,At-Risk Customer
15706637,0,3,0,3,Moderate Relationship
15690492,0,3,1,4,Sticky Customer
15694237,0,1,1,2,Moderate Relationship
15729771,2,1,0,3,Moderate Relationship
15609823,0,3,0,3,Moderate Relationship
15793366,2,3,1,6,Sticky Customer
15614813,0,1,1,2,Moderate Relationship
15566495,0,1,1,2,Moderate Relationship
15707602,2,3,1,6,Sticky Customer
15635244,2,3,1,6,Sticky Customer
15805627,2,3,1,6,Sticky Customer
15607986,2,1,1,4,Sticky Customer
15799785,2,1,1,4,Sticky Customer
15699963,2,1,1,4,Sticky Customer
15624595,2,1,1,4,Sticky Customer
15629750,0,1,1,2,Moderate Relationship
15651460,2,1,1,4,Sticky Customer
15753550,0,3,1,4,Sticky Customer
15594133,0,1,1,2,Moderate Relationship
15772329,0,1,1,2,Moderate Relationship
15591552,0,1,1,2,Moderate Relationship
15750921,2,3,1,6,Sticky Customer
15701687,0,0,0,0,At-Risk Customer
15728906,2,3,1,6,Sticky Customer
15670029,0,3,1,4,Sticky Customer
15763579,2,3,1,6,Sticky Customer
15728010,2,3,0,5,Sticky Customer
15663194,2,1,1,4,Sticky Customer
15736510,0,0,1,1,At-Risk Customer
15745804,2,3,1,6,Sticky Customer
15631451,2,3,1,6,Sticky Customer
15746995,0,1,1,2,Moderate Relationship
15730673,0,1,1,2,Moderate Relationship
15734649,0,1,1,2,Moderate Relationship
15701081,2,1,0,3,Moderate Relationship
15632503,0,1,1,2,Moderate Relationship
15585928,2,1,1,4,Sticky Customer
15648681,2,0,0,2,Moderate Relationship
15747757,0,1,0,1,At-Risk Customer
15718921,2,1,1,4,Sticky Customer
15571081,2,1,1,4,Sticky Customer
15734578,2,1,0,3,Moderate Relationship
15579583,2,1,1,4,Sticky Customer
15622729,2,3,1,6,Sticky Customer
15662189,2,1,1,4,Sticky Customer
15692718,0,3,0,3,Moderate Relationship
15762716,0,1,1,2,Moderate Relationship
15724851,0,1,1,2,Moderate Relationship
15587266,2,1,0,3,Moderate Relationship
15675926,0,1,1,2,Moderate Relationship
15706268,2,1,1,4,Sticky Customer
15581871,2,3,1,6,Sticky Customer
15666166,2,1,1,4,Sticky Customer
15671582,2,1,1,4,Sticky Customer
15680901,2,3,1,6,Sticky Customer
15642336,0,3,0,3,Moderate Relationship
15653147,2,1,1,4,Sticky Customer
15571284,2,3,1,6,Sticky Customer
15591360,2,3,0,5,Sticky Customer
15810485,0,1,0,1,At-Risk Customer
15611973,2,3,1,6,Sticky Customer
15735572,2,1,1,4,Sticky Customer
15567860,0,3,1,4,Sticky Customer
15795690,2,1,1,4,Sticky Customer
15706464,0,3,0,3,Moderate Relationship
15725028,2,3,1,6,Sticky Customer
15751167,2,3,1,6,Sticky Customer
15633944,2,1,1,4,Sticky Customer
15672637,0,1,1,2,Moderate Relationship
15680895,0,1,1,2,Moderate Relationship
15793825,0,3,1,4,Sticky Customer
15611318,0,1,1,2,Moderate Relationship
15768474,0,3,1,4,Sticky Customer
15716276,0,1,1,2,Moderate Relationship
15623668,0,3,0,3,Moderate Relationship
15696361,2,1,0,3,Moderate Relationship
15607988,0,1,1,2,Moderate Relationship
15637891,2,1,0,3,Moderate Relationship
15789865,2,1,0,3,Moderate Relationship
15627190,2,1,1,4,Sticky Customer
15788224,0,1,0,1,At-Risk Customer
15702149,2,1,1,4,Sticky Customer
15708236,2,1,1,4,Sticky Customer
15568469,0,3,1,4,Sticky Customer
15764444,2,3,1,6,Sticky Customer
15794204,2,1,1,4,Sticky Customer
15807546,2,3,1,6,Sticky Customer
15782159,2,3,1,6,Sticky Customer
15618703,2,1,0,3,Moderate Relationship
15793317,0,1,1,2,Moderate Relationship
15740487,2,0,1,3,Moderate Relationship
15722479,2,3,0,5,Sticky Customer
15688264,2,3,1,6,Sticky Customer
15583067,2,1,0,3,Moderate Relationship
15686670,0,3,1,4,Sticky Customer
15593345,2,3,1,6,Sticky Customer
15811690,0,1,0,1,At-Risk Customer
15734008,0,1,1,2,Moderate Relationship
15771856,0,3,1,4,Sticky Customer
15762045,2,3,1,6,Sticky Customer
15778142,2,3,1,6,Sticky Customer
15689268,2,1,1,4,Sticky Customer
15721507,0,1,0,1,At-Risk Customer
15750476,0,3,1,4,Sticky Customer
15810723,0,0,1,1,At-Risk Customer
15787229,0,3,1,4,Sticky Customer
15570508,0,1,1,2,Moderate Relationship
15617065,0,1,1,2,Moderate Relationship
15689786,0,1,0,1,At-Risk Customer
15648876,0,1,1,2,Moderate Relationship
15802106,0,1,1,2,Moderate Relationship
15773869,2,1,1,4,Sticky Customer
15711635,0,3,1,4,Sticky Customer
15795527,0,3,1,4,Sticky Customer
15759133,2,3,1,6,Sticky Customer
15679394,2,1,1,4,Sticky Customer
15801072,0,3,1,4,Sticky Customer
15646082,0,1,1,2,Moderate Relationship
15796111,2,1,0,3,Moderate Relationship
15670646,2,1,1,4,Sticky Customer
15578722,0,3,1,4,Sticky Customer
15815095,0,3,0,3,Moderate Relationship
15730360,2,3,1,6,Sticky Customer
15763194,2,3,0,5,Sticky Customer
15720725,0,3,1,4,Sticky Customer
15567834,2,1,1,4,Sticky Customer
15720644,0,3,1,4,Sticky Customer
15811742,0,3,1,4,Sticky Customer
15813363,0,3,0,3,Moderate Relationship
15717629,2,3,0,5,Sticky Customer
15713160,0,3,1,4,Sticky Customer
15568878,0,3,1,4,Sticky Customer
15809800,0,3,0,3,Moderate Relationship
15736420,2,3,0,5,Sticky Customer
15757933,0,1,1,2,Moderate Relationship
15623072,0,3,1,4,Sticky Customer
15683993,0,3,1,4,Sticky Customer
15570947,2,3,1,6,Sticky Customer
15797767,2,1,0,3,Moderate Relationship
15731989,0,3,1,4,Sticky Customer
15591035,2,1,0,3,Moderate Relationship
15586479,0,1,1,2,Moderate Relationship
15605872,2,1,1,4,Sticky Customer
15666012,2,3,1,6,Sticky Customer
15641733,0,1,1,2,Moderate Relationship
15593178,2,1,1,4,Sticky Customer
15649183,2,0,0,2,Moderate Relationship
15736399,0,3,1,4,Sticky Customer
15751137,0,1,1,2,Moderate Relationship
15757188,2,3,1,6,Sticky Customer
15726167,2,3,1,6,Sticky Customer
15624850,0,3,1,4,Sticky Customer
15717700,2,3,0,5,Sticky Customer
15716347,2,3,0,5,Sticky Customer
15696287,2,1,1,4,Sticky Customer
15638871,2,3,1,6,Sticky Customer
15765093,2,1,1,4,Sticky Customer
15592999,2,1,1,4,Sticky Customer
15641715,2,3,1,6,Sticky Customer
15607746,2,1,1,4,Sticky Customer
15625311,2,1,1,4,Sticky Customer
15573077,2,1,1,4,Sticky Customer
15735106,0,3,1,4,Sticky Customer
15672912,0,3,0,3,Moderate Relationship
15589881,2,3,1,6,Sticky Customer
15660144,0,3,0,3,Moderate Relationship
15664083,2,1,0,3,Moderate Relationship
15690898,0,1,0,1,At-Risk Customer
15808023,2,1,1,4,Sticky Customer
15676909,0,3,1,4,Sticky Customer
15764922,0,1,1,2,Moderate Relationship
15766734,0,1,1,2,Moderate Relationship
15795079,2,3,1,6,Sticky Customer
15757434,0,1,0,1,At-Risk Customer
15673747,2,1,0,3,Moderate Relationship
15808386,0,1,0,1,At-Risk Customer
15603565,0,3,1,4,Sticky Customer
15744044,0,1,1,2,Moderate Relationship
15577771,2,1,1,4,Sticky Customer
15769548,0,1,1,2,Moderate Relationship
15802071,2,1,0,3,Moderate Relationship
15677395,0,3,0,3,Moderate Relationship
15632010,0,3,1,4,Sticky Customer
15779492,0,1,0,1,At-Risk Customer
15694677,2,3,1,6,Sticky Customer
15704315,2,1,1,4,Sticky Customer
15742009,2,3,1,6,Sticky Customer
15766663,0,3,1,4,Sticky Customer
15742297,2,1,1,4,Sticky Customer
15688059,2,3,1,6,Sticky Customer
15752344,0,3,1,4,Sticky Customer
15698749,0,1,1,2,Moderate Relationship
15631693,2,3,1,6,Sticky Customer
15604536,2,1,0,3,Moderate Relationship
15802869,2,3,1,6,Sticky Customer
15635598,0,3,0,3,Moderate Relationship
15592326,2,3,0,5,Sticky Customer
15736533,0,1,1,2,Moderate Relationship
15647191,0,3,1,4,Sticky Customer
15622507,0,3,0,3,Moderate Relationship
15765487,2,1,1,4,Sticky Customer
15646521,2,1,1,4,Sticky Customer
15746258,2,1,1,4,Sticky Customer
15692430,0,3,1,4,Sticky Customer
15625501,0,1,1,2,Moderate Relationship
15640521,0,1,1,2,Moderate Relationship
15790630,0,1,0,1,At-Risk Customer
15664720,0,1,0,1,At-Risk Customer
15750055,2,3,1,6,Sticky Customer
15644878,0,1,0,1,At-Risk Customer
15754578,0,3,1,4,Sticky Customer
15705379,0,3,1,4,Sticky Customer
15761047,2,3,0,5,Sticky Customer
15671293,2,1,1,4,Sticky Customer
15687527,0,3,1,4,Sticky Customer
15647898,0,0,1,1,At-Risk Customer
15671534,0,1,1,2,Moderate Relationship
15591248,2,1,1,4,Sticky Customer
15676156,0,3,1,4,Sticky Customer
15812918,0,3,0,3,Moderate Relationship
15604130,0,1,0,1,At-Risk Customer
15700549,2,3,1,6,Sticky Customer
15715519,0,3,1,4,Sticky Customer
15707042,0,1,1,2,Moderate Relationship
15605276,2,3,1,6,Sticky Customer
15630592,0,1,1,2,Moderate Relationship
15636626,2,1,1,4,Sticky Customer
15740411,2,3,1,6,Sticky Customer
15593834,0,1,0,1,At-Risk Customer
15804235,2,3,1,6,Sticky Customer
15679801,2,3,1,6,Sticky Customer
15673907,0,3,0,3,Moderate Relationship
15636562,0,3,0,3,Moderate Relationship
15702571,2,0,1,3,Moderate Relationship
15627365,2,3,1,6,Sticky Customer
15748499,2,1,0,3,Moderate Relationship
15598614,0,3,1,4,Sticky Customer
15668889,0,0,1,1,At-Risk Customer
15800049,2,1,1,4,Sticky Customer
15583724,2,3,1,6,Sticky Customer
15622083,0,3,1,4,Sticky Customer
15645571,2,3,0,5,Sticky Customer
15598266,2,1,1,4,Sticky Customer
15667934,0,1,1,2,Moderate Relationship
15569682,0,1,1,2,Moderate Relationship
15772941,2,1,0,3,Moderate Relationship
15586174,2,1,1,4,Sticky Customer
15803682,2,3,1,6,Sticky Customer
15627328,2,3,1,6,Sticky Customer
15717065,0,1,1,2,Moderate Relationship
15602456,2,3,1,6,Sticky Customer
15721569,2,1,0,3,Moderate Relationship
15573798,0,3,1,4,Sticky Customer
15638272,2,1,1,4,Sticky Customer
15799859,0,1,1,2,Moderate Relationship
15599152,0,1,0,1,At-Risk Customer
15737909,0,3,1,4,Sticky Customer
15646190,0,1,0,1,At-Risk Customer
15711249,0,3,1,4,Sticky Customer
15671987,0,1,1,2,Moderate Relationship
15812766,0,1,0,1,At-Risk Customer
15778589,2,3,1,6,Sticky Customer
15750104,0,3,1,4,Sticky Customer
15784526,2,1,0,3,Moderate Relationship
15646563,2,1,0,3,Moderate Relationship
15744423,0,3,1,4,Sticky Customer
15593694,0,3,0,3,Moderate Relationship
15785367,0,1,0,1,At-Risk Customer
15687765,0,1,1,2,Moderate Relationship
15789014,0,1,1,2,Moderate Relationship
15703177,2,1,1,4,Sticky Customer
15660263,0,3,1,4,Sticky Customer
15776545,2,1,0,3,Moderate Relationship
15683276,2,3,1,6,Sticky Customer
15599272,2,1,1,4,Sticky Customer
15589541,2,3,0,5,Sticky Customer
15608804,2,1,1,4,Sticky Customer
15645820,0,3,1,4,Sticky Customer
15659031,2,3,1,6,Sticky Customer
15790113,0,1,1,2,Moderate Relationship
15652289,0,3,1,4,Sticky Customer
15605341,2,1,1,4,Sticky Customer
15697844,0,1,1,2,Moderate Relationship
15652048,2,3,1,6,Sticky Customer
15587038,2,1,1,4,Sticky Customer
15660528,0,3,1,4,Sticky Customer
15700300,2,1,0,3,Moderate Relationship
15642001,0,1,1,2,Moderate Relationship
15580366,2,3,1,6,Sticky Customer
15657228,2,3,0,5,Sticky Customer
15729377,2,3,1,6,Sticky Customer
15686913,0,1,1,2,Moderate Relationship
15631267,2,3,1,6,Sticky Customer
15632275,0,1,1,2,Moderate Relationship
15715907,0,1,1,2,Moderate Relationship
15764841,2,1,1,4,Sticky Customer
15748649,0,1,1,2,Moderate Relationship
15771409,0,1,1,2,Moderate Relationship
15779207,2,3,1,6,Sticky Customer
15814116,0,3,1,4,Sticky Customer
15665087,2,1,1,4,Sticky Customer
15611189,0,1,0,1,At-Risk Customer
15729718,0,0,0,0,At-Risk Customer
15733602,2,3,0,5,Sticky Customer
15620103,2,1,1,4,Sticky Customer
15770406,2,1,0,3,Moderate Relationship
15800554,2,3,1,6,Sticky Customer
15611409,0,3,0,3,Moderate Relationship
15646535,0,1,1,2,Moderate Relationship
15575430,2,1,1,4,Sticky Customer
15711299,2,1,0,3,Moderate Relationship
15642063,0,1,0,1,At-Risk Customer
15706602,2,3,0,5,Sticky Customer
15592773,0,0,0,0,At-Risk Customer
15786539,2,3,1,6,Sticky Customer
15737542,0,1,1,2,Moderate Relationship
15590234,0,1,1,2,Moderate Relationship
15773776,2,1,1,4,Sticky Customer
15728082,0,3,1,4,Sticky Customer
15609987,0,1,1,2,Moderate Relationship
15735330,0,1,1,2,Moderate Relationship
15649430,2,3,1,6,Sticky Customer
15768777,2,3,1,6,Sticky Customer
15777893,0,3,1,4,Sticky Customer
15791326,0,1,0,1,At-Risk Customer
15615176,0,3,1,4,Sticky Customer
15735221,0,3,1,4,Sticky Customer
15617991,2,1,1,4,Sticky Customer
15658504,2,3,0,5,Sticky Customer
15785705,0,1,1,2,Moderate Relationship
15801817,2,1,1,4,Sticky Customer
15752578,0,3,1,4,Sticky Customer
15781574,2,1,1,4,Sticky Customer
15792107,2,1,1,4,Sticky Customer
15569917,0,3,0,3,Moderate Relationship
15721504,0,3,1,4,Sticky Customer
15757306,2,0,1,3,Moderate Relationship
15647295,0,3,1,4,Sticky Customer
15642098,0,3,1,4,Sticky Customer
15696120,0,3,1,4,Sticky Customer
15675176,2,1,1,4,Sticky Customer
15700046,0,3,1,4,Sticky Customer
15782089,0,1,1,2,Moderate Relationship
15706394,2,3,0,5,Sticky Customer
15759387,2,1,1,4,Sticky Customer
15623369,0,1,1,2,Moderate Relationship
15732943,0,1,1,2,Moderate Relationship
15750545,0,0,0,0,At-Risk Customer
15809909,2,3,1,6,Sticky Customer
15642448,2,1,1,4,Sticky Customer
15791944,0,0,1,1,At-Risk Customer
15768342,2,0,1,3,Moderate Relationship
15567919,2,3,0,5,Sticky Customer
15674750,0,3,1,4,Sticky Customer
15778345,0,1,1,2,Moderate Relationship
15687634,2,1,1,4,Sticky Customer
15666096,2,1,0,3,Moderate Relationship
15581700,2,1,1,4,Sticky Customer
15656417,0,3,1,4,Sticky Customer
15649101,0,1,0,1,At-Risk Customer
15781975,2,1,0,3,Moderate Relationship
15700511,2,3,1,6,Sticky Customer
15770255,0,1,0,1,At-Risk Customer
15643574,0,3,1,4,Sticky Customer
15595010,0,3,0,3,Moderate Relationship
15580579,2,1,1,4,Sticky Customer
15748532,2,1,1,4,Sticky Customer
15773789,0,1,1,2,Moderate Relationship
15600027,2,3,1,6,Sticky Customer
15620832,2,3,0,5,Sticky Customer
15568819,2,0,1,3,Moderate Relationship
15748691,2,1,0,3,Moderate Relationship
15583552,0,1,1,2,Moderate Relationship
15588019,0,1,1,2,Moderate Relationship
15713250,2,3,1,6,Sticky Customer
15569595,0,1,1,2,Moderate Relationship
15794868,2,3,1,6,Sticky Customer
15576680,0,3,0,3,Moderate Relationship
15613699,0,1,1,2,Moderate Relationship
15609758,0,1,1,2,Moderate Relationship
15762392,2,1,1,4,Sticky Customer
15693382,2,1,0,3,Moderate Relationship
15791769,0,1,1,2,Moderate Relationship
15712483,0,3,1,4,Sticky Customer
15636454,0,1,1,2,Moderate Relationship
15710138,2,3,0,5,Sticky Customer
15571571,2,0,1,3,Moderate Relationship
15638751,0,3,1,4,Sticky Customer
15598574,2,3,0,5,Sticky Customer
15796787,0,1,1,2,Moderate Relationship
15615670,2,1,1,4,Sticky Customer
15705506,0,3,0,3,Moderate Relationship
15599535,2,1,1,4,Sticky Customer
15768449,2,3,1,6,Sticky Customer
15725002,0,3,1,4,Sticky Customer
15611682,2,1,1,4,Sticky Customer
15749964,0,3,1,4,Sticky Customer
15678779,2,3,0,5,Sticky Customer
15752601,0,3,0,3,Moderate Relationship
15758477,0,3,1,4,Sticky Customer
15629133,0,3,1,4,Sticky Customer
15604963,0,3,0,3,Moderate Relationship
15796413,0,3,1,4,Sticky Customer
15812470,2,3,0,5,Sticky Customer
15587443,2,3,1,6,Sticky Customer
15689692,2,1,1,4,Sticky Customer
15779586,0,3,1,4,Sticky Customer
15667588,2,1,1,4,Sticky Customer
15624423,0,1,1,2,Moderate Relationship
15591107,0,1,0,1,At-Risk Customer
15748986,2,3,1,6,Sticky Customer
15793896,2,1,1,4,Sticky Customer
15620570,0,1,1,2,Moderate Relationship
15727811,0,1,0,1,At-Risk Customer
15707681,2,3,0,5,Sticky Customer
15702030,0,1,1,2,Moderate Relationship
15673238,0,3,1,4,Sticky Customer
15604196,2,1,1,4,Sticky Customer
15769356,2,3,1,6,Sticky Customer
15665590,2,3,1,6,Sticky Customer
15572361,0,1,1,2,Moderate Relationship
15667460,2,3,1,6,Sticky Customer
15654760,2,1,1,4,Sticky Customer
15632669,2,3,1,6,Sticky Customer
15613673,0,1,1,2,Moderate Relationship
15698522,0,3,1,4,Sticky Customer
15741633,2,1,1,4,Sticky Customer
15674583,2,1,1,4,Sticky Customer
15665374,0,3,0,3,Moderate Relationship
15588854,2,1,1,4,Sticky Customer
15810716,0,3,1,4,Sticky Customer
15776921,0,3,0,3,Moderate Relationship
15569394,0,3,1,4,Sticky Customer
15788215,0,1,0,1,At-Risk Customer
15641007,2,1,1,4,Sticky Customer
15594651,2,1,0,3,Moderate Relationship
15575146,2,3,1,6,Sticky Customer
15608916,2,1,1,4,Sticky Customer
15666297,0,0,0,0,At-Risk Customer
15598586,2,1,1,4,Sticky Customer
15665014,0,3,1,4,Sticky Customer
15701738,2,1,1,4,Sticky Customer
15650591,2,1,1,4,Sticky Customer
15652667,2,3,1,6,Sticky Customer
15679622,2,1,1,4,Sticky Customer
15730150,0,1,1,2,Moderate Relationship
15813192,2,3,0,5,Sticky Customer
15606554,2,1,0,3,Moderate Relationship
15611794,2,3,1,6,Sticky Customer
15672357,0,3,1,4,Sticky Customer
15711759,2,1,1,4,Sticky Customer
15615296,0,1,1,2,Moderate Relationship
15699294,0,3,0,3,Moderate Relationship
15788634,0,1,0,1,At-Risk Customer
15660871,0,1,1,2,Moderate Relationship
15618258,0,1,1,2,Moderate Relationship
15722535,2,1,0,3,Moderate Relationship
15711977,0,1,1,2,Moderate Relationship
15690169,0,3,1,4,Sticky Customer
15790689,2,1,1,4,Sticky Customer
15665181,2,3,0,5,Sticky Customer
15633608,2,3,1,6,Sticky Customer
15805261,2,3,0,5,Sticky Customer
15740356,2,1,0,3,Moderate Relationship
15808223,2,1,1,4,Sticky Customer
15769980,2,1,1,4,Sticky Customer
15675450,2,3,1,6,Sticky Customer
15776494,2,1,1,4,Sticky Customer
15592412,0,1,1,2,Moderate Relationship
15777452,0,1,0,1,At-Risk Customer
15692258,0,1,0,1,At-Risk Customer
15791045,2,1,0,3,Moderate Relationship
15807889,0,1,1,2,Moderate Relationship
15602043,0,3,0,3,Moderate Relationship
15807335,2,1,1,4,Sticky Customer
15629985,0,3,0,3,Moderate Relationship
15679453,2,1,1,4,Sticky Customer
15637315,0,3,1,4,Sticky Customer
15691513,2,0,1,3,Moderate Relationship
15622289,2,3,0,5,Sticky Customer
15715184,0,3,1,4,Sticky Customer
15702801,0,1,0,1,At-Risk Customer
15719931,0,3,1,4,Sticky Customer
15806081,0,3,1,4,Sticky Customer
15796336,0,3,1,4,Sticky Customer
15647306,2,1,1,4,Sticky Customer
15742369,2,3,1,6,Sticky Customer
15655859,0,3,1,4,Sticky Customer
15675650,2,1,0,3,Moderate Relationship
15574119,2,1,1,4,Sticky Customer
15754168,2,1,1,4,Sticky Customer
15763029,2,1,1,4,Sticky Customer
15765048,0,3,1,4,Sticky Customer
15786215,0,3,1,4,Sticky Customer
15707559,2,3,1,6,Sticky Customer
15582129,0,0,1,1,At-Risk Customer
15687540,2,3,0,5,Sticky Customer
15787196,2,3,1,6,Sticky Customer
15670898,0,3,0,3,Moderate Relationship
15775433,2,3,1,6,Sticky Customer
15700693,2,3,1,6,Sticky Customer
15677955,0,1,1,2,Moderate Relationship
15570086,2,1,0,3,Moderate Relationship
15794875,2,3,0,5,Sticky Customer
15673591,2,0,0,2,Moderate Relationship
15631756,0,3,0,3,Moderate Relationship
15757617,0,1,1,2,Moderate Relationship
15612729,2,3,1,6,Sticky Customer
15637857,2,1,0,3,Moderate Relationship
15681007,0,0,1,1,At-Risk Customer
15593622,2,3,0,5,Sticky Customer
15629273,0,1,1,2,Moderate Relationship
15765846,0,1,1,2,Moderate Relationship
15596013,0,1,0,1,At-Risk Customer
15722473,0,3,1,4,Sticky Customer
15774936,2,1,1,4,Sticky Customer
15685640,2,1,1,4,Sticky Customer
15566563,0,1,1,2,Moderate Relationship
15768746,0,3,0,3,Moderate Relationship
15689952,2,1,0,3,Moderate Relationship
15725906,2,1,1,4,Sticky Customer
15634501,2,1,0,3,Moderate Relationship
15571940,2,1,1,4,Sticky Customer
15741643,2,1,1,4,Sticky Customer
15806822,0,3,0,3,Moderate Relationship
15701166,2,3,1,6,Sticky Customer
15718531,2,3,1,6,Sticky Customer
15628308,2,3,1,6,Sticky Customer
15585287,0,1,1,2,Moderate Relationship
15781619,0,1,1,2,Moderate Relationship
15805162,2,3,1,6,Sticky Customer
15588535,0,3,0,3,Moderate Relationship
15775307,2,1,1,4,Sticky Customer
15777616,0,1,1,2,Moderate Relationship
15692291,0,3,1,4,Sticky Customer
15680843,2,3,1,6,Sticky Customer
15606232,2,1,1,4,Sticky Customer
15641585,2,1,0,3,Moderate Relationship
15684358,2,3,1,6,Sticky Customer
15806389,2,3,0,5,Sticky Customer
15641860,0,3,1,4,Sticky Customer
15814237,2,3,1,6,Sticky Customer
15808780,0,3,0,3,Moderate Relationship
15767064,2,1,1,4,Sticky Customer
15751177,0,1,1,2,Moderate Relationship
15613427,0,3,0,3,Moderate Relationship
15647259,0,3,0,3,Moderate Relationship
15748660,0,1,1,2,Moderate Relationship
15726695,0,3,1,4,Sticky Customer
15757473,2,3,0,5,Sticky Customer
15809509,2,1,1,4,Sticky Customer
15715512,2,1,1,4,Sticky Customer
15614168,0,1,1,2,Moderate Relationship
15679818,2,1,0,3,Moderate Relationship
15609928,2,3,0,5,Sticky Customer
15731246,0,3,1,4,Sticky Customer
15685243,2,3,0,5,Sticky Customer
15638730,2,3,0,5,Sticky Customer
15697034,2,3,0,5,Sticky Customer
15699225,0,3,1,4,Sticky Customer
15677387,2,1,0,3,Moderate Relationship
15759184,0,1,1,2,Moderate Relationship
15595991,2,1,1,4,Sticky Customer
15681332,0,1,1,2,Moderate Relationship
15756299,2,1,1,4,Sticky Customer
15750547,2,3,1,6,Sticky Customer
15566380,2,3,1,6,Sticky Customer
15675963,2,3,1,6,Sticky Customer
15674671,2,3,1,6,Sticky Customer
15621466,0,1,0,1,At-Risk Customer
15607176,2,1,1,4,Sticky Customer
15570299,0,1,1,2,Moderate Relationship
15613197,0,3,1,4,Sticky Customer
15798885,2,3,1,6,Sticky Customer
15714883,2,1,0,3,Moderate Relationship
15604497,0,1,1,2,Moderate Relationship
15773949,2,3,1,6,Sticky Customer
15774164,0,3,1,4,Sticky Customer
15774127,0,3,1,4,Sticky Customer
15619016,2,3,1,6,Sticky Customer
15795759,0,1,1,2,Moderate Relationship
15798844,0,1,0,1,At-Risk Customer
15717962,2,1,1,4,Sticky Customer
15691504,0,1,0,1,At-Risk Customer
15693893,2,1,0,3,Moderate Relationship
15672499,2,3,1,6,Sticky Customer
15750410,2,1,1,4,Sticky Customer
15568904,2,1,1,4,Sticky Customer
15649033,0,3,1,4,Sticky Customer
15780989,2,1,1,4,Sticky Customer
15771059,0,1,0,1,At-Risk Customer
15687852,0,1,0,1,At-Risk Customer
15695280,0,1,0,1,At-Risk Customer
15592751,0,1,1,2,Moderate Relationship
15598338,0,3,0,3,Moderate Relationship
15735784,0,1,1,2,Moderate Relationship
15629128,2,3,1,6,Sticky Customer
15642870,2,1,0,3,Moderate Relationship
15637977,0,1,0,1,At-Risk Customer
15600792,2,3,0,5,Sticky Customer
15576131,0,3,1,4,Sticky Customer
15686588,2,1,0,3,Moderate Relationship
15761018,0,3,1,4,Sticky Customer
15616029,0,3,1,4,Sticky Customer
15761149,2,1,0,3,Moderate Relationship
15802758,0,3,1,4,Sticky Customer
15647838,0,1,1,2,Moderate Relationship
15735968,2,3,0,5,Sticky Customer
15581286,2,1,1,4,Sticky Customer
15625445,2,3,0,5,Sticky Customer
15600173,2,3,1,6,Sticky Customer
15635143,2,3,0,5,Sticky Customer
15664849,2,1,0,3,Moderate Relationship
15762455,2,1,0,3,Moderate Relationship
15797165,0,1,0,1,At-Risk Customer
15788189,0,1,1,2,Moderate Relationship
15780492,0,3,1,4,Sticky Customer
15678497,0,1,1,2,Moderate Relationship
15588560,2,1,1,4,Sticky Customer
15606003,2,3,1,6,Sticky Customer
15611756,2,3,1,6,Sticky Customer
15789563,2,1,1,4,Sticky Customer
15702416,0,1,0,1,At-Risk Customer
15766288,0,1,1,2,Moderate Relationship
15667633,2,3,1,6,Sticky Customer
15622774,2,1,1,4,Sticky Customer
15755416,2,1,1,4,Sticky Customer
15769915,2,1,1,4,Sticky Customer
15643908,2,1,1,4,Sticky Customer
15627395,2,1,1,4,Sticky Customer
15679663,0,3,1,4,Sticky Customer
15651581,0,1,1,2,Moderate Relationship
15596379,2,1,0,3,Moderate Relationship
15746674,0,1,1,2,Moderate Relationship
15801256,2,3,0,5,Sticky Customer
15663808,2,3,1,6,Sticky Customer
15598521,0,3,0,3,Moderate Relationship
15621457,0,3,0,3,Moderate Relationship
15764726,2,1,0,3,Moderate Relationship
15646374,2,3,1,6,Sticky Customer
15716501,2,1,0,3,Moderate Relationship
15589948,2,3,1,6,Sticky Customer
15811343,2,0,1,3,Moderate Relationship
15659677,2,1,1,4,Sticky Customer
15594436,2,3,1,6,Sticky Customer
15748995,2,3,0,5,Sticky Customer
15677062,2,1,1,4,Sticky Customer
15697201,2,1,1,4,Sticky Customer
15666453,2,3,1,6,Sticky Customer
15693771,0,1,1,2,Moderate Relationship
15569867,0,3,1,4,Sticky Customer
15711602,2,1,1,4,Sticky Customer
15717736,2,3,1,6,Sticky Customer
15750441,2,3,0,5,Sticky Customer
15732791,2,1,1,4,Sticky Customer
15775104,0,1,1,2,Moderate Relationship
15757607,0,1,1,2,Moderate Relationship
15793070,0,3,1,4,Sticky Customer
15760456,0,3,1,4,Sticky Customer
15665385,0,1,1,2,Moderate Relationship
15612418,0,3,0,3,Moderate Relationship
15727138,2,3,1,6,Sticky Customer
15732061,0,1,0,1,At-Risk Customer
15776051,2,3,1,6,Sticky Customer
15616530,0,1,0,1,At-Risk Customer
15632344,0,3,1,4,Sticky Customer
15744979,2,1,0,3,Moderate Relationship
15745433,0,3,0,3,Moderate Relationship
15683657,0,1,1,2,Moderate Relationship
15718572,2,3,1,6,Sticky Customer
15665783,2,3,1,6,Sticky Customer
15652782,2,3,0,5,Sticky Customer
15707025,2,3,1,6,Sticky Customer
15647807,0,1,1,2,Moderate Relationship
15718281,2,3,1,6,Sticky Customer
15660571,2,1,1,4,Sticky Customer
15727857,0,3,1,4,Sticky Customer
15639252,2,3,1,6,Sticky Customer
15628144,2,1,0,3,Moderate Relationship
15683560,0,3,1,4,Sticky Customer
15653275,0,3,1,4,Sticky Customer
15622182,0,3,1,4,Sticky Customer
15613962,2,3,0,5,Sticky Customer
15618437,2,3,0,5,Sticky Customer
15783338,2,1,1,4,Sticky Customer
15764491,2,3,1,6,Sticky Customer
15712960,2,1,0,3,Moderate Relationship
15688157,2,3,1,6,Sticky Customer
15579287,2,3,0,5,Sticky Customer
15570931,0,1,0,1,At-Risk Customer
15615177,2,1,1,4,Sticky Customer
15809906,2,3,1,6,Sticky Customer
15652169,2,1,0,3,Moderate Relationship
15649450,0,3,1,4,Sticky Customer
15777179,2,3,0,5,Sticky Customer
15803538,0,0,1,1,At-Risk Customer
15610936,0,3,1,4,Sticky Customer
15590094,0,3,0,3,Moderate Relationship
15572706,0,1,1,2,Moderate Relationship
15634564,2,1,1,4,Sticky Customer
15684296,2,1,0,3,Moderate Relationship
15702293,2,3,1,6,Sticky Customer
15642099,0,3,1,4,Sticky Customer
15773273,2,1,1,4,Sticky Customer
15613337,2,3,1,6,Sticky Customer
15800482,2,3,1,6,Sticky Customer
15732644,0,3,1,4,Sticky Customer
15713426,0,1,1,2,Moderate Relationship
15640789,0,1,1,2,Moderate Relationship
15598892,0,3,0,3,Moderate Relationship
15606436,0,3,0,3,Moderate Relationship
15751227,0,1,0,1,At-Risk Customer
15812365,0,1,1,2,Moderate Relationship
15616088,2,1,0,3,Moderate Relationship
15803886,2,1,1,4,Sticky Customer
15587311,2,3,0,5,Sticky Customer
15617401,0,3,1,4,Sticky Customer
15775886,0,1,1,2,Moderate Relationship
15807305,0,1,0,1,At-Risk Customer
15761717,0,3,1,4,Sticky Customer
15628008,0,1,0,1,At-Risk Customer
15583755,2,1,1,4,Sticky Customer
15661409,2,1,1,4,Sticky Customer
15774250,0,1,1,2,Moderate Relationship
15681476,2,1,0,3,Moderate Relationship
15654870,2,3,1,6,Sticky Customer
15790448,0,1,1,2,Moderate Relationship
15785326,0,3,1,4,Sticky Customer
15592854,2,1,0,3,Moderate Relationship
15617486,0,1,0,1,At-Risk Customer
15806796,2,1,1,4,Sticky Customer
15644699,0,3,1,4,Sticky Customer
15622305,2,3,1,6,Sticky Customer
15608209,0,3,1,4,Sticky Customer
15626898,0,1,0,1,At-Risk Customer
15644297,2,1,1,4,Sticky Customer
15731569,2,3,1,6,Sticky Customer
15582149,2,3,1,6,Sticky Customer
15802483,2,3,1,6,Sticky Customer
15686999,0,3,1,4,Sticky Customer
15772479,0,3,0,3,Moderate Relationship
15778884,2,3,1,6,Sticky Customer
15623630,2,1,0,3,Moderate Relationship
15774316,2,3,1,6,Sticky Customer
15695097,0,3,0,3,Moderate Relationship
15645404,0,3,1,4,Sticky Customer
15750574,2,3,1,6,Sticky Customer
15636812,0,1,0,1,At-Risk Customer
15712068,2,1,0,3,Moderate Relationship
15652030,0,1,1,2,Moderate Relationship
15577398,2,1,1,4,Sticky Customer
15756848,2,1,0,3,Moderate Relationship
15806929,2,1,1,4,Sticky Customer
15656005,0,1,1,2,Moderate Relationship
15722632,2,1,1,4,Sticky Customer
15794356,2,3,1,6,Sticky Customer
15659656,0,1,0,1,At-Risk Customer
15588341,2,1,0,3,Moderate Relationship
15709142,0,3,1,4,Sticky Customer
15627042,0,3,1,4,Sticky Customer
15627517,0,1,0,1,At-Risk Customer
15803032,0,1,0,1,At-Risk Customer
15665129,2,3,0,5,Sticky Customer
15628272,0,1,1,2,Moderate Relationship
15678206,0,1,1,2,Moderate Relationship
15678427,2,3,1,6,Sticky Customer
15678067,0,3,0,3,Moderate Relationship
15793331,0,3,1,4,Sticky Customer
15699532,2,3,0,5,Sticky Customer
15605827,0,3,0,3,Moderate Relationship
15643635,0,1,0,1,At-Risk Customer
15787710,0,3,1,4,Sticky Customer
15614137,0,3,1,4,Sticky Customer
15754494,0,1,1,2,Moderate Relationship
15713440,2,0,1,3,Moderate Relationship
15803479,2,3,0,5,Sticky Customer
15709639,2,1,1,4,Sticky Customer
15601719,0,1,1,2,Moderate Relationship
15772482,0,0,1,1,At-Risk Customer
15591489,0,1,0,1,At-Risk Customer
15629002,2,3,1,6,Sticky Customer
15798053,0,3,1,4,Sticky Customer
15753895,0,3,0,3,Moderate Relationship
15595426,2,3,1,6,Sticky Customer
15645815,2,3,1,6,Sticky Customer
15632848,0,1,1,2,Moderate Relationship
15703068,2,3,1,6,Sticky Customer
15791513,2,1,1,4,Sticky Customer
15587210,0,1,1,2,Moderate Relationship
15793803,0,1,0,1,At-Risk Customer
15787756,0,3,1,4,Sticky Customer
15723437,2,3,1,6,Sticky Customer
15702715,2,3,1,6,Sticky Customer
15809872,0,1,1,2,Moderate Relationship
15644295,2,1,1,4,Sticky Customer
15778694,2,3,1,6,Sticky Customer
15759555,0,3,1,4,Sticky Customer
15631406,0,1,1,2,Moderate Relationship
15616676,0,1,1,2,Moderate Relationship
15771154,2,3,1,6,Sticky Customer
15669491,2,1,1,4,Sticky Customer
15697691,2,1,1,4,Sticky Customer
15665180,0,1,1,2,Moderate Relationship
15752588,2,3,1,6,Sticky Customer
15743051,2,1,1,4,Sticky Customer
15571873,2,1,1,4,Sticky Customer
15679743,2,1,0,3,Moderate Relationship
15769412,0,3,0,3,Moderate Relationship
15775124,2,3,1,6,Sticky Customer
15732113,2,1,0,3,Moderate Relationship
15578141,2,1,1,4,Sticky Customer
15595874,0,3,1,4,Sticky Customer
15755642,2,3,1,6,Sticky Customer
15576526,2,3,0,5,Sticky Customer
15792489,0,3,1,4,Sticky Customer
15733705,2,3,0,5,Sticky Customer
15807221,0,3,0,3,Moderate Relationship
15573045,2,3,1,6,Sticky Customer
15756824,0,3,1,4,Sticky Customer
15773520,2,3,1,6,Sticky Customer
15627439,2,3,0,5,Sticky Customer
15701439,0,0,1,1,At-Risk Customer
15785352,0,1,0,1,At-Risk Customer
15616525,0,1,0,1,At-Risk Customer
15717489,0,1,1,2,Moderate Relationship
15795737,2,3,1,6,Sticky Customer
15693877,0,3,0,3,Moderate Relationship
15576111,0,1,1,2,Moderate Relationship
15595713,2,1,1,4,Sticky Customer
15808868,0,0,0,0,At-Risk Customer
15708193,0,3,0,3,Moderate Relationship
15697801,2,3,1,6,Sticky Customer
15770121,0,1,1,2,Moderate Relationship
15800524,0,1,1,2,Moderate Relationship
15686236,0,1,1,2,Moderate Relationship
15659807,2,1,1,4,Sticky Customer
15736078,0,1,1,2,Moderate Relationship
15620836,0,3,1,4,Sticky Customer
15698184,0,3,0,3,Moderate Relationship
15717643,2,3,1,6,Sticky Customer
15776596,0,1,1,2,Moderate Relationship
15814757,2,3,0,5,Sticky Customer
15812607,2,1,1,4,Sticky Customer
15663888,0,3,1,4,Sticky Customer
15748882,0,3,1,4,Sticky Customer
15690829,0,1,1,2,Moderate Relationship
15695819,0,3,1,4,Sticky Customer
15696834,0,3,0,3,Moderate Relationship
15797710,2,1,0,3,Moderate Relationship
15700654,0,3,1,4,Sticky Customer
15583764,0,1,0,1,At-Risk Customer
15688849,2,0,1,3,Moderate Relationship
15661473,0,1,1,2,Moderate Relationship
15601030,2,1,1,4,Sticky Customer
15789557,2,1,1,4,Sticky Customer
15745250,0,1,0,1,At-Risk Customer
15590349,0,1,0,1,At-Risk Customer
15741693,2,1,1,4,Sticky Customer
15618446,2,3,1,6,Sticky Customer
15766552,0,3,0,3,Moderate Relationship
15668775,0,1,1,2,Moderate Relationship
15757895,2,1,0,3,Moderate Relationship
15774551,2,1,1,4,Sticky Customer
15684011,2,1,0,3,Moderate Relationship
15736146,2,1,1,4,Sticky Customer
15656286,0,3,0,3,Moderate Relationship
15774847,0,1,0,1,At-Risk Customer
15619340,0,3,1,4,Sticky Customer
15815656,2,1,1,4,Sticky Customer
15623357,2,1,0,3,Moderate Relationship
15601324,2,3,1,6,Sticky Customer
15715510,2,3,1,6,Sticky Customer
15663770,2,1,1,4,Sticky Customer
15779267,0,3,1,4,Sticky Customer
15597957,2,3,0,5,Sticky Customer
15584620,0,1,1,2,Moderate Relationship
15750772,2,1,0,3,Moderate Relationship
15706557,0,3,1,4,Sticky Customer
15594391,0,1,0,1,At-Risk Customer
15661656,2,3,1,6,Sticky Customer
15631217,2,1,0,3,Moderate Relationship
15588955,0,0,1,1,At-Risk Customer
15758252,2,3,0,5,Sticky Customer
15740223,0,0,1,1,At-Risk Customer
15805413,0,3,1,4,Sticky Customer
15635116,0,1,1,2,Moderate Relationship
15764892,2,3,1,6,Sticky Customer
15795936,0,3,1,4,Sticky Customer
15655232,2,3,1,6,Sticky Customer
15640133,0,3,1,4,Sticky Customer
15751524,0,1,1,2,Moderate Relationship
15670552,0,1,1,2,Moderate Relationship
15623966,2,3,0,5,Sticky Customer
15752193,2,1,1,4,Sticky Customer
15607269,2,3,1,6,Sticky Customer
15700752,2,3,1,6,Sticky Customer
15777901,0,1,1,2,Moderate Relationship
15639117,0,1,1,2,Moderate Relationship
15720203,0,1,1,2,Moderate Relationship
15586236,2,0,1,3,Moderate Relationship
15676645,2,3,1,6,Sticky Customer
15715988,2,3,1,6,Sticky Customer
15603749,2,1,1,4,Sticky Customer
15608956,0,1,0,1,At-Risk Customer
15733872,0,3,0,3,Moderate Relationship
15666982,0,1,1,2,Moderate Relationship
15602647,2,1,1,4,Sticky Customer
15623063,0,1,1,2,Moderate Relationship
15682928,2,1,1,4,Sticky Customer
15729246,2,3,1,6,Sticky Customer
15588928,2,3,1,6,Sticky Customer
15803352,2,3,1,6,Sticky Customer
15607485,0,3,0,3,Moderate Relationship
15656249,2,3,1,6,Sticky Customer
15761783,2,1,1,4,Sticky Customer
15716605,0,3,1,4,Sticky Customer
15757425,2,3,1,6,Sticky Customer
15603096,0,1,0,1,At-Risk Customer
15588580,2,1,1,4,Sticky Customer
15770539,2,1,1,4,Sticky Customer
15572022,2,1,0,3,Moderate Relationship
15571843,0,1,1,2,Moderate Relationship
15752502,2,1,0,3,Moderate Relationship
15609058,2,1,0,3,Moderate Relationship
15775108,2,3,0,5,Sticky Customer
15708904,0,1,0,1,At-Risk Customer
15600086,2,1,1,4,Sticky Customer
15814675,0,1,1,2,Moderate Relationship
15572777,2,1,1,4,Sticky Customer
15585106,0,3,1,4,Sticky Customer
15738936,2,3,0,5,Sticky Customer
15750970,2,1,1,4,Sticky Customer
15725772,2,3,1,6,Sticky Customer
15692106,0,0,1,1,At-Risk Customer
15791533,0,1,1,2,Moderate Relationship
15715715,2,3,1,6,Sticky Customer
15785576,0,1,1,2,Moderate Relationship
15798834,0,1,0,1,At-Risk Customer
15744127,0,3,1,4,Sticky Customer
15637427,2,3,1,6,Sticky Customer
15576990,0,1,1,2,Moderate Relationship
15615352,2,3,0,5,Sticky Customer
15647333,0,1,1,2,Moderate Relationship
15572050,2,1,1,4,Sticky Customer
15581370,0,3,1,4,Sticky Customer
15813503,0,3,1,4,Sticky Customer
15769783,2,1,1,4,Sticky Customer
15793135,2,1,1,4,Sticky Customer
15599182,2,3,1,6,Sticky Customer
15689517,0,1,1,2,Moderate Relationship
15641366,2,1,0,3,Moderate Relationship
15588859,0,3,1,4,Sticky Customer
15732293,2,3,1,6,Sticky Customer
15568032,0,0,1,1,At-Risk Customer
15623525,2,1,1,4,Sticky Customer
15606601,0,3,1,4,Sticky Customer
15800811,2,1,0,3,Moderate Relationship
15610711,0,1,0,1,At-Risk Customer
15809654,2,3,1,6,Sticky Customer
15576077,2,1,0,3,Moderate Relationship
15643378,2,1,1,4,Sticky Customer
15566790,2,3,0,5,Sticky Customer
15774402,2,1,0,3,Moderate Relationship
15694641,2,3,1,6,Sticky Customer
15605916,0,1,1,2,Moderate Relationship
15812356,2,3,0,5,Sticky Customer
15644179,0,3,1,4,Sticky Customer
15771674,0,3,1,4,Sticky Customer
15623314,0,1,1,2,Moderate Relationship
15613292,0,3,1,4,Sticky Customer
15813871,0,3,1,4,Sticky Customer
15759480,2,1,1,4,Sticky Customer
15587712,0,1,1,2,Moderate Relationship
15671165,2,1,1,4,Sticky Customer
15620746,0,1,1,2,Moderate Relationship
15706537,2,1,0,3,Moderate Relationship
15589312,0,1,0,1,At-Risk Customer
15741180,2,1,1,4,Sticky Customer
15733888,0,1,1,2,Moderate Relationship
15798532,2,3,0,5,Sticky Customer
15577359,0,1,1,2,Moderate Relationship
15614936,2,1,0,3,Moderate Relationship
15747647,0,3,1,4,Sticky Customer
15588566,2,3,1,6,Sticky Customer
15570141,0,1,1,2,Moderate Relationship
15800793,0,1,1,2,Moderate Relationship
15572415,2,3,1,6,Sticky Customer
15635125,2,3,1,6,Sticky Customer
15636551,0,3,1,4,Sticky Customer
15600912,2,3,1,6,Sticky Customer
15768476,2,3,1,6,Sticky Customer
15650266,2,3,1,6,Sticky Customer
15621004,0,1,1,2,Moderate Relationship
15748352,2,1,0,3,Moderate Relationship
15788920,0,3,1,4,Sticky Customer
15743236,0,1,1,2,Moderate Relationship
15637717,2,3,1,6,Sticky Customer
15635500,2,1,0,3,Moderate Relationship
15634792,2,3,0,5,Sticky Customer
15607560,2,3,1,6,Sticky Customer
15727177,0,1,1,2,Moderate Relationship
15774358,0,1,1,2,Moderate Relationship
15791304,2,1,1,4,Sticky Customer
15603328,2,1,1,4,Sticky Customer
15804937,0,3,0,3,Moderate Relationship
15804142,0,3,1,4,Sticky Customer
15608845,0,1,1,2,Moderate Relationship
15702434,0,3,1,4,Sticky Customer
15632609,0,1,1,2,Moderate Relationship
15603550,0,3,1,4,Sticky Customer
15755239,2,3,1,6,Sticky Customer
15670528,0,1,1,2,Moderate Relationship
15732704,0,3,1,4,Sticky Customer
15589019,2,1,1,4,Sticky Customer
15677796,0,1,1,2,Moderate Relationship
15760177,2,1,1,4,Sticky Customer
15636595,2,3,0,5,Sticky Customer
15737275,2,1,1,4,Sticky Customer
15672905,2,3,1,6,Sticky Customer
15753955,0,3,0,3,Moderate Relationship
15708504,2,1,1,4,Sticky Customer
15592451,0,3,1,4,Sticky Customer
15790455,2,1,0,3,Moderate Relationship
15572174,2,3,0,5,Sticky Customer
15656330,2,1,1,4,Sticky Customer
15569626,2,1,1,4,Sticky Customer
15608726,2,3,1,6,Sticky Customer
15637366,2,3,1,6,Sticky Customer
15778049,0,1,0,1,At-Risk Customer
15727421,2,3,1,6,Sticky Customer
15688865,0,3,0,3,Moderate Relationship
15751032,0,3,0,3,Moderate Relationship
15734737,2,3,1,6,Sticky Customer
15746515,2,0,1,3,Moderate Relationship
15664311,2,1,1,4,Sticky Customer
15708139,0,1,1,2,Moderate Relationship
15768574,2,1,1,4,Sticky Customer
15738018,0,3,0,3,Moderate Relationship
15699753,0,1,1,2,Moderate Relationship
15703199,0,1,0,1,At-Risk Customer
15627830,2,1,0,3,Moderate Relationship
15570855,2,3,1,6,Sticky Customer
15772503,0,3,1,4,Sticky Customer
15584453,2,3,0,5,Sticky Customer
15710111,0,3,0,3,Moderate Relationship
15618562,0,1,1,2,Moderate Relationship
15706764,0,3,1,4,Sticky Customer
15798737,0,3,1,4,Sticky Customer
15712608,2,3,0,5,Sticky Customer
15636736,2,3,0,5,Sticky Customer
15703544,0,1,1,2,Moderate Relationship
15815645,2,3,1,6,Sticky Customer
15705739,0,1,1,2,Moderate Relationship
15709643,0,0,1,1,At-Risk Customer
15669805,0,1,1,2,Moderate Relationship
15737489,0,1,0,1,At-Risk Customer
15775131,2,3,0,5,Sticky Customer
15765283,0,3,1,4,Sticky Customer
15628715,2,3,1,6,Sticky Customer
15813283,0,1,0,1,At-Risk Customer
15745716,2,3,0,5,Sticky Customer
15598485,2,1,1,4,Sticky Customer
15696552,0,3,1,4,Sticky Customer
15754569,2,3,1,6,Sticky Customer
15701741,0,1,1,2,Moderate Relationship
15572631,2,1,0,3,Moderate Relationship
15636069,0,1,1,2,Moderate Relationship
15682467,2,1,1,4,Sticky Customer
15790744,0,3,1,4,Sticky Customer
15625023,2,1,0,3,Moderate Relationship
15731267,0,1,1,2,Moderate Relationship
15742879,2,1,1,4,Sticky Customer
15757015,0,1,1,2,Moderate Relationship
15770711,2,1,0,3,Moderate Relationship
15569430,0,3,1,4,Sticky Customer
15617304,2,3,1,6,Sticky Customer
15704466,0,3,1,4,Sticky Customer
15664681,0,3,0,3,Moderate Relationship
15605534,0,1,0,1,At-Risk Customer
15792473,2,0,0,2,Moderate Relationship
15802625,2,1,1,4,Sticky Customer
15766017,2,1,1,4,Sticky Customer
15762172,0,3,1,4,Sticky Customer
15728333,2,1,1,4,Sticky Customer
15792868,0,3,1,4,Sticky Customer
15605698,2,0,1,3,Moderate Relationship
15777060,0,1,1,2,Moderate Relationship
15626243,2,1,1,4,Sticky Customer
15719898,2,3,1,6,Sticky Customer
15599976,0,3,1,4,Sticky Customer
15752809,0,1,1,2,Moderate Relationship
15589698,2,1,1,4,Sticky Customer
15609977,0,1,1,2,Moderate Relationship
15750121,0,1,1,2,Moderate Relationship
15734177,2,3,1,6,Sticky Customer
15781347,2,3,1,6,Sticky Customer
15592025,2,3,1,6,Sticky Customer
15670163,0,3,0,3,Moderate Relationship
15765402,0,1,0,1,At-Risk Customer
15624343,0,1,0,1,At-Risk Customer
15602354,0,1,1,2,Moderate Relationship
15579183,2,3,1,6,Sticky Customer
15584899,2,3,0,5,Sticky Customer
15723658,0,3,1,4,Sticky Customer
15803965,2,1,1,4,Sticky Customer
15682489,0,3,1,4,Sticky Customer
15813645,2,1,1,4,Sticky Customer
15766787,2,3,1,6,Sticky Customer
15687171,0,1,1,2,Moderate Relationship
15690744,0,3,1,4,Sticky Customer
15707974,0,1,1,2,Moderate Relationship
15673084,2,1,0,3,Moderate Relationship
15814772,2,1,0,3,Moderate Relationship
15743709,2,1,1,4,Sticky Customer
15610343,2,3,1,6,Sticky Customer
15737414,0,1,1,2,Moderate Relationship
15788480,0,1,0,1,At-Risk Customer
15568519,0,3,1,4,Sticky Customer
15792453,2,1,1,4,Sticky Customer
15658100,2,3,0,5,Sticky Customer
15695197,0,3,1,4,Sticky Customer
15749807,0,3,1,4,Sticky Customer
15773876,0,3,1,4,Sticky Customer
15591698,0,1,1,2,Moderate Relationship
15712813,2,0,0,2,Moderate Relationship
15763898,2,3,1,6,Sticky Customer
15793324,2,0,0,2,Moderate Relationship
15757759,0,0,1,1,At-Risk Customer
15796230,2,0,1,3,Moderate Relationship
15611729,2,1,1,4,Sticky Customer
15709531,0,1,1,2,Moderate Relationship
15650751,2,3,1,6,Sticky Customer
15641413,0,3,1,4,Sticky Customer
15753840,2,1,1,4,Sticky Customer
15669994,0,3,1,4,Sticky Customer
15695301,2,1,1,4,Sticky Customer
15792004,0,3,1,4,Sticky Customer
15603035,2,3,1,6,Sticky Customer
15717286,0,1,1,2,Moderate Relationship
15577107,2,0,0,2,Moderate Relationship
15754747,2,3,0,5,Sticky Customer
15705676,0,3,0,3,Moderate Relationship
15751912,2,3,0,5,Sticky Customer
15677336,0,1,1,2,Moderate Relationship
15684395,2,1,1,4,Sticky Customer
15659949,0,3,1,4,Sticky Customer
15812422,2,3,0,5,Sticky Customer
15806941,2,3,1,6,Sticky Customer
15637690,0,1,1,2,Moderate Relationship
15632882,2,3,1,6,Sticky Customer
15807107,0,1,1,2,Moderate Relationship
15661034,0,1,0,1,At-Risk Customer
15811958,0,3,0,3,Moderate Relationship
15785167,0,3,0,3,Moderate Relationship
15646720,0,0,1,1,At-Risk Customer
15658614,2,3,1,6,Sticky Customer
15704657,0,1,1,2,Moderate Relationship
15567147,2,3,1,6,Sticky Customer
15701319,2,3,1,6,Sticky Customer
15745266,2,1,0,3,Moderate Relationship
15650437,2,3,1,6,Sticky Customer
15764314,0,3,1,4,Sticky Customer
15612594,2,3,1,6,Sticky Customer
15593501,0,3,1,4,Sticky Customer
15804150,2,3,1,6,Sticky Customer
15649297,2,3,0,5,Sticky Customer
15641110,0,1,1,2,Moderate Relationship
15660608,0,1,1,2,Moderate Relationship
15806570,0,1,1,2,Moderate Relationship
15715345,0,3,1,4,Sticky Customer
15755521,2,3,0,5,Sticky Customer
15579074,2,1,1,4,Sticky Customer
15641158,0,1,1,2,Moderate Relationship
15752507,0,1,1,2,Moderate Relationship
15597983,2,1,1,4,Sticky Customer
15586069,0,1,1,2,Moderate Relationship
15655082,0,0,1,1,At-Risk Customer
15720155,2,1,0,3,Moderate Relationship
15582116,0,3,1,4,Sticky Customer
15749365,2,3,0,5,Sticky Customer
15632069,0,3,1,4,Sticky Customer
15663134,2,3,1,6,Sticky Customer
15766683,0,1,0,1,At-Risk Customer
15707219,2,3,0,5,Sticky Customer
15709232,2,3,1,6,Sticky Customer
15801351,0,3,1,4,Sticky Customer
15578747,2,1,0,3,Moderate Relationship
15675626,0,1,0,1,At-Risk Customer
15583736,0,3,1,4,Sticky Customer
15590011,2,1,1,4,Sticky Customer
15609913,0,1,1,2,Moderate Relationship
15719479,2,3,1,6,Sticky Customer
15575147,0,1,1,2,Moderate Relationship
15597309,0,3,0,3,Moderate Relationship
15648367,2,3,1,6,Sticky Customer
15758031,2,1,0,3,Moderate Relationship
15751771,2,1,0,3,Moderate Relationship
15689288,0,3,1,4,Sticky Customer
15731026,0,3,1,4,Sticky Customer
15775809,2,1,0,3,Moderate Relationship
15743076,2,1,1,4,Sticky Customer
15658258,0,1,1,2,Moderate Relationship
15756321,0,1,0,1,At-Risk Customer
15706799,0,1,0,1,At-Risk Customer
15775703,2,1,1,4,Sticky Customer
15642636,2,1,1,4,Sticky Customer
15704651,0,3,0,3,Moderate Relationship
15806771,0,3,1,4,Sticky Customer
15566735,2,3,1,6,Sticky Customer
15681671,2,3,1,6,Sticky Customer
15775949,2,1,1,4,Sticky Customer
15586752,2,1,1,4,Sticky Customer
15582519,2,1,0,3,Moderate Relationship
15658233,2,1,0,3,Moderate Relationship
15755330,2,1,0,3,Moderate Relationship
15605072,2,1,1,4,Sticky Customer
15617538,0,3,0,3,Moderate Relationship
15591428,0,3,0,3,Moderate Relationship
15692142,2,1,1,4,Sticky Customer
15692931,2,1,1,4,Sticky Customer
15781127,2,1,1,4,Sticky Customer
15677136,0,3,0,3,Moderate Relationship
15677828,0,3,0,3,Moderate Relationship
15567897,2,1,1,4,Sticky Customer
15793641,2,3,1,6,Sticky Customer
15678333,0,3,1,4,Sticky Customer
15630511,0,3,1,4,Sticky Customer
15792627,2,1,1,4,Sticky Customer
15717191,2,3,1,6,Sticky Customer
15625716,2,1,0,3,Moderate Relationship
15710053,2,3,0,5,Sticky Customer
15580043,2,1,1,4,Sticky Customer
15601410,2,0,1,3,Moderate Relationship
15684669,0,1,1,2,Moderate Relationship
15619083,2,3,1,6,Sticky Customer
15692207,2,3,1,6,Sticky Customer
15730705,0,1,1,2,Moderate Relationship
15749688,0,3,0,3,Moderate Relationship
15728542,2,3,1,6,Sticky Customer
15760063,2,3,1,6,Sticky Customer
15658982,2,0,0,2,Moderate Relationship
15758769,0,1,1,2,Moderate Relationship
15778481,2,1,1,4,Sticky Customer
15661162,0,1,1,2,Moderate Relationship
15568164,2,3,1,6,Sticky Customer
15601569,0,1,1,2,Moderate Relationship
15772383,0,1,0,1,At-Risk Customer
15667456,2,3,1,6,Sticky Customer
15672983,0,3,1,4,Sticky Customer
15799534,2,3,1,6,Sticky Customer
15582847,2,3,0,5,Sticky Customer
15612478,0,0,1,1,At-Risk Customer
15709621,2,3,0,5,Sticky Customer
15802009,2,3,1,6,Sticky Customer
15698816,2,1,1,4,Sticky Customer
15574830,0,3,1,4,Sticky Customer
15603082,0,3,0,3,Moderate Relationship
15685947,2,3,0,5,Sticky Customer
15643048,2,3,0,5,Sticky Customer
15807568,0,3,0,3,Moderate Relationship
15597591,2,1,1,4,Sticky Customer
15747558,0,3,1,4,Sticky Customer
15756655,0,3,0,3,Moderate Relationship
15589949,0,1,1,2,Moderate Relationship
15601012,0,1,1,2,Moderate Relationship
15724269,2,3,1,6,Sticky Customer
15567506,2,3,1,6,Sticky Customer
15791877,2,3,1,6,Sticky Customer
15794360,0,3,1,4,Sticky Customer
15686538,2,3,0,5,Sticky Customer
15585985,0,1,1,2,Moderate Relationship
15699257,0,3,1,4,Sticky Customer
15804104,2,3,0,5,Sticky Customer
15727619,0,0,1,1,At-Risk Customer
15740237,0,1,0,1,At-Risk Customer
15801436,0,1,0,1,At-Risk Customer
15705735,2,3,1,6,Sticky Customer
15649359,2,3,0,5,Sticky Customer
15624892,0,3,1,4,Sticky Customer
15784918,2,3,0,5,Sticky Customer
15584785,0,1,1,2,Moderate Relationship
15797197,0,3,1,4,Sticky Customer
15574858,2,3,1,6,Sticky Customer
15794101,2,3,0,5,Sticky Customer
15743245,0,1,1,2,Moderate Relationship
15791535,0,1,0,1,At-Risk Customer
15605215,2,3,0,5,Sticky Customer
15771749,2,3,1,6,Sticky Customer
15616833,2,3,1,6,Sticky Customer
15750728,0,1,1,2,Moderate Relationship
15769353,0,1,0,1,At-Risk Customer
15770091,0,3,1,4,Sticky Customer
15716420,2,1,1,4,Sticky Customer
15740602,2,1,0,3,Moderate Relationship
15796071,0,1,1,2,Moderate Relationship
15811389,2,3,0,5,Sticky Customer
15783875,0,3,1,4,Sticky Customer
15671800,2,3,1,6,Sticky Customer
15677288,0,1,0,1,At-Risk Customer
15633525,2,3,0,5,Sticky Customer
15634606,2,3,1,6,Sticky Customer
15579207,0,1,1,2,Moderate Relationship
15619892,0,3,1,4,Sticky Customer
15567778,2,1,1,4,Sticky Customer
15711750,2,3,1,6,Sticky Customer
15751084,2,1,1,4,Sticky Customer
15768945,2,1,1,4,Sticky Customer
15586931,2,1,1,4,Sticky Customer
15636353,0,3,0,3,Moderate Relationship
15623858,0,1,0,1,At-Risk Customer
15703354,0,1,1,2,Moderate Relationship
15663987,0,0,1,1,At-Risk Customer
15780805,0,3,1,4,Sticky Customer
15768566,2,3,1,6,Sticky Customer
15643229,2,3,1,6,Sticky Customer
15754940,2,1,0,3,Moderate Relationship
15676576,0,1,1,2,Moderate Relationship
15800068,2,3,1,6,Sticky Customer
15648030,0,3,1,4,Sticky Customer
15668594,2,1,1,4,Sticky Customer
15728709,0,3,0,3,Moderate Relationship
15724181,2,3,1,6,Sticky Customer
15647546,2,3,0,5,Sticky Customer
15702601,2,3,0,5,Sticky Customer
15567725,2,3,1,6,Sticky Customer
15674179,0,1,0,1,At-Risk Customer
15686957,0,3,1,4,Sticky Customer
15607690,0,3,0,3,Moderate Relationship
15806546,0,1,1,2,Moderate Relationship
15632850,2,3,1,6,Sticky Customer
15709016,0,1,0,1,At-Risk Customer
15638068,0,3,1,4,Sticky Customer
15749345,2,1,1,4,Sticky Customer
15791321,0,1,1,2,Moderate Relationship
15699095,2,1,1,4,Sticky Customer
15638329,2,1,1,4,Sticky Customer
15575445,0,1,0,1,At-Risk Customer
15752622,2,1,0,3,Moderate Relationship
15774507,0,1,1,2,Moderate Relationship
15570857,2,3,1,6,Sticky Customer
15599386,2,1,1,4,Sticky Customer
15744913,2,1,1,4,Sticky Customer
15647292,0,1,0,1,At-Risk Customer
15728838,0,1,1,2,Moderate Relationship
15584704,0,1,1,2,Moderate Relationship
15749068,0,1,1,2,Moderate Relationship
15622985,0,1,0,1,At-Risk Customer
15587676,2,1,1,4,Sticky Customer
15779496,2,3,0,5,Sticky Customer
15733460,2,3,1,6,Sticky Customer
15711457,2,1,0,3,Moderate Relationship
15795290,0,1,1,2,Moderate Relationship
15611223,0,3,1,4,Sticky Customer
15794159,2,1,1,4,Sticky Customer
15780677,2,3,1,6,Sticky Customer
15690175,0,3,0,3,Moderate Relationship
15722599,0,3,0,3,Moderate Relationship
15569976,2,1,1,4,Sticky Customer
15707011,0,1,1,2,Moderate Relationship
15702277,2,1,0,3,Moderate Relationship
15801915,0,1,1,2,Moderate Relationship
15580213,0,3,1,4,Sticky Customer
15637947,2,1,0,3,Moderate Relationship
15715888,2,1,0,3,Moderate Relationship
15732967,2,3,1,6,Sticky Customer
15737047,0,1,1,2,Moderate Relationship
15694039,0,3,1,4,Sticky Customer
15649457,2,3,0,5,Sticky Customer
15742809,0,1,1,2,Moderate Relationship
15637829,2,3,0,5,Sticky Customer
15633194,2,0,1,3,Moderate Relationship
15611635,2,1,0,3,Moderate Relationship
15638774,0,3,1,4,Sticky Customer
15722037,2,1,0,3,Moderate Relationship
15672930,0,3,1,4,Sticky Customer
15668774,0,1,1,2,Moderate Relationship
15780966,0,3,0,3,Moderate Relationship
15659694,2,3,1,6,Sticky Customer
15624424,2,3,1,6,Sticky Customer
15708713,2,3,1,6,Sticky Customer
15755405,0,1,1,2,Moderate Relationship
15647570,0,1,0,1,At-Risk Customer
15684348,2,3,0,5,Sticky Customer
15702541,0,1,1,2,Moderate Relationship
15646942,0,3,0,3,Moderate Relationship
15748920,2,3,1,6,Sticky Customer
15694581,2,3,1,6,Sticky Customer
15643215,0,3,0,3,Moderate Relationship
15649060,0,3,1,4,Sticky Customer
15774258,2,3,1,6,Sticky Customer
15731553,0,3,1,4,Sticky Customer
15617029,0,3,1,4,Sticky Customer
15780716,2,3,1,6,Sticky Customer
15577018,0,1,0,1,At-Risk Customer
15809515,0,1,1,2,Moderate Relationship
15789924,2,1,1,4,Sticky Customer
15725076,2,3,1,6,Sticky Customer
15672481,0,3,1,4,Sticky Customer
15574115,2,3,1,6,Sticky Customer
15661830,2,3,1,6,Sticky Customer
15665879,2,3,0,5,Sticky Customer
15673820,0,3,1,4,Sticky Customer
15747772,0,3,1,4,Sticky Customer
15666197,0,1,1,2,Moderate Relationship
15773639,0,1,1,2,Moderate Relationship
15581893,2,1,0,3,Moderate Relationship
15672447,2,1,0,3,Moderate Relationship
15777830,0,3,0,3,Moderate Relationship
15713890,2,3,0,5,Sticky Customer
15577598,0,3,1,4,Sticky Customer
15786042,0,3,1,4,Sticky Customer
15753462,2,3,0,5,Sticky Customer
15759690,2,3,1,6,Sticky Customer
15801414,0,3,0,3,Moderate Relationship
15656141,2,1,0,3,Moderate Relationship
15608701,0,1,1,2,Moderate Relationship
15582892,2,1,1,4,Sticky Customer
15632967,2,3,1,6,Sticky Customer
15587573,2,3,0,5,Sticky Customer
15654891,2,3,1,6,Sticky Customer
15611365,0,1,0,1,At-Risk Customer
15749103,2,1,0,3,Moderate Relationship
15810203,0,3,1,4,Sticky Customer
15813660,2,1,0,3,Moderate Relationship
15605673,0,3,0,3,Moderate Relationship
15669282,0,1,0,1,At-Risk Customer
15792726,2,3,1,6,Sticky Customer
15593241,2,3,1,6,Sticky Customer
15683053,0,1,1,2,Moderate Relationship
15632736,2,3,1,6,Sticky Customer
15731865,0,3,1,4,Sticky Customer
15760450,2,3,1,6,Sticky Customer
15787204,0,1,0,1,At-Risk Customer
15650454,2,3,1,6,Sticky Customer
15573730,0,3,1,4,Sticky Customer
15705050,2,3,1,6,Sticky Customer
15791342,2,1,1,4,Sticky Customer
15684316,0,3,0,3,Moderate Relationship
15700540,0,1,0,1,At-Risk Customer
15770631,2,1,1,4,Sticky Customer
15790594,2,3,0,5,Sticky Customer
15604020,2,1,0,3,Moderate Relationship
15637599,0,1,1,2,Moderate Relationship
15736578,2,1,1,4,Sticky Customer
15666332,2,3,1,6,Sticky Customer
15727291,0,3,1,4,Sticky Customer
15785920,2,3,1,6,Sticky Customer
15658987,2,3,1,6,Sticky Customer
15687719,2,3,0,5,Sticky Customer
15799641,0,3,1,4,Sticky Customer
15758702,2,3,1,6,Sticky Customer
15689526,0,3,1,4,Sticky Customer
15586848,0,3,1,4,Sticky Customer
15707637,0,1,1,2,Moderate Relationship
15719426,2,3,1,6,Sticky Customer
15639265,0,1,1,2,Moderate Relationship
15576124,0,1,1,2,Moderate Relationship
15757829,0,3,1,4,Sticky Customer
15633227,0,1,0,1,At-Risk Customer
15753092,2,1,1,4,Sticky Customer
15782939,0,1,1,2,Moderate Relationship
15746338,2,3,1,6,Sticky Customer
15590676,0,1,1,2,Moderate Relationship
15599329,2,0,0,2,Moderate Relationship
15783097,0,1,1,2,Moderate Relationship
15597885,2,3,1,6,Sticky Customer
15597467,2,3,1,6,Sticky Customer
15724764,0,3,0,3,Moderate Relationship
15778418,2,1,1,4,Sticky Customer
15684769,2,1,0,3,Moderate Relationship
15756167,2,1,1,4,Sticky Customer
15632439,2,3,0,5,Sticky Customer
15755138,2,3,1,6,Sticky Customer
15659092,0,3,1,4,Sticky Customer
15742116,0,3,0,3,Moderate Relationship
15801994,0,3,1,4,Sticky Customer
15647572,2,1,1,4,Sticky Customer
15644551,0,3,1,4,Sticky Customer
15709135,0,3,0,3,Moderate Relationship
15684469,0,1,1,2,Moderate Relationship
15627637,0,3,1,4,Sticky Customer
15667093,2,1,1,4,Sticky Customer
15690589,2,1,0,3,Moderate Relationship
15595350,0,3,1,4,Sticky Customer
15777586,0,3,1,4,Sticky Customer
15804064,2,1,1,4,Sticky Customer
15717770,0,1,0,1,At-Risk Customer
15754443,0,1,1,2,Moderate Relationship
15776939,0,3,1,4,Sticky Customer
15713517,0,3,1,4,Sticky Customer
15683522,2,1,1,4,Sticky Customer
15673995,0,1,1,2,Moderate Relationship
15771054,0,3,1,4,Sticky Customer
15578788,0,3,0,3,Moderate Relationship
15737408,0,1,1,2,Moderate Relationship
15750837,2,1,0,3,Moderate Relationship
15576022,2,3,0,5,Sticky Customer
15635502,0,1,1,2,Moderate Relationship
15627298,0,3,1,4,Sticky Customer
15811415,2,3,1,6,Sticky Customer
15645059,0,3,0,3,Moderate Relationship
15689671,2,1,1,4,Sticky Customer
15718667,0,1,1,2,Moderate Relationship
15803202,2,1,1,4,Sticky Customer
15593683,0,3,1,4,Sticky Customer
15703394,0,3,1,4,Sticky Customer
15570289,0,1,1,2,Moderate Relationship
15567437,2,1,1,4,Sticky Customer
15711687,2,1,0,3,Moderate Relationship
15656592,2,3,1,6,Sticky Customer
15634373,2,3,0,5,Sticky Customer
15769125,2,3,0,5,Sticky Customer
15711386,2,3,0,5,Sticky Customer
15714241,0,1,0,1,At-Risk Customer
15642530,0,1,1,2,Moderate Relationship
15713599,2,1,0,3,Moderate Relationship
15744770,0,3,0,3,Moderate Relationship
15780498,2,1,1,4,Sticky Customer
15624397,2,1,0,3,Moderate Relationship
15615219,2,1,0,3,Moderate Relationship
15570908,2,1,0,3,Moderate Relationship
15762855,2,3,1,6,Sticky Customer
15661827,2,3,1,6,Sticky Customer
15746035,2,3,0,5,Sticky Customer
15691906,0,3,1,4,Sticky Customer
15793424,0,3,1,4,Sticky Customer
15577905,2,3,0,5,Sticky Customer
15667216,2,3,1,6,Sticky Customer
15673971,0,1,1,2,Moderate Relationship
15701238,0,3,1,4,Sticky Customer
15644849,2,1,1,4,Sticky Customer
15635531,0,3,1,4,Sticky Customer
15632263,0,1,1,2,Moderate Relationship
15720110,2,1,1,4,Sticky Customer
15619045,2,3,0,5,Sticky Customer
15697510,0,1,1,2,Moderate Relationship
15784923,2,1,1,4,Sticky Customer
15567383,2,3,0,5,Sticky Customer
15732621,2,1,1,4,Sticky Customer
15757981,2,1,1,4,Sticky Customer
15727819,2,1,1,4,Sticky Customer
15738088,0,3,1,4,Sticky Customer
15765173,0,1,0,1,At-Risk Customer
15665159,2,3,1,6,Sticky Customer
15618203,2,3,1,6,Sticky Customer
15791452,0,3,1,4,Sticky Customer
15638159,0,1,0,1,At-Risk Customer
15585466,0,3,1,4,Sticky Customer
15677310,0,1,0,1,At-Risk Customer
15646262,0,1,1,2,Moderate Relationship
15656901,2,3,1,6,Sticky Customer
15621093,0,3,0,3,Moderate Relationship
15592123,2,3,1,6,Sticky Customer
15589200,0,3,1,4,Sticky Customer
15602934,0,3,1,4,Sticky Customer
15812720,2,3,0,5,Sticky Customer
15695383,0,3,1,4,Sticky Customer
15723064,0,3,1,4,Sticky Customer
15761606,0,1,1,2,Moderate Relationship
15650322,2,1,0,3,Moderate Relationship
15669782,0,1,1,2,Moderate Relationship
15751628,2,1,0,3,Moderate Relationship
15809057,2,3,1,6,Sticky Customer
15617052,0,1,1,2,Moderate Relationship
15590810,0,1,1,2,Moderate Relationship
15801293,2,3,1,6,Sticky Customer
15770968,0,3,1,4,Sticky Customer
15572356,2,1,0,3,Moderate Relationship
15603247,0,1,1,2,Moderate Relationship
15619116,2,3,0,5,Sticky Customer
15691792,0,1,0,1,At-Risk Customer
15783276,2,3,1,6,Sticky Customer
15766137,2,3,1,6,Sticky Customer
15574554,2,3,1,6,Sticky Customer
15578671,2,1,1,4,Sticky Customer
15716608,0,0,1,1,At-Risk Customer
15690670,2,3,0,5,Sticky Customer
15630466,0,1,0,1,At-Risk Customer
15630349,0,3,1,4,Sticky Customer
15803801,0,3,1,4,Sticky Customer
15647890,2,1,1,4,Sticky Customer
15606115,2,1,1,4,Sticky Customer
15714642,0,1,1,2,Moderate Relationship
15741181,2,1,1,4,Sticky Customer
15773973,2,3,0,5,Sticky Customer
15758546,2,3,1,6,Sticky Customer
15598940,2,3,1,6,Sticky Customer
15669783,2,3,0,5,Sticky Customer
15624993,2,1,1,4,Sticky Customer
15760568,2,3,0,5,Sticky Customer
15699047,2,3,1,6,Sticky Customer
15616168,2,1,1,4,Sticky Customer
15773146,2,3,0,5,Sticky Customer
15770375,0,1,1,2,Moderate Relationship
15589725,2,3,1,6,Sticky Customer
15710034,2,3,0,5,Sticky Customer
15800806,2,3,1,6,Sticky Customer
15570485,0,1,0,1,At-Risk Customer
15575391,2,3,1,6,Sticky Customer
15790750,2,1,0,3,Moderate Relationship
15714832,0,1,0,1,At-Risk Customer
15619953,0,1,1,2,Moderate Relationship
15673929,2,3,1,6,Sticky Customer
15578835,2,1,0,3,Moderate Relationship
15752388,2,3,1,6,Sticky Customer
15797081,2,3,1,6,Sticky Customer
15570194,0,3,0,3,Moderate Relationship
15580149,0,3,1,4,Sticky Customer
15777708,0,3,1,4,Sticky Customer
15769955,0,3,0,3,Moderate Relationship
15810444,0,1,1,2,Moderate Relationship
15645593,0,1,1,2,Moderate Relationship
15765345,2,3,1,6,Sticky Customer
15760873,2,1,1,4,Sticky Customer
15794178,0,1,1,2,Moderate Relationship
15589361,2,1,1,4,Sticky Customer
15662483,2,3,1,6,Sticky Customer
15809736,2,1,1,4,Sticky Customer
15731148,2,1,1,4,Sticky Customer
15774328,2,3,1,6,Sticky Customer
15646969,2,3,1,6,Sticky Customer
15718769,0,1,1,2,Moderate Relationship
15610226,0,3,0,3,Moderate Relationship
15616270,2,1,0,3,Moderate Relationship
15790717,0,3,1,4,Sticky Customer
15635703,2,1,1,4,Sticky Customer
15616365,0,3,1,4,Sticky Customer
15630244,0,3,1,4,Sticky Customer
15734714,0,1,1,2,Moderate Relationship
15721433,0,3,1,4,Sticky Customer
15590201,2,0,1,3,Moderate Relationship
15590828,0,1,1,2,Moderate Relationship
15752097,0,1,1,2,Moderate Relationship
15800031,2,1,1,4,Sticky Customer
15630857,2,3,1,6,Sticky Customer
15689953,0,1,0,1,At-Risk Customer
15759733,2,3,1,6,Sticky Customer
15810826,0,3,0,3,Moderate Relationship
15668009,2,3,0,5,Sticky Customer
15743456,0,3,1,4,Sticky Customer
15725762,0,1,1,2,Moderate Relationship
15761713,0,1,0,1,At-Risk Customer
15769246,0,1,1,2,Moderate Relationship
15781129,2,3,1,6,Sticky Customer
15599124,0,3,1,4,Sticky Customer
15639004,2,3,1,6,Sticky Customer
15810995,2,1,1,4,Sticky Customer
15653773,2,1,1,4,Sticky Customer
15708357,0,1,1,2,Moderate Relationship
15733597,0,3,0,3,Moderate Relationship
15789560,2,1,1,4,Sticky Customer
15699524,0,1,1,2,Moderate Relationship
15626475,2,3,1,6,Sticky Customer
15810839,0,1,0,1,At-Risk Customer
15684318,2,3,1,6,Sticky Customer
15768120,0,3,1,4,Sticky Customer
15712807,2,1,1,4,Sticky Customer
15696371,0,1,0,1,At-Risk Customer
15675794,0,1,1,2,Moderate Relationship
15774277,2,3,1,6,Sticky Customer
15603764,2,1,1,4,Sticky Customer
15618647,2,1,1,4,Sticky Customer
15614643,0,3,1,4,Sticky Customer
15707696,2,3,1,6,Sticky Customer
15749583,0,0,0,0,At-Risk Customer
15815125,2,3,1,6,Sticky Customer
15779620,2,1,0,3,Moderate Relationship
15768233,2,1,0,3,Moderate Relationship
15637788,0,1,1,2,Moderate Relationship
15777046,0,1,1,2,Moderate Relationship
15788723,2,3,1,6,Sticky Customer
15790489,2,1,0,3,Moderate Relationship
15739476,2,1,1,4,Sticky Customer
15612670,2,3,1,6,Sticky Customer
15631222,2,1,1,4,Sticky Customer
15658972,0,1,1,2,Moderate Relationship
15724691,2,3,1,6,Sticky Customer
15740442,0,1,1,2,Moderate Relationship
15760427,0,1,1,2,Moderate Relationship
15677939,2,3,1,6,Sticky Customer
15611599,2,3,1,6,Sticky Customer
15633474,2,1,1,4,Sticky Customer
15671973,2,3,1,6,Sticky Customer
15790019,2,1,1,4,Sticky Customer
15737735,2,1,1,4,Sticky Customer
15661745,2,1,0,3,Moderate Relationship
15797065,2,3,0,5,Sticky Customer
15710671,0,1,0,1,At-Risk Customer
15656522,0,1,1,2,Moderate Relationship
15705085,0,3,1,4,Sticky Customer
15744873,0,1,0,1,At-Risk Customer
15781914,2,3,1,6,Sticky Customer
15637354,2,3,1,6,Sticky Customer
15717307,0,3,1,4,Sticky Customer
15746695,0,1,1,2,Moderate Relationship
15804962,2,1,1,4,Sticky Customer
15665378,0,3,1,4,Sticky Customer
15757865,2,3,1,6,Sticky Customer
15578787,0,1,1,2,Moderate Relationship
15794323,0,1,1,2,Moderate Relationship
15697546,0,3,1,4,Sticky Customer
15629519,2,3,1,6,Sticky Customer
15624703,0,3,1,4,Sticky Customer
15570002,0,0,0,0,At-Risk Customer
15808566,2,3,1,6,Sticky Customer
15805463,2,3,1,6,Sticky Customer
15709136,2,3,1,6,Sticky Customer
15801605,2,3,1,6,Sticky Customer
15567855,0,3,0,3,Moderate Relationship
15675141,0,1,1,2,Moderate Relationship
15665759,2,1,1,4,Sticky Customer
15761487,2,1,0,3,Moderate Relationship
15700394,0,3,1,4,Sticky Customer
15631162,2,3,0,5,Sticky Customer
15630641,2,1,1,4,Sticky Customer
15585066,2,1,0,3,Moderate Relationship
15722991,0,1,0,1,At-Risk Customer
15737404,2,1,1,4,Sticky Customer
15722409,2,1,1,4,Sticky Customer
15806420,0,3,1,4,Sticky Customer
15658148,0,3,1,4,Sticky Customer
15810660,2,3,0,5,Sticky Customer
15709780,2,3,1,6,Sticky Customer
15727350,0,1,0,1,At-Risk Customer
15752312,2,3,1,6,Sticky Customer
15616745,2,1,1,4,Sticky Customer
15572294,0,1,0,1,At-Risk Customer
15674110,2,1,0,3,Moderate Relationship
15662501,0,1,1,2,Moderate Relationship
15649239,0,3,1,4,Sticky Customer
15700424,2,1,1,4,Sticky Customer
15636388,0,1,1,2,Moderate Relationship
15713975,0,1,1,2,Moderate Relationship
15592925,2,0,0,2,Moderate Relationship
15581626,2,1,1,4,Sticky Customer
15641319,0,1,0,1,At-Risk Customer
15723481,2,3,0,5,Sticky Customer
15787825,2,1,1,4,Sticky Customer
15710726,2,3,0,5,Sticky Customer
15627195,0,3,1,4,Sticky Customer
15657957,0,1,1,2,Moderate Relationship
15676117,0,1,1,2,Moderate Relationship
15607874,2,1,0,3,Moderate Relationship
15796993,0,3,0,3,Moderate Relationship
15649858,2,1,1,4,Sticky Customer
15811032,2,1,1,4,Sticky Customer
15679963,0,1,0,1,At-Risk Customer
15579131,2,3,1,6,Sticky Customer
15572428,2,1,1,4,Sticky Customer
15622461,0,3,0,3,Moderate Relationship
15636105,2,3,1,6,Sticky Customer
15583849,0,3,0,3,Moderate Relationship
15718780,2,1,1,4,Sticky Customer
15739271,2,1,1,4,Sticky Customer
15697129,0,3,1,4,Sticky Customer
15763415,2,1,1,4,Sticky Customer
15796617,0,3,1,4,Sticky Customer
15626628,0,3,1,4,Sticky Customer
15765857,0,1,1,2,Moderate Relationship
15742511,0,1,1,2,Moderate Relationship
15786433,2,3,1,6,Sticky Customer
15685805,0,3,1,4,Sticky Customer
15627971,0,1,0,1,At-Risk Customer
15783025,0,3,1,4,Sticky Customer
15726289,0,1,1,2,Moderate Relationship
15802118,2,1,1,4,Sticky Customer
15607990,2,1,1,4,Sticky Customer
15695932,2,1,0,3,Moderate Relationship
15812279,0,3,0,3,Moderate Relationship
15687558,0,1,1,2,Moderate Relationship
15729065,2,3,1,6,Sticky Customer
15698902,0,1,1,2,Moderate Relationship
15570192,0,1,0,1,At-Risk Customer
15809265,2,1,1,4,Sticky Customer
15745201,2,3,1,6,Sticky Customer
15580623,0,3,0,3,Moderate Relationship
15578156,2,1,1,4,Sticky Customer
15631063,0,3,1,4,Sticky Customer
15692577,0,1,1,2,Moderate Relationship
15810910,2,3,1,6,Sticky Customer
15723217,0,1,1,2,Moderate Relationship
15733111,2,1,1,4,Sticky Customer
15610727,0,1,1,2,Moderate Relationship
15792720,0,1,0,1,At-Risk Customer
15723153,0,3,1,4,Sticky Customer
15802823,2,3,1,6,Sticky Customer
15756118,0,1,1,2,Moderate Relationship
15684934,2,3,1,6,Sticky Customer
15776936,2,1,0,3,Moderate Relationship
15729087,2,3,0,5,Sticky Customer
15786463,0,3,0,3,Moderate Relationship
15717498,2,3,0,5,Sticky Customer
15718406,0,3,1,4,Sticky Customer
15799468,0,1,0,1,At-Risk Customer
15626383,2,1,0,3,Moderate Relationship
15597385,2,3,0,5,Sticky Customer
15570271,2,1,1,4,Sticky Customer
15690330,2,1,0,3,Moderate Relationship
15680611,2,0,1,3,Moderate Relationship
15810227,2,3,1,6,Sticky Customer
15807194,0,3,1,4,Sticky Customer
15712199,2,3,1,6,Sticky Customer
15694995,2,3,0,5,Sticky Customer
15723400,2,3,1,6,Sticky Customer
15654772,2,3,0,5,Sticky Customer
15574743,2,1,1,4,Sticky Customer
15807593,0,1,0,1,At-Risk Customer
15686718,2,1,0,3,Moderate Relationship
15695299,0,1,1,2,Moderate Relationship
15722701,0,1,1,2,Moderate Relationship
15799635,0,1,0,1,At-Risk Customer
15742323,0,3,1,4,Sticky Customer
15658435,0,3,0,3,Moderate Relationship
15586029,0,3,1,4,Sticky Customer
15772337,2,1,1,4,Sticky Customer
15807555,0,3,1,4,Sticky Customer
15603378,2,1,0,3,Moderate Relationship
15792862,0,1,1,2,Moderate Relationship
15657349,0,1,0,1,At-Risk Customer
15777614,2,3,1,6,Sticky Customer
15653952,2,1,1,4,Sticky Customer
15724336,0,1,1,2,Moderate Relationship
15689594,0,1,0,1,At-Risk Customer
15801920,0,3,0,3,Moderate Relationship
15653347,0,1,0,1,At-Risk Customer
15749951,0,1,1,2,Moderate Relationship
15648178,2,1,0,3,Moderate Relationship
15738662,0,1,1,2,Moderate Relationship
15640855,0,3,1,4,Sticky Customer
15584288,2,3,1,6,Sticky Customer
15760988,0,3,0,3,Moderate Relationship
15569624,0,3,1,4,Sticky Customer
15597949,0,1,1,2,Moderate Relationship
15604551,0,3,1,4,Sticky Customer
15617476,2,3,0,5,Sticky Customer
15645323,2,1,1,4,Sticky Customer
15793311,2,3,0,5,Sticky Customer
15764153,2,3,1,6,Sticky Customer
15802560,2,1,1,4,Sticky Customer
15728608,2,3,0,5,Sticky Customer
15770474,2,0,0,2,Moderate Relationship
15724444,2,3,1,6,Sticky Customer
15753110,0,3,1,4,Sticky Customer
15711521,2,1,1,4,Sticky Customer
15632816,2,1,1,4,Sticky Customer
15693637,2,3,1,6,Sticky Customer
15725509,2,3,1,6,Sticky Customer
15684645,0,3,1,4,Sticky Customer
15692235,0,3,1,4,Sticky Customer
15777459,2,3,1,6,Sticky Customer
15656937,0,1,1,2,Moderate Relationship
15610643,0,1,1,2,Moderate Relationship
15777315,0,3,0,3,Moderate Relationship
15611058,2,3,1,6,Sticky Customer
15630413,2,3,1,6,Sticky Customer
15635942,0,3,1,4,Sticky Customer
15648858,2,1,0,3,Moderate Relationship
15810732,0,3,1,4,Sticky Customer
15705448,2,1,1,4,Sticky Customer
15730488,2,1,0,3,Moderate Relationship
15620443,2,3,1,6,Sticky Customer
15741078,2,3,0,5,Sticky Customer
15753161,0,3,1,4,Sticky Customer
15711396,2,3,1,6,Sticky Customer
15593499,0,1,1,2,Moderate Relationship
15579189,2,3,0,5,Sticky Customer
15743545,0,3,1,4,Sticky Customer
15791316,2,3,1,6,Sticky Customer
15608246,2,1,1,4,Sticky Customer
15676526,2,1,1,4,Sticky Customer
15813911,0,1,1,2,Moderate Relationship
15630195,2,1,1,4,Sticky Customer
15736250,2,1,0,3,Moderate Relationship
15671334,0,1,1,2,Moderate Relationship
15574169,0,1,1,2,Moderate Relationship
15718839,2,3,0,5,Sticky Customer
15762331,0,1,1,2,Moderate Relationship
15606901,0,3,1,4,Sticky Customer
15713559,2,3,1,6,Sticky Customer
15768881,2,3,1,6,Sticky Customer
15743075,2,3,1,6,Sticky Customer
15660980,2,3,1,6,Sticky Customer
15810942,2,1,0,3,Moderate Relationship
15728362,0,3,1,4,Sticky Customer
15683339,0,1,1,2,Moderate Relationship
15685476,2,1,0,3,Moderate Relationship
15663650,0,0,1,1,At-Risk Customer
15617434,2,1,0,3,Moderate Relationship
15622470,2,1,1,4,Sticky Customer
15703682,0,1,0,1,At-Risk Customer
15727391,0,3,1,4,Sticky Customer
15711062,2,3,1,6,Sticky Customer
15567339,2,1,1,4,Sticky Customer
15760662,2,1,1,4,Sticky Customer
15605737,0,3,1,4,Sticky Customer
15692977,0,3,0,3,Moderate Relationship
15672082,0,3,1,4,Sticky Customer
15600280,0,3,0,3,Moderate Relationship
15804052,2,3,1,6,Sticky Customer
15576065,2,1,1,4,Sticky Customer
15796838,2,1,0,3,Moderate Relationship
15693526,0,1,1,2,Moderate Relationship
15748595,2,3,1,6,Sticky Customer
15679029,0,1,0,1,At-Risk Customer
15753639,0,3,0,3,Moderate Relationship
15604138,0,1,0,1,At-Risk Customer
15666095,2,3,0,5,Sticky Customer
15643487,0,1,0,1,At-Risk Customer
15764033,0,1,1,2,Moderate Relationship
15747288,2,1,0,3,Moderate Relationship
15790599,2,3,1,6,Sticky Customer
15737705,0,1,1,2,Moderate Relationship
15737194,0,3,1,4,Sticky Customer
15726776,2,1,1,4,Sticky Customer
15804357,2,1,1,4,Sticky Customer
15664432,0,1,1,2,Moderate Relationship
15688984,0,1,1,2,Moderate Relationship
15583026,0,1,1,2,Moderate Relationship
15771668,0,1,0,1,At-Risk Customer
15779904,2,3,1,6,Sticky Customer
15784323,0,3,0,3,Moderate Relationship
15756277,0,3,1,4,Sticky Customer
15663312,0,3,1,4,Sticky Customer
15793197,0,1,0,1,At-Risk Customer
15731463,2,1,1,4,Sticky Customer
15621768,0,1,0,1,At-Risk Customer
15691323,0,3,1,4,Sticky Customer
15781326,0,1,0,1,At-Risk Customer
15595640,0,3,0,3,Moderate Relationship
15814331,0,3,1,4,Sticky Customer
15602030,2,1,1,4,Sticky Customer
15747974,0,3,1,4,Sticky Customer
15611315,0,1,1,2,Moderate Relationship
15636977,0,0,1,1,At-Risk Customer
15690337,0,3,1,4,Sticky Customer
15680666,0,3,1,4,Sticky Customer
15679551,2,1,1,4,Sticky Customer
15778915,2,3,0,5,Sticky Customer
15568849,2,1,1,4,Sticky Customer
15747762,0,1,0,1,At-Risk Customer
15753679,2,3,1,6,Sticky Customer
15750049,0,1,0,1,At-Risk Customer
15606097,2,1,1,4,Sticky Customer
15802368,2,1,1,4,Sticky Customer
15767488,0,3,1,4,Sticky Customer
15669946,2,1,1,4,Sticky Customer
15612103,2,1,1,4,Sticky Customer
15645353,0,1,1,2,Moderate Relationship
15650018,0,1,0,1,At-Risk Customer
15659002,0,3,0,3,Moderate Relationship
15616028,2,0,0,2,Moderate Relationship
15660475,2,1,0,3,Moderate Relationship
15652615,2,1,1,4,Sticky Customer
15653572,2,1,0,3,Moderate Relationship
15628059,2,3,1,6,Sticky Customer
15703413,0,1,1,2,Moderate Relationship
15610433,0,3,1,4,Sticky Customer
15770548,0,1,1,2,Moderate Relationship
15645637,2,1,1,4,Sticky Customer
15590888,0,3,0,3,Moderate Relationship
15568326,0,3,1,4,Sticky Customer
15655368,0,1,0,1,At-Risk Customer
15665579,0,1,1,2,Moderate Relationship
15676091,2,1,1,4,Sticky Customer
15716984,0,3,1,4,Sticky Customer
15715078,2,3,1,6,Sticky Customer
15569452,2,3,0,5,Sticky Customer
15628863,2,1,1,4,Sticky Customer
15778192,2,3,1,6,Sticky Customer
15793723,0,3,1,4,Sticky Customer
15798943,0,3,1,4,Sticky Customer
15764708,0,1,1,2,Moderate Relationship
15791040,2,3,1,6,Sticky Customer
15631512,0,1,1,2,Moderate Relationship
15640106,0,1,0,1,At-Risk Customer
15710315,0,1,0,1,At-Risk Customer
15771535,0,3,1,4,Sticky Customer
15611947,0,1,1,2,Moderate Relationship
15670266,2,1,1,4,Sticky Customer
15609083,0,1,1,2,Moderate Relationship
15567923,0,1,0,1,At-Risk Customer
15788183,0,3,1,4,Sticky Customer
15735782,0,1,1,2,Moderate Relationship
15774401,0,3,0,3,Moderate Relationship
15737971,0,3,1,4,Sticky Customer
15758750,2,1,1,4,Sticky Customer
15611767,0,1,0,1,At-Risk Customer
15643770,0,1,1,2,Moderate Relationship
15744717,2,3,1,6,Sticky Customer
15570681,0,1,1,2,Moderate Relationship
15792650,2,1,1,4,Sticky Customer
15605531,0,3,1,4,Sticky Customer
15605339,2,3,1,6,Sticky Customer
15672216,0,1,0,1,At-Risk Customer
15812893,2,3,1,6,Sticky Customer
15624180,2,0,1,3,Moderate Relationship
15701364,2,3,1,6,Sticky Customer
15762588,2,3,1,6,Sticky Customer
15806318,0,1,1,2,Moderate Relationship
15712596,0,1,1,2,Moderate Relationship
15600399,0,1,1,2,Moderate Relationship
15576216,0,1,1,2,Moderate Relationship
15620750,2,1,1,4,Sticky Customer
15623489,2,1,1,4,Sticky Customer
15667944,2,1,0,3,Moderate Relationship
15584928,2,3,1,6,Sticky Customer
15779913,2,3,1,6,Sticky Customer
15644977,0,3,1,4,Sticky Customer
15749679,2,1,1,4,Sticky Customer
15629010,2,1,1,4,Sticky Customer
15768465,2,3,1,6,Sticky Customer
15767781,0,1,1,2,Moderate Relationship
15635364,2,0,1,3,Moderate Relationship
15722004,0,1,0,1,At-Risk Customer
15766044,0,1,1,2,Moderate Relationship
15586680,0,1,1,2,Moderate Relationship
15635388,0,1,1,2,Moderate Relationship
15655175,0,3,1,4,Sticky Customer
15639133,0,3,1,4,Sticky Customer
15799653,2,3,1,6,Sticky Customer
15723872,2,3,0,5,Sticky Customer
15775627,2,3,0,5,Sticky Customer
15630704,0,3,1,4,Sticky Customer
15815534,2,1,1,4,Sticky Customer
15697249,0,1,1,2,Moderate Relationship
15681316,0,3,1,4,Sticky Customer
15682523,2,1,1,4,Sticky Customer
15650244,0,3,1,4,Sticky Customer
15648638,0,3,1,4,Sticky Customer
15795747,2,1,0,3,Moderate Relationship
15607330,2,1,0,3,Moderate Relationship
15624013,0,1,1,2,Moderate Relationship
15800805,2,1,0,3,Moderate Relationship
15667321,2,3,1,6,Sticky Customer
15601116,2,3,1,6,Sticky Customer
15622033,0,0,1,1,At-Risk Customer
15758451,0,1,1,2,Moderate Relationship
15688689,2,3,1,6,Sticky Customer
15652674,2,1,1,4,Sticky Customer
15806327,0,3,1,4,Sticky Customer
15649618,2,3,0,5,Sticky Customer
15677117,2,3,1,6,Sticky Customer
15751445,2,3,0,5,Sticky Customer
15749669,2,3,1,6,Sticky Customer
15656351,2,3,1,6,Sticky Customer
15667438,0,1,0,1,At-Risk Customer
15682273,0,1,1,2,Moderate Relationship
15580912,2,3,1,6,Sticky Customer
15785183,2,3,1,6,Sticky Customer
15705383,2,1,1,4,Sticky Customer
15712903,2,1,1,4,Sticky Customer
15774285,2,1,1,4,Sticky Customer
15583138,0,3,1,4,Sticky Customer
15740160,2,3,1,6,Sticky Customer
15793425,2,1,0,3,Moderate Relationship
15749265,2,1,1,4,Sticky Customer
15623989,0,1,1,2,Moderate Relationship
15604832,2,1,1,4,Sticky Customer
15584580,0,1,0,1,At-Risk Customer
15573854,2,3,0,5,Sticky Customer
15614847,2,1,0,3,Moderate Relationship
15679966,2,1,1,4,Sticky Customer
15799435,0,1,1,2,Moderate Relationship
15752186,0,3,1,4,Sticky Customer
15705544,2,1,0,3,Moderate Relationship
15713632,0,1,0,1,At-Risk Customer
15586523,2,1,1,4,Sticky Customer
15609176,2,3,0,5,Sticky Customer
15769308,0,3,1,4,Sticky Customer
15676810,2,3,1,6,Sticky Customer
15634591,2,1,1,4,Sticky Customer
15679804,2,3,1,6,Sticky Customer
15677764,2,3,1,6,Sticky Customer
15571917,0,3,1,4,Sticky Customer
15574608,2,1,1,4,Sticky Customer
15740868,2,1,1,4,Sticky Customer
15702442,2,3,1,6,Sticky Customer
15699797,0,1,0,1,At-Risk Customer
15648047,0,3,0,3,Moderate Relationship
15766826,0,1,1,2,Moderate Relationship
15591628,0,1,1,2,Moderate Relationship
15583857,0,3,0,3,Moderate Relationship
15752534,2,3,1,6,Sticky Customer
15741403,0,1,0,1,At-Risk Customer
15783589,0,3,0,3,Moderate Relationship
15598046,0,3,1,4,Sticky Customer
15643330,2,3,0,5,Sticky Customer
15680405,2,3,1,6,Sticky Customer
15728683,2,3,0,5,Sticky Customer
15621644,2,1,0,3,Moderate Relationship
15733032,2,3,1,6,Sticky Customer
15608381,0,1,1,2,Moderate Relationship
15658946,0,3,1,4,Sticky Customer
15757912,0,1,0,1,At-Risk Customer
15645371,2,1,1,4,Sticky Customer
15653110,0,1,1,2,Moderate Relationship
15766355,0,0,1,1,At-Risk Customer
15585249,0,1,1,2,Moderate Relationship
15611786,2,1,0,3,Moderate Relationship
15575486,2,3,1,6,Sticky Customer
15780215,2,3,1,6,Sticky Customer
15686099,0,1,1,2,Moderate Relationship
15739042,0,3,1,4,Sticky Customer
15815316,0,0,1,1,At-Risk Customer
15778489,2,3,1,6,Sticky Customer
15786389,2,3,1,6,Sticky Customer
15601787,2,1,0,3,Moderate Relationship
15624715,2,1,1,4,Sticky Customer
15763093,0,3,1,4,Sticky Customer
15572073,2,3,1,6,Sticky Customer
15780256,2,3,1,6,Sticky Customer
15659305,2,1,1,4,Sticky Customer
15638882,0,1,1,2,Moderate Relationship
15714680,2,1,1,4,Sticky Customer
15777217,2,3,1,6,Sticky Customer
15739123,0,3,1,4,Sticky Customer
15594450,0,1,1,2,Moderate Relationship
15797751,2,1,1,4,Sticky Customer
15691543,2,1,1,4,Sticky Customer
15722845,2,3,1,6,Sticky Customer
15605804,0,3,1,4,Sticky Customer
15702061,2,3,1,6,Sticky Customer
15694321,0,3,1,4,Sticky Customer
15798749,0,3,1,4,Sticky Customer
15720050,0,1,1,2,Moderate Relationship
15758048,2,1,1,4,Sticky Customer
15805681,2,1,1,4,Sticky Customer
15802809,2,1,1,4,Sticky Customer
15807239,0,1,0,1,At-Risk Customer
15749093,0,3,0,3,Moderate Relationship
15689344,2,0,0,2,Moderate Relationship
15606076,2,1,1,4,Sticky Customer
15610090,0,3,1,4,Sticky Customer
15693926,2,1,1,4,Sticky Customer
15791501,2,3,1,6,Sticky Customer
15621870,0,1,1,2,Moderate Relationship
15734711,0,1,1,2,Moderate Relationship
15814405,2,1,1,4,Sticky Customer
15729359,2,3,1,6,Sticky Customer
15606944,0,1,1,2,Moderate Relationship
15671934,2,1,0,3,Moderate Relationship
15641773,2,3,1,6,Sticky Customer
15701972,2,1,1,4,Sticky Customer
15749114,2,3,1,6,Sticky Customer
15780362,0,3,1,4,Sticky Customer
15753229,2,1,1,4,Sticky Customer
15656009,0,1,1,2,Moderate Relationship
15785024,0,1,1,2,Moderate Relationship
15670492,0,3,1,4,Sticky Customer
15795458,2,1,1,4,Sticky Customer
15732438,0,0,0,0,At-Risk Customer
15781987,2,1,1,4,Sticky Customer
15775826,2,1,0,3,Moderate Relationship
15807457,0,3,1,4,Sticky Customer
15632538,2,1,1,4,Sticky Customer
15641389,0,3,1,4,Sticky Customer
15657306,0,1,0,1,At-Risk Customer
15709447,0,1,1,2,Moderate Relationship
15762682,0,3,1,4,Sticky Customer
15626042,2,3,1,6,Sticky Customer
15597109,2,1,0,3,Moderate Relationship
15756148,2,1,1,4,Sticky Customer
15665634,2,1,1,4,Sticky Customer
15739997,2,3,0,5,Sticky Customer
15686242,0,1,0,1,At-Risk Customer
15759244,2,3,1,6,Sticky Customer
15672027,0,3,1,4,Sticky Customer
15594576,0,1,0,1,At-Risk Customer
15707138,2,3,1,6,Sticky Customer
15756954,2,1,1,4,Sticky Customer
15619130,2,3,1,6,Sticky Customer
15639665,2,3,1,6,Sticky Customer
15571065,0,3,1,4,Sticky Customer
15686060,0,1,1,2,Moderate Relationship
15615753,2,1,1,4,Sticky Customer
15800961,2,3,0,5,Sticky Customer
15763065,0,3,1,4,Sticky Customer
15672467,2,3,0,5,Sticky Customer
15752915,2,3,1,6,Sticky Customer
15744695,2,1,1,4,Sticky Customer
15584897,0,1,0,1,At-Risk Customer
15601857,0,1,0,1,At-Risk Customer
15674156,2,1,1,4,Sticky Customer
15695465,0,1,1,2,Moderate Relationship
15792232,0,3,0,3,Moderate Relationship
15807900,2,1,1,4,Sticky Customer
15743760,2,3,1,6,Sticky Customer
15652835,2,1,0,3,Moderate Relationship
15767818,0,1,1,2,Moderate Relationship
15591150,2,3,0,5,Sticky Customer
15734659,0,3,1,4,Sticky Customer
15796115,0,0,1,1,At-Risk Customer
15724648,0,1,0,1,At-Risk Customer
15737732,0,3,1,4,Sticky Customer
15632280,0,1,1,2,Moderate Relationship
15750407,0,3,0,3,Moderate Relationship
15795370,0,1,1,2,Moderate Relationship
15656829,0,3,1,4,Sticky Customer
15643794,2,1,1,4,Sticky Customer
15798605,2,1,1,4,Sticky Customer
15637324,2,3,0,5,Sticky Customer
15589589,0,1,1,2,Moderate Relationship
15778936,0,1,1,2,Moderate Relationship
15757385,0,1,1,2,Moderate Relationship
15666200,2,3,1,6,Sticky Customer
15683977,2,3,1,6,Sticky Customer
15675518,0,3,0,3,Moderate Relationship
15584812,0,3,0,3,Moderate Relationship
15752984,2,3,1,6,Sticky Customer
15577913,2,1,1,4,Sticky Customer
15591980,2,3,1,6,Sticky Customer
15598948,2,1,0,3,Moderate Relationship
15574142,2,3,1,6,Sticky Customer
15582903,2,3,1,6,Sticky Customer
15733229,0,3,0,3,Moderate Relationship
15635752,2,3,1,6,Sticky Customer
15771000,0,0,1,1,At-Risk Customer
15804864,2,1,1,4,Sticky Customer
15641175,0,0,0,0,At-Risk Customer
15692226,2,1,1,4,Sticky Customer
15584156,0,0,0,0,At-Risk Customer
15702656,0,1,1,2,Moderate Relationship
15606552,2,3,1,6,Sticky Customer
15687001,2,1,1,4,Sticky Customer
15781903,2,3,1,6,Sticky Customer
15731951,0,1,1,2,Moderate Relationship
15580953,2,1,0,3,Moderate Relationship
15810390,2,3,0,5,Sticky Customer
15628274,0,3,1,4,Sticky Customer
15615444,2,3,1,6,Sticky Customer
15784010,0,1,1,2,Moderate Relationship
15571586,0,1,1,2,Moderate Relationship
15748616,0,3,1,4,Sticky Customer
15769402,2,1,1,4,Sticky Customer
15739248,2,3,1,6,Sticky Customer
15603481,2,3,1,6,Sticky Customer
15723604,0,1,1,2,Moderate Relationship
15797822,2,1,1,4,Sticky Customer
15665064,0,3,1,4,Sticky Customer
15640580,0,1,1,2,Moderate Relationship
15581089,2,3,1,6,Sticky Customer
15728605,2,3,0,5,Sticky Customer
15737385,0,3,1,4,Sticky Customer
15714789,2,1,0,3,Moderate Relationship
15786035,0,3,1,4,Sticky Customer
15815259,2,3,1,6,Sticky Customer
15592716,0,1,1,2,Moderate Relationship
15734850,0,1,1,2,Moderate Relationship
15638047,0,3,1,4,Sticky Customer
15674573,2,1,1,4,Sticky Customer
15694859,2,3,1,6,Sticky Customer
15776404,2,1,1,4,Sticky Customer
15579345,2,1,1,4,Sticky Customer
15690733,0,3,0,3,Moderate Relationship
15631481,2,3,1,6,Sticky Customer
15620988,0,3,1,4,Sticky Customer
15571529,0,1,1,2,Moderate Relationship
15592104,0,1,0,1,At-Risk Customer
15651900,0,1,1,2,Moderate Relationship
15596212,0,3,0,3,Moderate Relationship
15710687,0,1,1,2,Moderate Relationship
15613787,0,1,1,2,Moderate Relationship
15599211,0,3,1,4,Sticky Customer
15675983,2,1,0,3,Moderate Relationship
15622370,2,1,0,3,Moderate Relationship
15656319,0,1,1,2,Moderate Relationship
15605130,2,1,1,4,Sticky Customer
15672574,2,1,1,4,Sticky Customer
15659355,2,3,1,6,Sticky Customer
15777907,2,1,1,4,Sticky Customer
15655171,2,1,1,4,Sticky Customer
15619674,2,1,1,4,Sticky Customer
15775192,0,1,1,2,Moderate Relationship
15617657,2,1,1,4,Sticky Customer
15688951,2,3,0,5,Sticky Customer
15763460,0,1,1,2,Moderate Relationship
15756992,0,3,1,4,Sticky Customer
15617454,2,3,0,5,Sticky Customer
15701932,2,1,1,4,Sticky Customer
15700813,0,3,1,4,Sticky Customer
15645600,2,1,1,4,Sticky Customer
15634146,2,1,1,4,Sticky Customer
15686743,2,3,1,6,Sticky Customer
15698792,2,1,0,3,Moderate Relationship
15591724,0,1,1,2,Moderate Relationship
15571281,2,1,1,4,Sticky Customer
15661380,2,3,0,5,Sticky Customer
15728885,2,1,1,4,Sticky Customer
15618950,2,3,1,6,Sticky Customer
15609804,0,3,1,4,Sticky Customer
15735849,2,3,0,5,Sticky Customer
15652948,0,1,1,2,Moderate Relationship
15618155,2,1,1,4,Sticky Customer
15566378,2,1,0,3,Moderate Relationship
15565879,2,3,1,6,Sticky Customer
15792922,2,1,1,4,Sticky Customer
15770567,2,1,1,4,Sticky Customer
15738042,2,3,1,6,Sticky Customer
15714920,2,1,1,4,Sticky Customer
15782121,0,3,1,4,Sticky Customer
15673180,0,3,1,4,Sticky Customer
15660636,0,3,1,4,Sticky Customer
15664504,2,3,1,6,Sticky Customer
15790322,0,1,1,2,Moderate Relationship
15739847,0,1,1,2,Moderate Relationship
15699415,0,1,1,2,Moderate Relationship
15665521,2,3,0,5,Sticky Customer
15682868,2,1,1,4,Sticky Customer
15584462,0,1,1,2,Moderate Relationship
15661708,2,3,1,6,Sticky Customer
15584452,0,3,0,3,Moderate Relationship
15717010,2,1,1,4,Sticky Customer
15643828,2,3,1,6,Sticky Customer
15733361,0,1,1,2,Moderate Relationship
15795488,0,3,1,4,Sticky Customer
15581551,2,1,1,4,Sticky Customer
15632051,0,1,1,2,Moderate Relationship
15780409,0,3,1,4,Sticky Customer
15572767,0,3,1,4,Sticky Customer
15590337,2,1,1,4,Sticky Customer
15634551,0,0,1,1,At-Risk Customer
15669290,2,1,1,4,Sticky Customer
15621140,2,3,1,6,Sticky Customer
15613518,2,1,0,3,Moderate Relationship
15728043,0,3,1,4,Sticky Customer
15570073,2,1,1,4,Sticky Customer
15777033,2,3,1,6,Sticky Customer
15682454,2,3,1,6,Sticky Customer
15758513,0,3,1,4,Sticky Customer
15772604,0,3,1,4,Sticky Customer
15721715,2,1,1,4,Sticky Customer
15688563,0,3,1,4,Sticky Customer
15772009,2,1,1,4,Sticky Customer
15809585,0,3,1,4,Sticky Customer
15593778,0,0,1,1,At-Risk Customer
15655360,0,1,1,2,Moderate Relationship
15780909,0,1,0,1,At-Risk Customer
15757310,2,1,1,4,Sticky Customer
15801411,0,1,1,2,Moderate Relationship
15761706,2,1,1,4,Sticky Customer
15658409,2,0,1,3,Moderate Relationship
15810010,0,3,1,4,Sticky Customer
15627027,2,3,1,6,Sticky Customer
15624374,2,3,0,5,Sticky Customer
15720083,2,3,0,5,Sticky Customer
15752294,2,0,1,3,Moderate Relationship
15743193,0,3,1,4,Sticky Customer
15696733,0,1,1,2,Moderate Relationship
15677522,0,3,0,3,Moderate Relationship
15643523,0,3,1,4,Sticky Customer
15624936,2,1,1,4,Sticky Customer
15716085,0,1,1,2,Moderate Relationship
15641688,2,1,0,3,Moderate Relationship
15796834,2,3,1,6,Sticky Customer
15720123,0,3,1,4,Sticky Customer
15604732,0,3,0,3,Moderate Relationship
15723484,0,1,1,2,Moderate Relationship
15807120,0,1,1,2,Moderate Relationship
15810891,2,3,0,5,Sticky Customer
15640407,2,3,1,6,Sticky Customer
15778838,0,1,1,2,Moderate Relationship
15709256,2,3,1,6,Sticky Customer
15742285,2,1,1,4,Sticky Customer
15729019,0,1,1,2,Moderate Relationship
15608588,2,1,1,4,Sticky Customer
15610557,2,3,1,6,Sticky Customer
15786418,2,1,0,3,Moderate Relationship
15653050,0,1,1,2,Moderate Relationship
15744914,0,1,1,2,Moderate Relationship
15669611,2,1,1,4,Sticky Customer
15594786,2,1,1,4,Sticky Customer
15649211,0,1,1,2,Moderate Relationship
15766066,0,1,0,1,At-Risk Customer
15772216,2,1,0,3,Moderate Relationship
15619898,2,3,1,6,Sticky Customer
15724543,2,3,1,6,Sticky Customer
15755084,0,1,1,2,Moderate Relationship
15730441,2,3,1,6,Sticky Customer
15666767,0,1,0,1,At-Risk Customer
15690456,2,1,0,3,Moderate Relationship
15570533,2,1,0,3,Moderate Relationship
15797692,0,1,1,2,Moderate Relationship
15603135,0,1,0,1,At-Risk Customer
15698927,2,3,0,5,Sticky Customer
15687363,2,3,1,6,Sticky Customer
15733444,0,3,0,3,Moderate Relationship
15678057,0,3,0,3,Moderate Relationship
15806918,2,1,1,4,Sticky Customer
15638247,0,3,1,4,Sticky Customer
15674833,0,3,1,4,Sticky Customer
15812534,2,0,0,2,Moderate Relationship
15586522,0,1,1,2,Moderate Relationship
15794297,0,3,1,4,Sticky Customer
15737025,0,0,0,0,At-Risk Customer
15615931,2,3,0,5,Sticky Customer
15664860,0,3,1,4,Sticky Customer
15664539,0,1,0,1,At-Risk Customer
15583692,0,3,1,4,Sticky Customer
15693131,2,1,1,4,Sticky Customer
15779973,2,1,1,4,Sticky Customer
15620557,2,1,0,3,Moderate Relationship
15639549,0,1,0,1,At-Risk Customer
15618750,0,1,1,2,Moderate Relationship
15796790,0,1,1,2,Moderate Relationship
15668309,2,1,1,4,Sticky Customer
15732437,2,3,1,6,Sticky Customer
15665158,2,1,0,3,Moderate Relationship
15689322,0,1,1,2,Moderate Relationship
15596624,2,3,1,6,Sticky Customer
15601977,2,1,0,3,Moderate Relationship
15801462,2,3,1,6,Sticky Customer
15566139,0,1,1,2,Moderate Relationship
15791006,0,1,1,2,Moderate Relationship
15668057,0,1,1,2,Moderate Relationship
15580805,0,3,1,4,Sticky Customer
15658768,0,1,0,1,At-Risk Customer
15613048,2,1,1,4,Sticky Customer
15803654,2,1,1,4,Sticky Customer
15662337,2,3,0,5,Sticky Customer
15650924,2,3,1,6,Sticky Customer
15647203,0,1,1,2,Moderate Relationship
15682778,2,3,1,6,Sticky Customer
15579820,0,1,1,2,Moderate Relationship
15709354,2,3,1,6,Sticky Customer
15728480,2,3,1,6,Sticky Customer
15641091,0,1,0,1,At-Risk Customer
15603111,0,1,1,2,Moderate Relationship
15679693,2,3,0,5,Sticky Customer
15797190,0,1,0,1,At-Risk Customer
15788025,2,3,1,6,Sticky Customer
15646168,0,3,1,4,Sticky Customer
15580493,0,1,1,2,Moderate Relationship
15726720,0,1,1,2,Moderate Relationship
15735799,2,1,1,4,Sticky Customer
15773098,0,3,0,3,Moderate Relationship
15668971,0,3,1,4,Sticky Customer
15603221,2,1,0,3,Moderate Relationship
15740043,2,1,1,4,Sticky Customer
15712264,2,3,1,6,Sticky Customer
15751926,2,3,1,6,Sticky Customer
15589401,0,3,1,4,Sticky Customer
15742019,0,3,0,3,Moderate Relationship
15660611,2,3,1,6,Sticky Customer
15607634,2,3,0,5,Sticky Customer
15595036,0,1,1,2,Moderate Relationship
15745794,2,3,1,6,Sticky Customer
15781689,0,3,1,4,Sticky Customer
15696054,2,1,0,3,Moderate Relationship
15752467,2,3,1,6,Sticky Customer
15597739,0,1,1,2,Moderate Relationship
15651336,0,3,1,4,Sticky Customer
15636061,2,3,1,6,Sticky Customer
15723013,2,3,1,6,Sticky Customer
15784148,0,3,0,3,Moderate Relationship
15578098,2,3,1,6,Sticky Customer
15638621,0,1,1,2,Moderate Relationship
15720924,2,1,1,4,Sticky Customer
15566531,2,1,0,3,Moderate Relationship
15718064,0,3,0,3,Moderate Relationship
15605067,0,3,1,4,Sticky Customer
15655335,0,3,1,4,Sticky Customer
15607301,2,1,1,4,Sticky Customer
15694628,0,3,1,4,Sticky Customer
15607112,2,3,0,5,Sticky Customer
15635775,0,1,1,2,Moderate Relationship
15644280,0,1,0,1,At-Risk Customer
15708362,2,3,1,6,Sticky Customer
15771997,0,1,1,2,Moderate Relationship
15730579,2,1,1,4,Sticky Customer
15728005,0,3,1,4,Sticky Customer
15791674,2,3,0,5,Sticky Customer
15754599,2,3,1,6,Sticky Customer
15693690,0,1,1,2,Moderate Relationship
15728963,0,1,0,1,At-Risk Customer
15659710,0,3,1,4,Sticky Customer
15658675,2,1,0,3,Moderate Relationship
15638788,2,1,1,4,Sticky Customer
15609735,0,3,0,3,Moderate Relationship
15771477,0,1,0,1,At-Risk Customer
15570145,0,3,1,4,Sticky Customer
15797149,2,3,1,6,Sticky Customer
15636912,0,1,1,2,Moderate Relationship
15687828,2,1,1,4,Sticky Customer
15667424,2,3,1,6,Sticky Customer
15759872,0,3,1,4,Sticky Customer
15572374,2,3,0,5,Sticky Customer
15754926,0,3,1,4,Sticky Customer
15687431,2,1,1,4,Sticky Customer
15604515,0,3,0,3,Moderate Relationship
15682839,2,1,1,4,Sticky Customer
15624677,0,3,0,3,Moderate Relationship
15646366,2,1,0,3,Moderate Relationship
15701768,2,3,1,6,Sticky Customer
15623566,2,1,1,4,Sticky Customer
15681274,2,1,1,4,Sticky Customer
15762573,0,3,1,4,Sticky Customer
15706458,2,0,1,3,Moderate Relationship
15654222,2,1,0,3,Moderate Relationship
15704053,0,3,1,4,Sticky Customer
15724321,0,1,0,1,At-Risk Customer
15621815,0,1,1,2,Moderate Relationship
15724876,2,1,1,4,Sticky Customer
15696588,2,3,1,6,Sticky Customer
15612832,0,1,0,1,At-Risk Customer
15804295,2,3,1,6,Sticky Customer
15712536,0,3,1,4,Sticky Customer
15662494,2,1,1,4,Sticky Customer
15807728,2,1,0,3,Moderate Relationship
15764916,2,1,0,3,Moderate Relationship
15615330,2,3,1,6,Sticky Customer
15638487,2,1,0,3,Moderate Relationship
15627859,0,1,1,2,Moderate Relationship
15622192,2,3,0,5,Sticky Customer
15789413,2,3,1,6,Sticky Customer
15583221,2,3,1,6,Sticky Customer
15768495,2,3,1,6,Sticky Customer
15644103,2,1,0,3,Moderate Relationship
15741197,0,0,1,1,At-Risk Customer
15664547,0,1,0,1,At-Risk Customer
15797293,0,3,1,4,Sticky Customer
15572021,0,3,1,4,Sticky Customer
15637461,0,3,1,4,Sticky Customer
15620577,2,3,1,6,Sticky Customer
15609643,2,3,0,5,Sticky Customer
15785358,2,1,1,4,Sticky Customer
15603883,2,3,1,6,Sticky Customer
15782550,2,1,1,4,Sticky Customer
15775761,0,0,0,0,At-Risk Customer
15680201,0,3,1,4,Sticky Customer
15767594,2,3,1,6,Sticky Customer
15591985,2,1,1,4,Sticky Customer
15789339,2,1,0,3,Moderate Relationship
15781530,2,3,1,6,Sticky Customer
15705174,2,1,1,4,Sticky Customer
15572114,2,1,1,4,Sticky Customer
15804009,2,3,1,6,Sticky Customer
15662698,2,1,1,4,Sticky Customer
15696047,2,1,1,4,Sticky Customer
15701160,2,1,1,4,Sticky Customer
15790093,0,3,1,4,Sticky Customer
15632143,0,1,0,1,At-Risk Customer
15736778,2,3,1,6,Sticky Customer
15734917,0,3,1,4,Sticky Customer
15643903,0,1,1,2,Moderate Relationship
15569526,0,3,0,3,Moderate Relationship
15777067,2,1,0,3,Moderate Relationship
15795511,0,1,1,2,Moderate Relationship
15610419,2,1,1,4,Sticky Customer
15644994,2,3,0,5,Sticky Customer
15703707,0,1,0,1,At-Risk Customer
15659327,0,1,1,2,Moderate Relationship
15771323,2,1,1,4,Sticky Customer
15750549,2,3,1,6,Sticky Customer
15698462,2,3,1,6,Sticky Customer
15739692,0,3,0,3,Moderate Relationship
15744041,0,1,1,2,Moderate Relationship
15700714,2,3,1,6,Sticky Customer
15777743,2,1,1,4,Sticky Customer
15623143,0,3,1,4,Sticky Customer
15712568,0,1,1,2,Moderate Relationship
15617432,2,1,1,4,Sticky Customer
15650424,2,1,1,4,Sticky Customer
15728829,0,1,1,2,Moderate Relationship
15680430,0,3,1,4,Sticky Customer
15687626,0,3,1,4,Sticky Customer
15609187,0,3,0,3,Moderate Relationship
15609521,2,3,1,6,Sticky Customer
15752626,2,1,0,3,Moderate Relationship
15571756,0,1,1,2,Moderate Relationship
15814040,2,3,1,6,Sticky Customer
15658211,2,3,1,6,Sticky Customer
15742091,0,1,1,2,Moderate Relationship
15787168,2,1,1,4,Sticky Customer
15772363,0,1,1,2,Moderate Relationship
15659364,0,1,0,1,At-Risk Customer
15738980,0,3,1,4,Sticky Customer
15794236,2,3,1,6,Sticky Customer
15721383,2,3,1,6,Sticky Customer
15652981,2,1,1,4,Sticky Customer
15722731,0,1,1,2,Moderate Relationship
15640507,2,0,1,3,Moderate Relationship
15578878,2,1,1,4,Sticky Customer
15744295,0,1,1,2,Moderate Relationship
15776558,2,1,0,3,Moderate Relationship
15596136,2,1,1,4,Sticky Customer
15704597,2,1,0,3,Moderate Relationship
15648272,2,1,1,4,Sticky Customer
15594915,2,3,0,5,Sticky Customer
15581115,0,1,0,1,At-Risk Customer
15763907,0,1,1,2,Moderate Relationship
15705994,0,1,1,2,Moderate Relationship
15772421,2,1,1,4,Sticky Customer
15711572,0,3,1,4,Sticky Customer
15691170,2,1,1,4,Sticky Customer
15600106,0,3,0,3,Moderate Relationship
15745431,2,3,1,6,Sticky Customer
15649508,0,3,1,4,Sticky Customer
15812611,2,3,0,5,Sticky Customer
15619699,0,1,1,2,Moderate Relationship
15813946,0,1,1,2,Moderate Relationship
15762762,0,1,0,1,At-Risk Customer
15629793,0,3,1,4,Sticky Customer
15781298,2,1,0,3,Moderate Relationship
15622658,0,1,1,2,Moderate Relationship
15658980,0,1,1,2,Moderate Relationship
15701936,0,1,1,2,Moderate Relationship
15686917,0,3,1,4,Sticky Customer
15807312,2,3,0,5,Sticky Customer
15574523,2,3,1,6,Sticky Customer
15724200,2,1,0,3,Moderate Relationship
15738224,0,1,1,2,Moderate Relationship
15593283,2,3,1,6,Sticky Customer
15814690,2,1,1,4,Sticky Customer
15807245,0,3,1,4,Sticky Customer
15799358,2,1,0,3,Moderate Relationship
15616172,0,3,1,4,Sticky Customer
15777958,2,3,1,6,Sticky Customer
15809124,2,1,1,4,Sticky Customer
15616367,0,1,0,1,At-Risk Customer
15687385,2,1,1,4,Sticky Customer
15607877,2,3,0,5,Sticky Customer
15736327,2,3,1,6,Sticky Customer
15746704,2,3,1,6,Sticky Customer
15778304,2,1,1,4,Sticky Customer
15588456,2,1,1,4,Sticky Customer
15664035,2,3,1,6,Sticky Customer
15596405,2,3,1,6,Sticky Customer
15815097,0,3,1,4,Sticky Customer
15762708,2,1,1,4,Sticky Customer
15776211,2,3,1,6,Sticky Customer
15626012,0,1,0,1,At-Risk Customer
15792077,0,3,1,4,Sticky Customer
15718765,0,1,0,1,At-Risk Customer
15576615,0,1,1,2,Moderate Relationship
15752650,2,1,1,4,Sticky Customer
15797502,2,1,1,4,Sticky Customer
15687329,0,3,1,4,Sticky Customer
15779423,2,3,1,6,Sticky Customer
15619514,0,1,1,2,Moderate Relationship
15615430,2,1,1,4,Sticky Customer
15716431,2,3,1,6,Sticky Customer
15798341,2,1,1,4,Sticky Customer
15651958,2,3,1,6,Sticky Customer
15726179,2,3,1,6,Sticky Customer
15652999,2,1,1,4,Sticky Customer
15691950,0,3,1,4,Sticky Customer
15632446,0,3,0,3,Moderate Relationship
15620936,2,3,1,6,Sticky Customer
15587640,0,1,1,2,Moderate Relationship
15782231,0,3,1,4,Sticky Customer
15580462,2,1,1,4,Sticky Customer
15736371,2,3,1,6,Sticky Customer
15648032,2,3,0,5,Sticky Customer
15610454,2,1,1,4,Sticky Customer
15671358,0,3,1,4,Sticky Customer
15747130,2,3,0,5,Sticky Customer
15578374,0,1,1,2,Moderate Relationship
15572182,0,0,1,1,At-Risk Customer
15770041,2,1,0,3,Moderate Relationship
15669414,0,3,1,4,Sticky Customer
15777054,0,1,1,2,Moderate Relationship
15621021,0,3,1,4,Sticky Customer
15785490,2,1,1,4,Sticky Customer
15577695,0,1,1,2,Moderate Relationship
15686974,2,1,0,3,Moderate Relationship
15574584,2,1,1,4,Sticky Customer
15719541,0,3,1,4,Sticky Customer
15646310,2,1,1,4,Sticky Customer
15697606,0,1,0,1,At-Risk Customer
15711489,2,1,1,4,Sticky Customer
15670427,0,1,1,2,Moderate Relationship
15731755,0,3,1,4,Sticky Customer
15796370,2,1,0,3,Moderate Relationship
15598331,0,1,1,2,Moderate Relationship
15704795,2,3,1,6,Sticky Customer
15796764,2,0,1,3,Moderate Relationship
15589420,2,1,1,4,Sticky Customer
15810563,2,3,1,6,Sticky Customer
15746569,0,1,1,2,Moderate Relationship
15811594,2,1,1,4,Sticky Customer
15645896,2,3,0,5,Sticky Customer
15802909,2,1,1,4,Sticky Customer
15797665,0,3,1,4,Sticky Customer
15778959,2,3,0,5,Sticky Customer
15722532,2,1,1,4,Sticky Customer
15784124,0,1,1,2,Moderate Relationship
15776518,2,1,1,4,Sticky Customer
15611247,0,3,1,4,Sticky Customer
15721469,0,3,0,3,Moderate Relationship
15773338,2,1,1,4,Sticky Customer
15784042,2,1,1,4,Sticky Customer
15776229,0,1,0,1,At-Risk Customer
15655903,2,1,1,4,Sticky Customer
15590177,2,1,0,3,Moderate Relationship
15568876,0,3,1,4,Sticky Customer
15813140,2,3,0,5,Sticky Customer
15770516,2,3,1,6,Sticky Customer
15755731,2,1,0,3,Moderate Relationship
15574480,0,1,0,1,At-Risk Customer
15798084,0,3,1,4,Sticky Customer
15673020,2,1,0,3,Moderate Relationship
15643575,0,1,0,1,At-Risk Customer
15596811,0,1,1,2,Moderate Relationship
15786789,2,3,1,6,Sticky Customer
15578865,2,1,1,4,Sticky Customer
15605672,2,1,1,4,Sticky Customer
15603674,2,3,1,6,Sticky Customer
15759915,0,1,1,2,Moderate Relationship
15686219,0,3,1,4,Sticky Customer
15696388,2,1,1,4,Sticky Customer
15713604,2,3,0,5,Sticky Customer
15647800,0,1,1,2,Moderate Relationship
15813451,2,3,1,6,Sticky Customer
15765375,0,1,0,1,At-Risk Customer
15774586,2,1,1,4,Sticky Customer
15603454,2,3,0,5,Sticky Customer
15653037,2,1,0,3,Moderate Relationship
15782475,2,3,1,6,Sticky Customer
15593496,0,1,0,1,At-Risk Customer
15808971,2,3,1,6,Sticky Customer
15791972,0,3,0,3,Moderate Relationship
15676869,2,3,0,5,Sticky Customer
15683007,0,1,1,2,Moderate Relationship
15659495,2,1,1,4,Sticky Customer
15703923,2,3,1,6,Sticky Customer
15674000,2,3,0,5,Sticky Customer
15618171,2,3,0,5,Sticky Customer
15732202,2,3,1,6,Sticky Customer
15735078,2,3,1,6,Sticky Customer
15798615,0,1,1,2,Moderate Relationship
15638494,2,1,1,4,Sticky Customer
15763874,2,3,1,6,Sticky Customer
15696355,0,1,1,2,Moderate Relationship
15655952,2,3,1,6,Sticky Customer
15739850,2,1,0,3,Moderate Relationship
15611338,2,3,1,6,Sticky Customer
15707861,0,1,1,2,Moderate Relationship
15672237,0,1,1,2,Moderate Relationship
15657771,2,1,1,4,Sticky Customer
15677783,0,1,1,2,Moderate Relationship
15681026,2,1,1,4,Sticky Customer
15566543,0,3,1,4,Sticky Customer
15594612,0,1,0,1,At-Risk Customer
15814664,0,1,1,2,Moderate Relationship
15642785,0,3,0,3,Moderate Relationship
15690164,0,1,0,1,At-Risk Customer
15590213,2,1,1,4,Sticky Customer
15603794,2,1,1,4,Sticky Customer
15733491,0,3,0,3,Moderate Relationship
15806360,2,1,0,3,Moderate Relationship
15587133,0,3,1,4,Sticky Customer
15721377,0,1,0,1,At-Risk Customer
15747927,0,1,1,2,Moderate Relationship
15806455,2,3,1,6,Sticky Customer
15695474,0,1,1,2,Moderate Relationship
15666295,0,3,1,4,Sticky Customer
15656062,0,1,1,2,Moderate Relationship
15579969,2,3,1,6,Sticky Customer
15703563,0,3,1,4,Sticky Customer
15692664,2,1,0,3,Moderate Relationship
15719276,0,1,0,1,At-Risk Customer
15672754,2,1,1,4,Sticky Customer
15768163,0,1,1,2,Moderate Relationship
15656710,0,1,0,1,At-Risk Customer
15696175,2,3,1,6,Sticky Customer
15586914,0,3,1,4,Sticky Customer
15581736,2,3,0,5,Sticky Customer
15588839,2,3,1,6,Sticky Customer
15589329,0,3,1,4,Sticky Customer
15605622,2,3,1,6,Sticky Customer
15798964,0,1,1,2,Moderate Relationship
15769959,0,1,1,2,Moderate Relationship
15657105,0,1,1,2,Moderate Relationship
15569266,0,1,1,2,Moderate Relationship
15719294,0,3,0,3,Moderate Relationship
15606229,0,3,1,4,Sticky Customer
15569892,2,1,1,4,Sticky Customer
15584532,2,1,0,3,Moderate Relationship
15682355,0,3,1,4,Sticky Customer
15628319,0,1,1,2,Moderate Relationship
